[0.263s] [34mcolcon[0m [1;30mDEBUG[0m [32mCommand line arguments: ['/usr/bin/colcon', 'build'][0m
[0.264s] [34mcolcon[0m [1;30mDEBUG[0m [32mParsed command line arguments: Namespace(log_base=None, log_level=None, verb_name='build', build_base='build', install_base='install', merge_install=False, symlink_install=False, test_result_base=None, continue_on_error=False, executor='parallel', parallel_workers=6, event_handlers=None, ignore_user_meta=False, metas=['./colcon.meta'], base_paths=['.'], packages_ignore=None, packages_ignore_regex=None, paths=None, packages_up_to=None, packages_up_to_regex=None, packages_above=None, packages_above_and_dependencies=None, packages_above_depth=None, packages_select_by_dep=None, packages_skip_by_dep=None, packages_skip_up_to=None, packages_select_build_failed=False, packages_skip_build_finished=False, packages_select_test_failures=False, packages_skip_test_passed=False, packages_select=None, packages_skip=None, packages_select_regex=None, packages_skip_regex=None, packages_start=None, packages_end=None, allow_overriding=[], cmake_args=None, cmake_target=None, cmake_target_skip_unavailable=False, cmake_clean_cache=False, cmake_clean_first=False, cmake_force_configure=False, ament_cmake_args=None, catkin_cmake_args=None, catkin_skip_building_tests=False, verb_parser=<colcon_defaults.argument_parser.defaults.DefaultArgumentsDecorator object at 0xffff8826ea40>, verb_extension=<colcon_core.verb.build.BuildVerb object at 0xffff88373ee0>, main=<bound method BuildVerb.main of <colcon_core.verb.build.BuildVerb object at 0xffff88373ee0>>)[0m
[0.673s] [34mcolcon.colcon_core.package_discovery[0m [1;30mLevel 1[0m discover_packages(colcon_meta) check parameters
[0.674s] [34mcolcon.colcon_core.package_discovery[0m [1;30mLevel 1[0m discover_packages(recursive) check parameters
[0.674s] [34mcolcon.colcon_core.package_discovery[0m [1;30mLevel 1[0m discover_packages(ignore) check parameters
[0.674s] [34mcolcon.colcon_core.package_discovery[0m [1;30mLevel 1[0m discover_packages(path) check parameters
[0.674s] [34mcolcon.colcon_core.package_discovery[0m [1;30mLevel 1[0m discover_packages(colcon_meta) discover
[0.674s] [34mcolcon.colcon_core.package_discovery[0m [1;30mLevel 1[0m discover_packages(recursive) discover
[0.674s] [34mcolcon.colcon_core.package_discovery[0m [1;30mINFO[0m Crawling recursively for packages in '/home/nvidia/UIKA/Quadruped_Uika'
[0.675s] [34mcolcon.colcon_core.package_identification[0m [1;30mLevel 1[0m _identify(.) by extensions ['ignore', 'ignore_ament_install']
[0.675s] [34mcolcon.colcon_core.package_identification[0m [1;30mLevel 1[0m _identify(.) by extension 'ignore'
[0.675s] [34mcolcon.colcon_core.package_identification[0m [1;30mLevel 1[0m _identify(.) by extension 'ignore_ament_install'
[0.675s] [34mcolcon.colcon_core.package_identification[0m [1;30mLevel 1[0m _identify(.) by extensions ['colcon_pkg']
[0.675s] [34mcolcon.colcon_core.package_identification[0m [1;30mLevel 1[0m _identify(.) by extension 'colcon_pkg'
[0.675s] [34mcolcon.colcon_core.package_identification[0m [1;30mLevel 1[0m _identify(.) by extensions ['colcon_meta']
[0.676s] [34mcolcon.colcon_core.package_identification[0m [1;30mLevel 1[0m _identify(.) by extension 'colcon_meta'
[0.676s] [34mcolcon.colcon_core.package_identification[0m [1;30mLevel 1[0m _identify(.) by extensions ['ros']
[0.676s] [34mcolcon.colcon_core.package_identification[0m [1;30mLevel 1[0m _identify(.) by extension 'ros'
[0.702s] [34mcolcon.colcon_core.package_identification[0m [1;30mLevel 1[0m _identify(.) by extensions ['cmake', 'python']
[0.702s] [34mcolcon.colcon_core.package_identification[0m [1;30mLevel 1[0m _identify(.) by extension 'cmake'
[0.702s] [34mcolcon.colcon_core.package_identification[0m [1;30mLevel 1[0m _identify(.) by extension 'python'
[0.703s] [34mcolcon.colcon_core.package_identification[0m [1;30mLevel 1[0m _identify(.) by extensions ['python_setup_py']
[0.703s] [34mcolcon.colcon_core.package_identification[0m [1;30mLevel 1[0m _identify(.) by extension 'python_setup_py'
[0.703s] [34mcolcon.colcon_core.package_identification[0m [1;30mLevel 1[0m _identify(build) by extensions ['ignore', 'ignore_ament_install']
[0.703s] [34mcolcon.colcon_core.package_identification[0m [1;30mLevel 1[0m _identify(build) by extension 'ignore'
[0.703s] [34mcolcon.colcon_core.package_identification[0m [1;30mLevel 1[0m _identify(build) ignored
[0.704s] [34mcolcon.colcon_core.package_identification[0m [1;30mLevel 1[0m _identify(install) by extensions ['ignore', 'ignore_ament_install']
[0.704s] [34mcolcon.colcon_core.package_identification[0m [1;30mLevel 1[0m _identify(install) by extension 'ignore'
[0.704s] [34mcolcon.colcon_core.package_identification[0m [1;30mLevel 1[0m _identify(install) ignored
[0.704s] [34mcolcon.colcon_core.package_identification[0m [1;30mLevel 1[0m _identify(log) by extensions ['ignore', 'ignore_ament_install']
[0.704s] [34mcolcon.colcon_core.package_identification[0m [1;30mLevel 1[0m _identify(log) by extension 'ignore'
[0.705s] [34mcolcon.colcon_core.package_identification[0m [1;30mLevel 1[0m _identify(log) ignored
[0.705s] [34mcolcon.colcon_core.package_identification[0m [1;30mLevel 1[0m _identify(src) by extensions ['ignore', 'ignore_ament_install']
[0.705s] [34mcolcon.colcon_core.package_identification[0m [1;30mLevel 1[0m _identify(src) by extension 'ignore'
[0.705s] [34mcolcon.colcon_core.package_identification[0m [1;30mLevel 1[0m _identify(src) by extension 'ignore_ament_install'
[0.705s] [34mcolcon.colcon_core.package_identification[0m [1;30mLevel 1[0m _identify(src) by extensions ['colcon_pkg']
[0.705s] [34mcolcon.colcon_core.package_identification[0m [1;30mLevel 1[0m _identify(src) by extension 'colcon_pkg'
[0.705s] [34mcolcon.colcon_core.package_identification[0m [1;30mLevel 1[0m _identify(src) by extensions ['colcon_meta']
[0.706s] [34mcolcon.colcon_core.package_identification[0m [1;30mLevel 1[0m _identify(src) by extension 'colcon_meta'
[0.706s] [34mcolcon.colcon_core.package_identification[0m [1;30mLevel 1[0m _identify(src) by extensions ['ros']
[0.706s] [34mcolcon.colcon_core.package_identification[0m [1;30mLevel 1[0m _identify(src) by extension 'ros'
[0.706s] [34mcolcon.colcon_core.package_identification[0m [1;30mLevel 1[0m _identify(src) by extensions ['cmake', 'python']
[0.706s] [34mcolcon.colcon_core.package_identification[0m [1;30mLevel 1[0m _identify(src) by extension 'cmake'
[0.706s] [34mcolcon.colcon_core.package_identification[0m [1;30mLevel 1[0m _identify(src) by extension 'python'
[0.706s] [34mcolcon.colcon_core.package_identification[0m [1;30mLevel 1[0m _identify(src) by extensions ['python_setup_py']
[0.706s] [34mcolcon.colcon_core.package_identification[0m [1;30mLevel 1[0m _identify(src) by extension 'python_setup_py'
[0.707s] [34mcolcon.colcon_core.package_identification[0m [1;30mLevel 1[0m _identify(src/bringup) by extensions ['ignore', 'ignore_ament_install']
[0.707s] [34mcolcon.colcon_core.package_identification[0m [1;30mLevel 1[0m _identify(src/bringup) by extension 'ignore'
[0.707s] [34mcolcon.colcon_core.package_identification[0m [1;30mLevel 1[0m _identify(src/bringup) by extension 'ignore_ament_install'
[0.707s] [34mcolcon.colcon_core.package_identification[0m [1;30mLevel 1[0m _identify(src/bringup) by extensions ['colcon_pkg']
[0.707s] [34mcolcon.colcon_core.package_identification[0m [1;30mLevel 1[0m _identify(src/bringup) by extension 'colcon_pkg'
[0.707s] [34mcolcon.colcon_core.package_identification[0m [1;30mLevel 1[0m _identify(src/bringup) by extensions ['colcon_meta']
[0.707s] [34mcolcon.colcon_core.package_identification[0m [1;30mLevel 1[0m _identify(src/bringup) by extension 'colcon_meta'
[0.707s] [34mcolcon.colcon_core.package_identification[0m [1;30mLevel 1[0m _identify(src/bringup) by extensions ['ros']
[0.707s] [34mcolcon.colcon_core.package_identification[0m [1;30mLevel 1[0m _identify(src/bringup) by extension 'ros'
[0.739s] [34mcolcon.colcon_core.package_identification[0m [1;30mDEBUG[0m [32mPackage 'src/bringup' with type 'ros.ament_cmake' and name 'bringup'[0m
[0.740s] [34mcolcon.colcon_core.package_identification[0m [1;30mLevel 1[0m _identify(src/description) by extensions ['ignore', 'ignore_ament_install']
[0.740s] [34mcolcon.colcon_core.package_identification[0m [1;30mLevel 1[0m _identify(src/description) by extension 'ignore'
[0.740s] [34mcolcon.colcon_core.package_identification[0m [1;30mLevel 1[0m _identify(src/description) by extension 'ignore_ament_install'
[0.740s] [34mcolcon.colcon_core.package_identification[0m [1;30mLevel 1[0m _identify(src/description) by extensions ['colcon_pkg']
[0.740s] [34mcolcon.colcon_core.package_identification[0m [1;30mLevel 1[0m _identify(src/description) by extension 'colcon_pkg'
[0.740s] [34mcolcon.colcon_core.package_identification[0m [1;30mLevel 1[0m _identify(src/description) by extensions ['colcon_meta']
[0.741s] [34mcolcon.colcon_core.package_identification[0m [1;30mLevel 1[0m _identify(src/description) by extension 'colcon_meta'
[0.741s] [34mcolcon.colcon_core.package_identification[0m [1;30mLevel 1[0m _identify(src/description) by extensions ['ros']
[0.741s] [34mcolcon.colcon_core.package_identification[0m [1;30mLevel 1[0m _identify(src/description) by extension 'ros'
[0.742s] [34mcolcon.colcon_core.package_identification[0m [1;30mDEBUG[0m [32mPackage 'src/description' with type 'ros.ament_cmake' and name 'description'[0m
[0.742s] [34mcolcon.colcon_core.package_identification[0m [1;30mLevel 1[0m _identify(src/estimation) by extensions ['ignore', 'ignore_ament_install']
[0.743s] [34mcolcon.colcon_core.package_identification[0m [1;30mLevel 1[0m _identify(src/estimation) by extension 'ignore'
[0.743s] [34mcolcon.colcon_core.package_identification[0m [1;30mLevel 1[0m _identify(src/estimation) by extension 'ignore_ament_install'
[0.743s] [34mcolcon.colcon_core.package_identification[0m [1;30mLevel 1[0m _identify(src/estimation) by extensions ['colcon_pkg']
[0.743s] [34mcolcon.colcon_core.package_identification[0m [1;30mLevel 1[0m _identify(src/estimation) by extension 'colcon_pkg'
[0.743s] [34mcolcon.colcon_core.package_identification[0m [1;30mLevel 1[0m _identify(src/estimation) by extensions ['colcon_meta']
[0.743s] [34mcolcon.colcon_core.package_identification[0m [1;30mLevel 1[0m _identify(src/estimation) by extension 'colcon_meta'
[0.743s] [34mcolcon.colcon_core.package_identification[0m [1;30mLevel 1[0m _identify(src/estimation) by extensions ['ros']
[0.743s] [34mcolcon.colcon_core.package_identification[0m [1;30mLevel 1[0m _identify(src/estimation) by extension 'ros'
[0.745s] [34mcolcon.colcon_core.package_identification[0m [1;30mDEBUG[0m [32mPackage 'src/estimation' with type 'ros.ament_cmake' and name 'estimation'[0m
[0.745s] [34mcolcon.colcon_core.package_identification[0m [1;30mLevel 1[0m _identify(src/imu) by extensions ['ignore', 'ignore_ament_install']
[0.746s] [34mcolcon.colcon_core.package_identification[0m [1;30mLevel 1[0m _identify(src/imu) by extension 'ignore'
[0.746s] [34mcolcon.colcon_core.package_identification[0m [1;30mLevel 1[0m _identify(src/imu) by extension 'ignore_ament_install'
[0.746s] [34mcolcon.colcon_core.package_identification[0m [1;30mLevel 1[0m _identify(src/imu) by extensions ['colcon_pkg']
[0.746s] [34mcolcon.colcon_core.package_identification[0m [1;30mLevel 1[0m _identify(src/imu) by extension 'colcon_pkg'
[0.746s] [34mcolcon.colcon_core.package_identification[0m [1;30mLevel 1[0m _identify(src/imu) by extensions ['colcon_meta']
[0.746s] [34mcolcon.colcon_core.package_identification[0m [1;30mLevel 1[0m _identify(src/imu) by extension 'colcon_meta'
[0.746s] [34mcolcon.colcon_core.package_identification[0m [1;30mLevel 1[0m _identify(src/imu) by extensions ['ros']
[0.746s] [34mcolcon.colcon_core.package_identification[0m [1;30mLevel 1[0m _identify(src/imu) by extension 'ros'
[0.748s] [34mcolcon.colcon_core.package_identification[0m [1;30mDEBUG[0m [32mPackage 'src/imu' with type 'ros.ament_python' and name 'dm_imu'[0m
[0.748s] [34mcolcon.colcon_core.package_identification[0m [1;30mLevel 1[0m _identify(src/interfaces) by extensions ['ignore', 'ignore_ament_install']
[0.748s] [34mcolcon.colcon_core.package_identification[0m [1;30mLevel 1[0m _identify(src/interfaces) by extension 'ignore'
[0.748s] [34mcolcon.colcon_core.package_identification[0m [1;30mLevel 1[0m _identify(src/interfaces) by extension 'ignore_ament_install'
[0.748s] [34mcolcon.colcon_core.package_identification[0m [1;30mLevel 1[0m _identify(src/interfaces) by extensions ['colcon_pkg']
[0.749s] [34mcolcon.colcon_core.package_identification[0m [1;30mLevel 1[0m _identify(src/interfaces) by extension 'colcon_pkg'
[0.749s] [34mcolcon.colcon_core.package_identification[0m [1;30mLevel 1[0m _identify(src/interfaces) by extensions ['colcon_meta']
[0.749s] [34mcolcon.colcon_core.package_identification[0m [1;30mLevel 1[0m _identify(src/interfaces) by extension 'colcon_meta'
[0.749s] [34mcolcon.colcon_core.package_identification[0m [1;30mLevel 1[0m _identify(src/interfaces) by extensions ['ros']
[0.749s] [34mcolcon.colcon_core.package_identification[0m [1;30mLevel 1[0m _identify(src/interfaces) by extension 'ros'
[0.750s] [34mcolcon.colcon_core.package_identification[0m [1;30mDEBUG[0m [32mPackage 'src/interfaces' with type 'ros.ament_cmake' and name 'interfaces'[0m
[0.751s] [34mcolcon.colcon_core.package_identification[0m [1;30mLevel 1[0m _identify(src/main_control) by extensions ['ignore', 'ignore_ament_install']
[0.751s] [34mcolcon.colcon_core.package_identification[0m [1;30mLevel 1[0m _identify(src/main_control) by extension 'ignore'
[0.751s] [34mcolcon.colcon_core.package_identification[0m [1;30mLevel 1[0m _identify(src/main_control) by extension 'ignore_ament_install'
[0.751s] [34mcolcon.colcon_core.package_identification[0m [1;30mLevel 1[0m _identify(src/main_control) by extensions ['colcon_pkg']
[0.751s] [34mcolcon.colcon_core.package_identification[0m [1;30mLevel 1[0m _identify(src/main_control) by extension 'colcon_pkg'
[0.751s] [34mcolcon.colcon_core.package_identification[0m [1;30mLevel 1[0m _identify(src/main_control) by extensions ['colcon_meta']
[0.752s] [34mcolcon.colcon_core.package_identification[0m [1;30mLevel 1[0m _identify(src/main_control) by extension 'colcon_meta'
[0.752s] [34mcolcon.colcon_core.package_identification[0m [1;30mLevel 1[0m _identify(src/main_control) by extensions ['ros']
[0.752s] [34mcolcon.colcon_core.package_identification[0m [1;30mLevel 1[0m _identify(src/main_control) by extension 'ros'
[0.753s] [34mcolcon.colcon_core.package_identification[0m [1;30mDEBUG[0m [32mPackage 'src/main_control' with type 'ros.ament_cmake' and name 'main_control'[0m
[0.753s] [34mcolcon.colcon_core.package_identification[0m [1;30mLevel 1[0m _identify(src/robstride_ros_sample) by extensions ['ignore', 'ignore_ament_install']
[0.753s] [34mcolcon.colcon_core.package_identification[0m [1;30mLevel 1[0m _identify(src/robstride_ros_sample) by extension 'ignore'
[0.753s] [34mcolcon.colcon_core.package_identification[0m [1;30mLevel 1[0m _identify(src/robstride_ros_sample) by extension 'ignore_ament_install'
[0.754s] [34mcolcon.colcon_core.package_identification[0m [1;30mLevel 1[0m _identify(src/robstride_ros_sample) by extensions ['colcon_pkg']
[0.754s] [34mcolcon.colcon_core.package_identification[0m [1;30mLevel 1[0m _identify(src/robstride_ros_sample) by extension 'colcon_pkg'
[0.754s] [34mcolcon.colcon_core.package_identification[0m [1;30mLevel 1[0m _identify(src/robstride_ros_sample) by extensions ['colcon_meta']
[0.754s] [34mcolcon.colcon_core.package_identification[0m [1;30mLevel 1[0m _identify(src/robstride_ros_sample) by extension 'colcon_meta'
[0.754s] [34mcolcon.colcon_core.package_identification[0m [1;30mLevel 1[0m _identify(src/robstride_ros_sample) by extensions ['ros']
[0.754s] [34mcolcon.colcon_core.package_identification[0m [1;30mLevel 1[0m _identify(src/robstride_ros_sample) by extension 'ros'
[0.756s] [34mcolcon.colcon_core.package_identification[0m [1;30mDEBUG[0m [32mPackage 'src/robstride_ros_sample' with type 'ros.ament_cmake' and name 'rs_motor_ros2'[0m
[0.756s] [34mcolcon.colcon_core.package_identification[0m [1;30mLevel 1[0m _identify(src/xbox) by extensions ['ignore', 'ignore_ament_install']
[0.757s] [34mcolcon.colcon_core.package_identification[0m [1;30mLevel 1[0m _identify(src/xbox) by extension 'ignore'
[0.757s] [34mcolcon.colcon_core.package_identification[0m [1;30mLevel 1[0m _identify(src/xbox) by extension 'ignore_ament_install'
[0.757s] [34mcolcon.colcon_core.package_identification[0m [1;30mLevel 1[0m _identify(src/xbox) by extensions ['colcon_pkg']
[0.757s] [34mcolcon.colcon_core.package_identification[0m [1;30mLevel 1[0m _identify(src/xbox) by extension 'colcon_pkg'
[0.757s] [34mcolcon.colcon_core.package_identification[0m [1;30mLevel 1[0m _identify(src/xbox) by extensions ['colcon_meta']
[0.757s] [34mcolcon.colcon_core.package_identification[0m [1;30mLevel 1[0m _identify(src/xbox) by extension 'colcon_meta'
[0.757s] [34mcolcon.colcon_core.package_identification[0m [1;30mLevel 1[0m _identify(src/xbox) by extensions ['ros']
[0.757s] [34mcolcon.colcon_core.package_identification[0m [1;30mLevel 1[0m _identify(src/xbox) by extension 'ros'
[0.759s] [34mcolcon.colcon_core.package_identification[0m [1;30mDEBUG[0m [32mPackage 'src/xbox' with type 'ros.ament_cmake' and name 'xbox'[0m
[0.759s] [34mcolcon.colcon_core.package_discovery[0m [1;30mLevel 1[0m discover_packages(recursive) using defaults
[0.759s] [34mcolcon.colcon_core.package_discovery[0m [1;30mLevel 1[0m discover_packages(ignore) discover
[0.760s] [34mcolcon.colcon_core.package_discovery[0m [1;30mLevel 1[0m discover_packages(ignore) using defaults
[0.760s] [34mcolcon.colcon_core.package_discovery[0m [1;30mLevel 1[0m discover_packages(path) discover
[0.760s] [34mcolcon.colcon_core.package_discovery[0m [1;30mLevel 1[0m discover_packages(path) using defaults
[0.795s] [34mcolcon.colcon_core.package_discovery[0m [1;30mLevel 1[0m discover_packages(prefix_path) check parameters
[0.795s] [34mcolcon.colcon_core.package_discovery[0m [1;30mLevel 1[0m discover_packages(prefix_path) discover
[0.797s] [34mcolcon.colcon_ros.prefix_path.ament[0m [1;30mWARNING[0m [33mThe path '/home/nvidia/UIKA/Quadruped_Uika/install/bringup' in the environment variable AMENT_PREFIX_PATH doesn't exist[0m
[0.797s] [34mcolcon.colcon_ros.prefix_path.ament[0m [1;30mWARNING[0m [33mThe path '/home/nvidia/UIKA/Quadruped_Uika/install/xbox' in the environment variable AMENT_PREFIX_PATH doesn't exist[0m
[0.798s] [34mcolcon.colcon_ros.prefix_path.ament[0m [1;30mWARNING[0m [33mThe path '/home/nvidia/UIKA/Quadruped_Uika/install/rs_motor_ros2' in the environment variable AMENT_PREFIX_PATH doesn't exist[0m
[0.798s] [34mcolcon.colcon_ros.prefix_path.ament[0m [1;30mWARNING[0m [33mThe path '/home/nvidia/UIKA/Quadruped_Uika/install/main_control' in the environment variable AMENT_PREFIX_PATH doesn't exist[0m
[0.798s] [34mcolcon.colcon_ros.prefix_path.ament[0m [1;30mWARNING[0m [33mThe path '/home/nvidia/UIKA/Quadruped_Uika/install/estimation' in the environment variable AMENT_PREFIX_PATH doesn't exist[0m
[0.798s] [34mcolcon.colcon_ros.prefix_path.ament[0m [1;30mWARNING[0m [33mThe path '/home/nvidia/UIKA/Quadruped_Uika/install/interfaces' in the environment variable AMENT_PREFIX_PATH doesn't exist[0m
[0.798s] [34mcolcon.colcon_ros.prefix_path.ament[0m [1;30mWARNING[0m [33mThe path '/home/nvidia/UIKA/Quadruped_Uika/install/dm_imu' in the environment variable AMENT_PREFIX_PATH doesn't exist[0m
[0.798s] [34mcolcon.colcon_ros.prefix_path.ament[0m [1;30mWARNING[0m [33mThe path '/home/nvidia/UIKA/Quadruped_Uika/install/description' in the environment variable AMENT_PREFIX_PATH doesn't exist[0m
[0.799s] [34mcolcon.colcon_ros.prefix_path.catkin[0m [1;30mWARNING[0m [33mThe path '/home/nvidia/UIKA/Quadruped_Uika/install/bringup' in the environment variable CMAKE_PREFIX_PATH doesn't exist[0m
[0.799s] [34mcolcon.colcon_ros.prefix_path.catkin[0m [1;30mWARNING[0m [33mThe path '/home/nvidia/UIKA/Quadruped_Uika/install/xbox' in the environment variable CMAKE_PREFIX_PATH doesn't exist[0m
[0.799s] [34mcolcon.colcon_ros.prefix_path.catkin[0m [1;30mWARNING[0m [33mThe path '/home/nvidia/UIKA/Quadruped_Uika/install/rs_motor_ros2' in the environment variable CMAKE_PREFIX_PATH doesn't exist[0m
[0.799s] [34mcolcon.colcon_ros.prefix_path.catkin[0m [1;30mWARNING[0m [33mThe path '/home/nvidia/UIKA/Quadruped_Uika/install/main_control' in the environment variable CMAKE_PREFIX_PATH doesn't exist[0m
[0.799s] [34mcolcon.colcon_ros.prefix_path.catkin[0m [1;30mWARNING[0m [33mThe path '/home/nvidia/UIKA/Quadruped_Uika/install/estimation' in the environment variable CMAKE_PREFIX_PATH doesn't exist[0m
[0.799s] [34mcolcon.colcon_ros.prefix_path.catkin[0m [1;30mWARNING[0m [33mThe path '/home/nvidia/UIKA/Quadruped_Uika/install/interfaces' in the environment variable CMAKE_PREFIX_PATH doesn't exist[0m
[0.800s] [34mcolcon.colcon_ros.prefix_path.catkin[0m [1;30mWARNING[0m [33mThe path '/home/nvidia/UIKA/Quadruped_Uika/install/description' in the environment variable CMAKE_PREFIX_PATH doesn't exist[0m
[0.801s] [34mcolcon.colcon_installed_package_information.package_discovery[0m [1;30mDEBUG[0m [32mFound 0 installed packages in /home/nvidia/UIKA/Quadruped_Uika/install[0m
[0.804s] [34mcolcon.colcon_installed_package_information.package_discovery[0m [1;30mDEBUG[0m [32mFound 271 installed packages in /opt/ros/humble[0m
[0.807s] [34mcolcon.colcon_core.package_discovery[0m [1;30mLevel 1[0m discover_packages(prefix_path) using defaults
[0.893s] [34mcolcon.colcon_core.verb[0m [1;30mLevel 5[0m set package 'description' build argument 'cmake_args' from command line to 'None'
[0.893s] [34mcolcon.colcon_core.verb[0m [1;30mLevel 5[0m set package 'description' build argument 'cmake_target' from command line to 'None'
[0.893s] [34mcolcon.colcon_core.verb[0m [1;30mLevel 5[0m set package 'description' build argument 'cmake_target_skip_unavailable' from command line to 'False'
[0.893s] [34mcolcon.colcon_core.verb[0m [1;30mLevel 5[0m set package 'description' build argument 'cmake_clean_cache' from command line to 'False'
[0.893s] [34mcolcon.colcon_core.verb[0m [1;30mLevel 5[0m set package 'description' build argument 'cmake_clean_first' from command line to 'False'
[0.893s] [34mcolcon.colcon_core.verb[0m [1;30mLevel 5[0m set package 'description' build argument 'cmake_force_configure' from command line to 'False'
[0.894s] [34mcolcon.colcon_core.verb[0m [1;30mLevel 5[0m set package 'description' build argument 'ament_cmake_args' from command line to 'None'
[0.894s] [34mcolcon.colcon_core.verb[0m [1;30mLevel 5[0m set package 'description' build argument 'catkin_cmake_args' from command line to 'None'
[0.894s] [34mcolcon.colcon_core.verb[0m [1;30mLevel 5[0m set package 'description' build argument 'catkin_skip_building_tests' from command line to 'False'
[0.894s] [34mcolcon.colcon_core.verb[0m [1;30mDEBUG[0m [32mBuilding package 'description' with the following arguments: {'ament_cmake_args': None, 'build_base': '/home/nvidia/UIKA/Quadruped_Uika/build/description', 'catkin_cmake_args': None, 'catkin_skip_building_tests': False, 'cmake_args': None, 'cmake_clean_cache': False, 'cmake_clean_first': False, 'cmake_force_configure': False, 'cmake_target': None, 'cmake_target_skip_unavailable': False, 'install_base': '/home/nvidia/UIKA/Quadruped_Uika/install/description', 'merge_install': False, 'path': '/home/nvidia/UIKA/Quadruped_Uika/src/description', 'symlink_install': False, 'test_result_base': None}[0m
[0.895s] [34mcolcon.colcon_core.verb[0m [1;30mLevel 5[0m set package 'dm_imu' build argument 'cmake_args' from command line to 'None'
[0.895s] [34mcolcon.colcon_core.verb[0m [1;30mLevel 5[0m set package 'dm_imu' build argument 'cmake_target' from command line to 'None'
[0.895s] [34mcolcon.colcon_core.verb[0m [1;30mLevel 5[0m set package 'dm_imu' build argument 'cmake_target_skip_unavailable' from command line to 'False'
[0.895s] [34mcolcon.colcon_core.verb[0m [1;30mLevel 5[0m set package 'dm_imu' build argument 'cmake_clean_cache' from command line to 'False'
[0.895s] [34mcolcon.colcon_core.verb[0m [1;30mLevel 5[0m set package 'dm_imu' build argument 'cmake_clean_first' from command line to 'False'
[0.895s] [34mcolcon.colcon_core.verb[0m [1;30mLevel 5[0m set package 'dm_imu' build argument 'cmake_force_configure' from command line to 'False'
[0.895s] [34mcolcon.colcon_core.verb[0m [1;30mLevel 5[0m set package 'dm_imu' build argument 'ament_cmake_args' from command line to 'None'
[0.895s] [34mcolcon.colcon_core.verb[0m [1;30mLevel 5[0m set package 'dm_imu' build argument 'catkin_cmake_args' from command line to 'None'
[0.895s] [34mcolcon.colcon_core.verb[0m [1;30mLevel 5[0m set package 'dm_imu' build argument 'catkin_skip_building_tests' from command line to 'False'
[0.895s] [34mcolcon.colcon_core.verb[0m [1;30mDEBUG[0m [32mBuilding package 'dm_imu' with the following arguments: {'ament_cmake_args': None, 'build_base': '/home/nvidia/UIKA/Quadruped_Uika/build/dm_imu', 'catkin_cmake_args': None, 'catkin_skip_building_tests': False, 'cmake_args': None, 'cmake_clean_cache': False, 'cmake_clean_first': False, 'cmake_force_configure': False, 'cmake_target': None, 'cmake_target_skip_unavailable': False, 'install_base': '/home/nvidia/UIKA/Quadruped_Uika/install/dm_imu', 'merge_install': False, 'path': '/home/nvidia/UIKA/Quadruped_Uika/src/imu', 'symlink_install': False, 'test_result_base': None}[0m
[0.896s] [34mcolcon.colcon_core.verb[0m [1;30mLevel 5[0m set package 'interfaces' build argument 'cmake_args' from command line to 'None'
[0.896s] [34mcolcon.colcon_core.verb[0m [1;30mLevel 5[0m set package 'interfaces' build argument 'cmake_target' from command line to 'None'
[0.896s] [34mcolcon.colcon_core.verb[0m [1;30mLevel 5[0m set package 'interfaces' build argument 'cmake_target_skip_unavailable' from command line to 'False'
[0.896s] [34mcolcon.colcon_core.verb[0m [1;30mLevel 5[0m set package 'interfaces' build argument 'cmake_clean_cache' from command line to 'False'
[0.896s] [34mcolcon.colcon_core.verb[0m [1;30mLevel 5[0m set package 'interfaces' build argument 'cmake_clean_first' from command line to 'False'
[0.896s] [34mcolcon.colcon_core.verb[0m [1;30mLevel 5[0m set package 'interfaces' build argument 'cmake_force_configure' from command line to 'False'
[0.896s] [34mcolcon.colcon_core.verb[0m [1;30mLevel 5[0m set package 'interfaces' build argument 'ament_cmake_args' from command line to 'None'
[0.896s] [34mcolcon.colcon_core.verb[0m [1;30mLevel 5[0m set package 'interfaces' build argument 'catkin_cmake_args' from command line to 'None'
[0.896s] [34mcolcon.colcon_core.verb[0m [1;30mLevel 5[0m set package 'interfaces' build argument 'catkin_skip_building_tests' from command line to 'False'
[0.896s] [34mcolcon.colcon_core.verb[0m [1;30mDEBUG[0m [32mBuilding package 'interfaces' with the following arguments: {'ament_cmake_args': None, 'build_base': '/home/nvidia/UIKA/Quadruped_Uika/build/interfaces', 'catkin_cmake_args': None, 'catkin_skip_building_tests': False, 'cmake_args': None, 'cmake_clean_cache': False, 'cmake_clean_first': False, 'cmake_force_configure': False, 'cmake_target': None, 'cmake_target_skip_unavailable': False, 'install_base': '/home/nvidia/UIKA/Quadruped_Uika/install/interfaces', 'merge_install': False, 'path': '/home/nvidia/UIKA/Quadruped_Uika/src/interfaces', 'symlink_install': False, 'test_result_base': None}[0m
[0.897s] [34mcolcon.colcon_core.verb[0m [1;30mLevel 5[0m set package 'main_control' build argument 'cmake_args' from command line to 'None'
[0.897s] [34mcolcon.colcon_core.verb[0m [1;30mLevel 5[0m set package 'main_control' build argument 'cmake_target' from command line to 'None'
[0.897s] [34mcolcon.colcon_core.verb[0m [1;30mLevel 5[0m set package 'main_control' build argument 'cmake_target_skip_unavailable' from command line to 'False'
[0.897s] [34mcolcon.colcon_core.verb[0m [1;30mLevel 5[0m set package 'main_control' build argument 'cmake_clean_cache' from command line to 'False'
[0.897s] [34mcolcon.colcon_core.verb[0m [1;30mLevel 5[0m set package 'main_control' build argument 'cmake_clean_first' from command line to 'False'
[0.897s] [34mcolcon.colcon_core.verb[0m [1;30mLevel 5[0m set package 'main_control' build argument 'cmake_force_configure' from command line to 'False'
[0.898s] [34mcolcon.colcon_core.verb[0m [1;30mLevel 5[0m set package 'main_control' build argument 'ament_cmake_args' from command line to 'None'
[0.898s] [34mcolcon.colcon_core.verb[0m [1;30mLevel 5[0m set package 'main_control' build argument 'catkin_cmake_args' from command line to 'None'
[0.898s] [34mcolcon.colcon_core.verb[0m [1;30mLevel 5[0m set package 'main_control' build argument 'catkin_skip_building_tests' from command line to 'False'
[0.898s] [34mcolcon.colcon_core.verb[0m [1;30mDEBUG[0m [32mBuilding package 'main_control' with the following arguments: {'ament_cmake_args': None, 'build_base': '/home/nvidia/UIKA/Quadruped_Uika/build/main_control', 'catkin_cmake_args': None, 'catkin_skip_building_tests': False, 'cmake_args': None, 'cmake_clean_cache': False, 'cmake_clean_first': False, 'cmake_force_configure': False, 'cmake_target': None, 'cmake_target_skip_unavailable': False, 'install_base': '/home/nvidia/UIKA/Quadruped_Uika/install/main_control', 'merge_install': False, 'path': '/home/nvidia/UIKA/Quadruped_Uika/src/main_control', 'symlink_install': False, 'test_result_base': None}[0m
[0.898s] [34mcolcon.colcon_core.verb[0m [1;30mLevel 5[0m set package 'xbox' build argument 'cmake_args' from command line to 'None'
[0.899s] [34mcolcon.colcon_core.verb[0m [1;30mLevel 5[0m set package 'xbox' build argument 'cmake_target' from command line to 'None'
[0.899s] [34mcolcon.colcon_core.verb[0m [1;30mLevel 5[0m set package 'xbox' build argument 'cmake_target_skip_unavailable' from command line to 'False'
[0.899s] [34mcolcon.colcon_core.verb[0m [1;30mLevel 5[0m set package 'xbox' build argument 'cmake_clean_cache' from command line to 'False'
[0.899s] [34mcolcon.colcon_core.verb[0m [1;30mLevel 5[0m set package 'xbox' build argument 'cmake_clean_first' from command line to 'False'
[0.899s] [34mcolcon.colcon_core.verb[0m [1;30mLevel 5[0m set package 'xbox' build argument 'cmake_force_configure' from command line to 'False'
[0.899s] [34mcolcon.colcon_core.verb[0m [1;30mLevel 5[0m set package 'xbox' build argument 'ament_cmake_args' from command line to 'None'
[0.899s] [34mcolcon.colcon_core.verb[0m [1;30mLevel 5[0m set package 'xbox' build argument 'catkin_cmake_args' from command line to 'None'
[0.899s] [34mcolcon.colcon_core.verb[0m [1;30mLevel 5[0m set package 'xbox' build argument 'catkin_skip_building_tests' from command line to 'False'
[0.899s] [34mcolcon.colcon_core.verb[0m [1;30mDEBUG[0m [32mBuilding package 'xbox' with the following arguments: {'ament_cmake_args': None, 'build_base': '/home/nvidia/UIKA/Quadruped_Uika/build/xbox', 'catkin_cmake_args': None, 'catkin_skip_building_tests': False, 'cmake_args': None, 'cmake_clean_cache': False, 'cmake_clean_first': False, 'cmake_force_configure': False, 'cmake_target': None, 'cmake_target_skip_unavailable': False, 'install_base': '/home/nvidia/UIKA/Quadruped_Uika/install/xbox', 'merge_install': False, 'path': '/home/nvidia/UIKA/Quadruped_Uika/src/xbox', 'symlink_install': False, 'test_result_base': None}[0m
[0.900s] [34mcolcon.colcon_core.verb[0m [1;30mLevel 5[0m set package 'bringup' build argument 'cmake_args' from command line to 'None'
[0.900s] [34mcolcon.colcon_core.verb[0m [1;30mLevel 5[0m set package 'bringup' build argument 'cmake_target' from command line to 'None'
[0.900s] [34mcolcon.colcon_core.verb[0m [1;30mLevel 5[0m set package 'bringup' build argument 'cmake_target_skip_unavailable' from command line to 'False'
[0.900s] [34mcolcon.colcon_core.verb[0m [1;30mLevel 5[0m set package 'bringup' build argument 'cmake_clean_cache' from command line to 'False'
[0.900s] [34mcolcon.colcon_core.verb[0m [1;30mLevel 5[0m set package 'bringup' build argument 'cmake_clean_first' from command line to 'False'
[0.900s] [34mcolcon.colcon_core.verb[0m [1;30mLevel 5[0m set package 'bringup' build argument 'cmake_force_configure' from command line to 'False'
[0.900s] [34mcolcon.colcon_core.verb[0m [1;30mLevel 5[0m set package 'bringup' build argument 'ament_cmake_args' from command line to 'None'
[0.900s] [34mcolcon.colcon_core.verb[0m [1;30mLevel 5[0m set package 'bringup' build argument 'catkin_cmake_args' from command line to 'None'
[0.900s] [34mcolcon.colcon_core.verb[0m [1;30mLevel 5[0m set package 'bringup' build argument 'catkin_skip_building_tests' from command line to 'False'
[0.900s] [34mcolcon.colcon_core.verb[0m [1;30mDEBUG[0m [32mBuilding package 'bringup' with the following arguments: {'ament_cmake_args': None, 'build_base': '/home/nvidia/UIKA/Quadruped_Uika/build/bringup', 'catkin_cmake_args': None, 'catkin_skip_building_tests': False, 'cmake_args': None, 'cmake_clean_cache': False, 'cmake_clean_first': False, 'cmake_force_configure': False, 'cmake_target': None, 'cmake_target_skip_unavailable': False, 'install_base': '/home/nvidia/UIKA/Quadruped_Uika/install/bringup', 'merge_install': False, 'path': '/home/nvidia/UIKA/Quadruped_Uika/src/bringup', 'symlink_install': False, 'test_result_base': None}[0m
[0.901s] [34mcolcon.colcon_core.verb[0m [1;30mLevel 5[0m set package 'estimation' build argument 'cmake_args' from command line to 'None'
[0.901s] [34mcolcon.colcon_core.verb[0m [1;30mLevel 5[0m set package 'estimation' build argument 'cmake_target' from command line to 'None'
[0.901s] [34mcolcon.colcon_core.verb[0m [1;30mLevel 5[0m set package 'estimation' build argument 'cmake_target_skip_unavailable' from command line to 'False'
[0.901s] [34mcolcon.colcon_core.verb[0m [1;30mLevel 5[0m set package 'estimation' build argument 'cmake_clean_cache' from command line to 'False'
[0.901s] [34mcolcon.colcon_core.verb[0m [1;30mLevel 5[0m set package 'estimation' build argument 'cmake_clean_first' from command line to 'False'
[0.901s] [34mcolcon.colcon_core.verb[0m [1;30mLevel 5[0m set package 'estimation' build argument 'cmake_force_configure' from command line to 'False'
[0.901s] [34mcolcon.colcon_core.verb[0m [1;30mLevel 5[0m set package 'estimation' build argument 'ament_cmake_args' from command line to 'None'
[0.901s] [34mcolcon.colcon_core.verb[0m [1;30mLevel 5[0m set package 'estimation' build argument 'catkin_cmake_args' from command line to 'None'
[0.901s] [34mcolcon.colcon_core.verb[0m [1;30mLevel 5[0m set package 'estimation' build argument 'catkin_skip_building_tests' from command line to 'False'
[0.902s] [34mcolcon.colcon_core.verb[0m [1;30mDEBUG[0m [32mBuilding package 'estimation' with the following arguments: {'ament_cmake_args': None, 'build_base': '/home/nvidia/UIKA/Quadruped_Uika/build/estimation', 'catkin_cmake_args': None, 'catkin_skip_building_tests': False, 'cmake_args': None, 'cmake_clean_cache': False, 'cmake_clean_first': False, 'cmake_force_configure': False, 'cmake_target': None, 'cmake_target_skip_unavailable': False, 'install_base': '/home/nvidia/UIKA/Quadruped_Uika/install/estimation', 'merge_install': False, 'path': '/home/nvidia/UIKA/Quadruped_Uika/src/estimation', 'symlink_install': False, 'test_result_base': None}[0m
[0.902s] [34mcolcon.colcon_core.verb[0m [1;30mLevel 5[0m set package 'rs_motor_ros2' build argument 'cmake_args' from command line to 'None'
[0.902s] [34mcolcon.colcon_core.verb[0m [1;30mLevel 5[0m set package 'rs_motor_ros2' build argument 'cmake_target' from command line to 'None'
[0.902s] [34mcolcon.colcon_core.verb[0m [1;30mLevel 5[0m set package 'rs_motor_ros2' build argument 'cmake_target_skip_unavailable' from command line to 'False'
[0.902s] [34mcolcon.colcon_core.verb[0m [1;30mLevel 5[0m set package 'rs_motor_ros2' build argument 'cmake_clean_cache' from command line to 'False'
[0.902s] [34mcolcon.colcon_core.verb[0m [1;30mLevel 5[0m set package 'rs_motor_ros2' build argument 'cmake_clean_first' from command line to 'False'
[0.903s] [34mcolcon.colcon_core.verb[0m [1;30mLevel 5[0m set package 'rs_motor_ros2' build argument 'cmake_force_configure' from command line to 'False'
[0.903s] [34mcolcon.colcon_core.verb[0m [1;30mLevel 5[0m set package 'rs_motor_ros2' build argument 'ament_cmake_args' from command line to 'None'
[0.903s] [34mcolcon.colcon_core.verb[0m [1;30mLevel 5[0m set package 'rs_motor_ros2' build argument 'catkin_cmake_args' from command line to 'None'
[0.903s] [34mcolcon.colcon_core.verb[0m [1;30mLevel 5[0m set package 'rs_motor_ros2' build argument 'catkin_skip_building_tests' from command line to 'False'
[0.903s] [34mcolcon.colcon_core.verb[0m [1;30mDEBUG[0m [32mBuilding package 'rs_motor_ros2' with the following arguments: {'ament_cmake_args': None, 'build_base': '/home/nvidia/UIKA/Quadruped_Uika/build/rs_motor_ros2', 'catkin_cmake_args': None, 'catkin_skip_building_tests': False, 'cmake_args': None, 'cmake_clean_cache': False, 'cmake_clean_first': False, 'cmake_force_configure': False, 'cmake_target': None, 'cmake_target_skip_unavailable': False, 'install_base': '/home/nvidia/UIKA/Quadruped_Uika/install/rs_motor_ros2', 'merge_install': False, 'path': '/home/nvidia/UIKA/Quadruped_Uika/src/robstride_ros_sample', 'symlink_install': False, 'test_result_base': None}[0m
[0.903s] [34mcolcon.colcon_core.executor[0m [1;30mINFO[0m Executing jobs using 'parallel' executor
[0.906s] [34mcolcon.colcon_parallel_executor.executor.parallel[0m [1;30mDEBUG[0m [32mrun_until_complete[0m
[0.906s] [34mcolcon.colcon_ros.task.ament_cmake.build[0m [1;30mINFO[0m Building ROS package in '/home/nvidia/UIKA/Quadruped_Uika/src/interfaces' with build type 'ament_cmake'
[0.907s] [34mcolcon.colcon_cmake.task.cmake.build[0m [1;30mINFO[0m Building CMake package in '/home/nvidia/UIKA/Quadruped_Uika/src/interfaces'
[0.912s] [34mcolcon.colcon_core.plugin_system[0m [1;30mINFO[0m Skipping extension 'colcon_core.shell.bat': Not used on non-Windows systems
[0.912s] [34mcolcon.colcon_core.shell[0m [1;30mINFO[0m Skip shell extension 'powershell' for command environment: Not usable outside of PowerShell
[0.913s] [34mcolcon.colcon_core.shell[0m [1;30mDEBUG[0m [32mSkip shell extension 'dsv' for command environment[0m
[0.919s] [34mcolcon.colcon_ros.task.ament_cmake.build[0m [1;30mINFO[0m Building ROS package in '/home/nvidia/UIKA/Quadruped_Uika/src/xbox' with build type 'ament_cmake'
[0.920s] [34mcolcon.colcon_cmake.task.cmake.build[0m [1;30mINFO[0m Building CMake package in '/home/nvidia/UIKA/Quadruped_Uika/src/xbox'
[0.920s] [34mcolcon.colcon_core.shell[0m [1;30mINFO[0m Skip shell extension 'powershell' for command environment: Not usable outside of PowerShell
[0.921s] [34mcolcon.colcon_core.shell[0m [1;30mDEBUG[0m [32mSkip shell extension 'dsv' for command environment[0m
[0.926s] [34mcolcon.colcon_ros.task.ament_cmake.build[0m [1;30mINFO[0m Building ROS package in '/home/nvidia/UIKA/Quadruped_Uika/src/description' with build type 'ament_cmake'
[0.927s] [34mcolcon.colcon_cmake.task.cmake.build[0m [1;30mINFO[0m Building CMake package in '/home/nvidia/UIKA/Quadruped_Uika/src/description'
[0.927s] [34mcolcon.colcon_core.shell[0m [1;30mINFO[0m Skip shell extension 'powershell' for command environment: Not usable outside of PowerShell
[0.928s] [34mcolcon.colcon_core.shell[0m [1;30mDEBUG[0m [32mSkip shell extension 'dsv' for command environment[0m
[0.933s] [34mcolcon.colcon_ros.task.ament_python.build[0m [1;30mINFO[0m Building ROS package in '/home/nvidia/UIKA/Quadruped_Uika/src/imu' with build type 'ament_python'
[0.934s] [34mcolcon.colcon_core.shell[0m [1;30mLevel 1[0m create_environment_hook('dm_imu', 'ament_prefix_path')
[0.934s] [34mcolcon.colcon_core.shell[0m [1;30mINFO[0m Creating environment hook '/home/nvidia/UIKA/Quadruped_Uika/install/dm_imu/share/dm_imu/hook/ament_prefix_path.ps1'
[0.936s] [34mcolcon.colcon_core.shell[0m [1;30mINFO[0m Creating environment descriptor '/home/nvidia/UIKA/Quadruped_Uika/install/dm_imu/share/dm_imu/hook/ament_prefix_path.dsv'
[0.940s] [34mcolcon.colcon_core.shell[0m [1;30mINFO[0m Creating environment hook '/home/nvidia/UIKA/Quadruped_Uika/install/dm_imu/share/dm_imu/hook/ament_prefix_path.sh'
[0.942s] [34mcolcon.colcon_core.shell[0m [1;30mINFO[0m Skip shell extension 'powershell' for command environment: Not usable outside of PowerShell
[0.942s] [34mcolcon.colcon_core.shell[0m [1;30mDEBUG[0m [32mSkip shell extension 'dsv' for command environment[0m
[0.948s] [34mcolcon.colcon_ros.task.ament_cmake.build[0m [1;30mINFO[0m Building ROS package in '/home/nvidia/UIKA/Quadruped_Uika/src/main_control' with build type 'ament_cmake'
[0.948s] [34mcolcon.colcon_cmake.task.cmake.build[0m [1;30mINFO[0m Building CMake package in '/home/nvidia/UIKA/Quadruped_Uika/src/main_control'
[0.949s] [34mcolcon.colcon_core.shell[0m [1;30mINFO[0m Skip shell extension 'powershell' for command environment: Not usable outside of PowerShell
[0.949s] [34mcolcon.colcon_core.shell[0m [1;30mDEBUG[0m [32mSkip shell extension 'dsv' for command environment[0m
[0.962s] [34mcolcon.colcon_core.event_handler.log_command[0m [1;30mDEBUG[0m [32mInvoking command in '/home/nvidia/UIKA/Quadruped_Uika/build/interfaces': CMAKE_PREFIX_PATH=${CMAKE_PREFIX_PATH}:/home/nvidia/UIKA/Quadruped_Uika/install/dm_imu:/opt/ros/humble /usr/bin/cmake /home/nvidia/UIKA/Quadruped_Uika/src/interfaces -DCMAKE_INSTALL_PREFIX=/home/nvidia/UIKA/Quadruped_Uika/install/interfaces[0m
[0.970s] [34mcolcon.colcon_core.event_handler.log_command[0m [1;30mDEBUG[0m [32mInvoking command in '/home/nvidia/UIKA/Quadruped_Uika/build/xbox': CMAKE_PREFIX_PATH=${CMAKE_PREFIX_PATH}:/home/nvidia/UIKA/Quadruped_Uika/install/dm_imu:/opt/ros/humble /usr/bin/cmake /home/nvidia/UIKA/Quadruped_Uika/src/xbox -DCMAKE_INSTALL_PREFIX=/home/nvidia/UIKA/Quadruped_Uika/install/xbox[0m
[0.974s] [34mcolcon.colcon_core.event_handler.log_command[0m [1;30mDEBUG[0m [32mInvoking command in '/home/nvidia/UIKA/Quadruped_Uika/build/description': CMAKE_PREFIX_PATH=${CMAKE_PREFIX_PATH}:/home/nvidia/UIKA/Quadruped_Uika/install/dm_imu:/opt/ros/humble /usr/bin/cmake /home/nvidia/UIKA/Quadruped_Uika/src/description -DCMAKE_INSTALL_PREFIX=/home/nvidia/UIKA/Quadruped_Uika/install/description[0m
[1.617s] [34mcolcon.colcon_core.task.python.build[0m [1;30mINFO[0m Building Python package in '/home/nvidia/UIKA/Quadruped_Uika/src/imu'
[1.618s] [34mcolcon.colcon_core.shell[0m [1;30mINFO[0m Skip shell extension 'powershell' for command environment: Not usable outside of PowerShell
[1.618s] [34mcolcon.colcon_core.shell[0m [1;30mDEBUG[0m [32mSkip shell extension 'dsv' for command environment[0m
[1.644s] [34mcolcon.colcon_core.event_handler.log_command[0m [1;30mDEBUG[0m [32mInvoking command in '/home/nvidia/UIKA/Quadruped_Uika/build/main_control': CMAKE_PREFIX_PATH=${CMAKE_PREFIX_PATH}:/home/nvidia/UIKA/Quadruped_Uika/install/dm_imu:/opt/ros/humble /usr/bin/cmake /home/nvidia/UIKA/Quadruped_Uika/src/main_control -DCMAKE_INSTALL_PREFIX=/home/nvidia/UIKA/Quadruped_Uika/install/main_control[0m
[2.536s] [34mcolcon.colcon_core.event_handler.log_command[0m [1;30mDEBUG[0m [32mInvoking command in '/home/nvidia/UIKA/Quadruped_Uika/src/imu': PYTHONPATH=/home/nvidia/UIKA/Quadruped_Uika/build/dm_imu/prefix_override:/usr/lib/python3/dist-packages/colcon_core/task/python/colcon_distutils_commands:/home/nvidia/UIKA/Quadruped_Uika/install/dm_imu/lib/python3.10/site-packages:${PYTHONPATH} /usr/bin/python3 -W ignore:setup.py install is deprecated -W ignore:easy_install command is deprecated setup.py egg_info --egg-base ../../build/dm_imu build --build-base /home/nvidia/UIKA/Quadruped_Uika/build/dm_imu/build install --record /home/nvidia/UIKA/Quadruped_Uika/build/dm_imu/install.log --single-version-externally-managed install_data[0m
[2.565s] [34mcolcon.colcon_core.event_handler.log_command[0m [1;30mDEBUG[0m [32mInvoked command in '/home/nvidia/UIKA/Quadruped_Uika/build/description' returned '0': CMAKE_PREFIX_PATH=${CMAKE_PREFIX_PATH}:/home/nvidia/UIKA/Quadruped_Uika/install/dm_imu:/opt/ros/humble /usr/bin/cmake /home/nvidia/UIKA/Quadruped_Uika/src/description -DCMAKE_INSTALL_PREFIX=/home/nvidia/UIKA/Quadruped_Uika/install/description[0m
[2.570s] [34mcolcon.colcon_core.event_handler.log_command[0m [1;30mDEBUG[0m [32mInvoking command in '/home/nvidia/UIKA/Quadruped_Uika/build/description': CMAKE_PREFIX_PATH=${CMAKE_PREFIX_PATH}:/home/nvidia/UIKA/Quadruped_Uika/install/dm_imu:/opt/ros/humble /usr/bin/cmake --build /home/nvidia/UIKA/Quadruped_Uika/build/description -- -j6 -l6[0m
[2.656s] [34mcolcon.colcon_core.event_handler.log_command[0m [1;30mDEBUG[0m [32mInvoked command in '/home/nvidia/UIKA/Quadruped_Uika/build/description' returned '0': CMAKE_PREFIX_PATH=${CMAKE_PREFIX_PATH}:/home/nvidia/UIKA/Quadruped_Uika/install/dm_imu:/opt/ros/humble /usr/bin/cmake --build /home/nvidia/UIKA/Quadruped_Uika/build/description -- -j6 -l6[0m
[2.676s] [34mcolcon.colcon_core.event_handler.log_command[0m [1;30mDEBUG[0m [32mInvoking command in '/home/nvidia/UIKA/Quadruped_Uika/build/description': CMAKE_PREFIX_PATH=${CMAKE_PREFIX_PATH}:/home/nvidia/UIKA/Quadruped_Uika/install/dm_imu:/opt/ros/humble /usr/bin/cmake --install /home/nvidia/UIKA/Quadruped_Uika/build/description[0m
[2.704s] [34mcolcon.colcon_core.environment[0m [1;30mLevel 1[0m create_environment_scripts_only(description)
[2.709s] [34mcolcon.colcon_core.environment[0m [1;30mLevel 1[0m checking '/home/nvidia/UIKA/Quadruped_Uika/install/description' for CMake module files
[2.710s] [34mcolcon.colcon_core.environment[0m [1;30mLevel 1[0m checking '/home/nvidia/UIKA/Quadruped_Uika/install/description' for CMake config files
[2.711s] [34mcolcon.colcon_core.shell[0m [1;30mLevel 1[0m create_environment_hook('description', 'cmake_prefix_path')
[2.711s] [34mcolcon.colcon_core.shell[0m [1;30mINFO[0m Creating environment hook '/home/nvidia/UIKA/Quadruped_Uika/install/description/share/description/hook/cmake_prefix_path.ps1'
[2.713s] [34mcolcon.colcon_core.shell[0m [1;30mINFO[0m Creating environment descriptor '/home/nvidia/UIKA/Quadruped_Uika/install/description/share/description/hook/cmake_prefix_path.dsv'
[2.714s] [34mcolcon.colcon_core.shell[0m [1;30mINFO[0m Creating environment hook '/home/nvidia/UIKA/Quadruped_Uika/install/description/share/description/hook/cmake_prefix_path.sh'
[2.715s] [34mcolcon.colcon_core.environment[0m [1;30mLevel 1[0m checking '/home/nvidia/UIKA/Quadruped_Uika/install/description/bin'
[2.715s] [34mcolcon.colcon_core.environment[0m [1;30mLevel 1[0m checking '/home/nvidia/UIKA/Quadruped_Uika/install/description/lib/pkgconfig/description.pc'
[2.717s] [34mcolcon.colcon_core.event_handler.log_command[0m [1;30mDEBUG[0m [32mInvoked command in '/home/nvidia/UIKA/Quadruped_Uika/build/description' returned '0': CMAKE_PREFIX_PATH=${CMAKE_PREFIX_PATH}:/home/nvidia/UIKA/Quadruped_Uika/install/dm_imu:/opt/ros/humble /usr/bin/cmake --install /home/nvidia/UIKA/Quadruped_Uika/build/description[0m
[2.718s] [34mcolcon.colcon_core.environment[0m [1;30mLevel 1[0m checking '/home/nvidia/UIKA/Quadruped_Uika/install/description/lib/python3.10/site-packages'
[2.719s] [34mcolcon.colcon_core.environment[0m [1;30mLevel 1[0m checking '/home/nvidia/UIKA/Quadruped_Uika/install/description/bin'
[2.721s] [34mcolcon.colcon_core.shell[0m [1;30mINFO[0m Creating package script '/home/nvidia/UIKA/Quadruped_Uika/install/description/share/description/package.ps1'
[2.723s] [34mcolcon.colcon_core.shell[0m [1;30mINFO[0m Creating package descriptor '/home/nvidia/UIKA/Quadruped_Uika/install/description/share/description/package.dsv'
[2.724s] [34mcolcon.colcon_core.shell[0m [1;30mINFO[0m Creating package script '/home/nvidia/UIKA/Quadruped_Uika/install/description/share/description/package.sh'
[2.726s] [34mcolcon.colcon_core.shell[0m [1;30mINFO[0m Creating package script '/home/nvidia/UIKA/Quadruped_Uika/install/description/share/description/package.bash'
[2.728s] [34mcolcon.colcon_core.shell[0m [1;30mINFO[0m Creating package script '/home/nvidia/UIKA/Quadruped_Uika/install/description/share/description/package.zsh'
[2.729s] [34mcolcon.colcon_core.environment[0m [1;30mLevel 1[0m create_file_with_runtime_dependencies(/home/nvidia/UIKA/Quadruped_Uika/install/description/share/colcon-core/packages/description)
[2.730s] [34mcolcon.colcon_core.environment[0m [1;30mLevel 1[0m create_environment_scripts_only(description)
[2.731s] [34mcolcon.colcon_core.environment[0m [1;30mLevel 1[0m checking '/home/nvidia/UIKA/Quadruped_Uika/install/description' for CMake module files
[2.732s] [34mcolcon.colcon_core.environment[0m [1;30mLevel 1[0m checking '/home/nvidia/UIKA/Quadruped_Uika/install/description' for CMake config files
[2.733s] [34mcolcon.colcon_core.shell[0m [1;30mLevel 1[0m create_environment_hook('description', 'cmake_prefix_path')
[2.733s] [34mcolcon.colcon_core.shell[0m [1;30mINFO[0m Creating environment hook '/home/nvidia/UIKA/Quadruped_Uika/install/description/share/description/hook/cmake_prefix_path.ps1'
[2.735s] [34mcolcon.colcon_core.shell[0m [1;30mINFO[0m Creating environment descriptor '/home/nvidia/UIKA/Quadruped_Uika/install/description/share/description/hook/cmake_prefix_path.dsv'
[2.736s] [34mcolcon.colcon_core.shell[0m [1;30mINFO[0m Creating environment hook '/home/nvidia/UIKA/Quadruped_Uika/install/description/share/description/hook/cmake_prefix_path.sh'
[2.737s] [34mcolcon.colcon_core.environment[0m [1;30mLevel 1[0m checking '/home/nvidia/UIKA/Quadruped_Uika/install/description/bin'
[2.737s] [34mcolcon.colcon_core.environment[0m [1;30mLevel 1[0m checking '/home/nvidia/UIKA/Quadruped_Uika/install/description/lib/pkgconfig/description.pc'
[2.738s] [34mcolcon.colcon_core.environment[0m [1;30mLevel 1[0m checking '/home/nvidia/UIKA/Quadruped_Uika/install/description/lib/python3.10/site-packages'
[2.739s] [34mcolcon.colcon_core.environment[0m [1;30mLevel 1[0m checking '/home/nvidia/UIKA/Quadruped_Uika/install/description/bin'
[2.739s] [34mcolcon.colcon_core.shell[0m [1;30mINFO[0m Creating package script '/home/nvidia/UIKA/Quadruped_Uika/install/description/share/description/package.ps1'
[2.741s] [34mcolcon.colcon_core.shell[0m [1;30mINFO[0m Creating package descriptor '/home/nvidia/UIKA/Quadruped_Uika/install/description/share/description/package.dsv'
[2.742s] [34mcolcon.colcon_core.shell[0m [1;30mINFO[0m Creating package script '/home/nvidia/UIKA/Quadruped_Uika/install/description/share/description/package.sh'
[2.743s] [34mcolcon.colcon_core.shell[0m [1;30mINFO[0m Creating package script '/home/nvidia/UIKA/Quadruped_Uika/install/description/share/description/package.bash'
[2.744s] [34mcolcon.colcon_core.shell[0m [1;30mINFO[0m Creating package script '/home/nvidia/UIKA/Quadruped_Uika/install/description/share/description/package.zsh'
[2.745s] [34mcolcon.colcon_core.environment[0m [1;30mLevel 1[0m create_file_with_runtime_dependencies(/home/nvidia/UIKA/Quadruped_Uika/install/description/share/colcon-core/packages/description)
[858747.481s] [34mcolcon.colcon_core.event_handler.log_command[0m [1;30mDEBUG[0m [32mInvoked command in '/home/nvidia/UIKA/Quadruped_Uika/build/main_control' returned '0': CMAKE_PREFIX_PATH=${CMAKE_PREFIX_PATH}:/home/nvidia/UIKA/Quadruped_Uika/install/dm_imu:/opt/ros/humble /usr/bin/cmake /home/nvidia/UIKA/Quadruped_Uika/src/main_control -DCMAKE_INSTALL_PREFIX=/home/nvidia/UIKA/Quadruped_Uika/install/main_control[0m
[858747.482s] [34mcolcon.colcon_core.event_handler.log_command[0m [1;30mDEBUG[0m [32mInvoking command in '/home/nvidia/UIKA/Quadruped_Uika/build/main_control': CMAKE_PREFIX_PATH=${CMAKE_PREFIX_PATH}:/home/nvidia/UIKA/Quadruped_Uika/install/dm_imu:/opt/ros/humble /usr/bin/cmake --build /home/nvidia/UIKA/Quadruped_Uika/build/main_control -- -j6 -l6[0m
[858747.576s] [34mcolcon.colcon_core.event_handler.log_command[0m [1;30mDEBUG[0m [32mInvoked command in '/home/nvidia/UIKA/Quadruped_Uika/build/main_control' returned '0': CMAKE_PREFIX_PATH=${CMAKE_PREFIX_PATH}:/home/nvidia/UIKA/Quadruped_Uika/install/dm_imu:/opt/ros/humble /usr/bin/cmake --build /home/nvidia/UIKA/Quadruped_Uika/build/main_control -- -j6 -l6[0m
[858747.578s] [34mcolcon.colcon_core.event_handler.log_command[0m [1;30mDEBUG[0m [32mInvoking command in '/home/nvidia/UIKA/Quadruped_Uika/build/main_control': CMAKE_PREFIX_PATH=${CMAKE_PREFIX_PATH}:/home/nvidia/UIKA/Quadruped_Uika/install/dm_imu:/opt/ros/humble /usr/bin/cmake --install /home/nvidia/UIKA/Quadruped_Uika/build/main_control[0m
[858747.605s] [34mcolcon.colcon_core.environment[0m [1;30mLevel 1[0m create_environment_scripts_only(main_control)
[858747.606s] [34mcolcon.colcon_core.environment[0m [1;30mLevel 1[0m checking '/home/nvidia/UIKA/Quadruped_Uika/install/main_control' for CMake module files
[858747.607s] [34mcolcon.colcon_core.environment[0m [1;30mLevel 1[0m checking '/home/nvidia/UIKA/Quadruped_Uika/install/main_control' for CMake config files
[858747.608s] [34mcolcon.colcon_core.shell[0m [1;30mLevel 1[0m create_environment_hook('main_control', 'cmake_prefix_path')
[858747.608s] [34mcolcon.colcon_core.shell[0m [1;30mINFO[0m Creating environment hook '/home/nvidia/UIKA/Quadruped_Uika/install/main_control/share/main_control/hook/cmake_prefix_path.ps1'
[858747.609s] [34mcolcon.colcon_core.event_handler.log_command[0m [1;30mDEBUG[0m [32mInvoked command in '/home/nvidia/UIKA/Quadruped_Uika/build/main_control' returned '0': CMAKE_PREFIX_PATH=${CMAKE_PREFIX_PATH}:/home/nvidia/UIKA/Quadruped_Uika/install/dm_imu:/opt/ros/humble /usr/bin/cmake --install /home/nvidia/UIKA/Quadruped_Uika/build/main_control[0m
[858747.611s] [34mcolcon.colcon_core.shell[0m [1;30mINFO[0m Creating environment descriptor '/home/nvidia/UIKA/Quadruped_Uika/install/main_control/share/main_control/hook/cmake_prefix_path.dsv'
[858747.612s] [34mcolcon.colcon_core.shell[0m [1;30mINFO[0m Creating environment hook '/home/nvidia/UIKA/Quadruped_Uika/install/main_control/share/main_control/hook/cmake_prefix_path.sh'
[858747.614s] [34mcolcon.colcon_core.environment[0m [1;30mLevel 1[0m checking '/home/nvidia/UIKA/Quadruped_Uika/install/main_control/bin'
[858747.614s] [34mcolcon.colcon_core.environment[0m [1;30mLevel 1[0m checking '/home/nvidia/UIKA/Quadruped_Uika/install/main_control/lib/pkgconfig/main_control.pc'
[858747.614s] [34mcolcon.colcon_core.environment[0m [1;30mLevel 1[0m checking '/home/nvidia/UIKA/Quadruped_Uika/install/main_control/lib/python3.10/site-packages'
[858747.615s] [34mcolcon.colcon_core.environment[0m [1;30mLevel 1[0m checking '/home/nvidia/UIKA/Quadruped_Uika/install/main_control/bin'
[858747.616s] [34mcolcon.colcon_core.shell[0m [1;30mINFO[0m Creating package script '/home/nvidia/UIKA/Quadruped_Uika/install/main_control/share/main_control/package.ps1'
[858747.618s] [34mcolcon.colcon_core.shell[0m [1;30mINFO[0m Creating package descriptor '/home/nvidia/UIKA/Quadruped_Uika/install/main_control/share/main_control/package.dsv'
[858747.619s] [34mcolcon.colcon_core.shell[0m [1;30mINFO[0m Creating package script '/home/nvidia/UIKA/Quadruped_Uika/install/main_control/share/main_control/package.sh'
[858747.620s] [34mcolcon.colcon_core.shell[0m [1;30mINFO[0m Creating package script '/home/nvidia/UIKA/Quadruped_Uika/install/main_control/share/main_control/package.bash'
[858747.621s] [34mcolcon.colcon_core.shell[0m [1;30mINFO[0m Creating package script '/home/nvidia/UIKA/Quadruped_Uika/install/main_control/share/main_control/package.zsh'
[858747.622s] [34mcolcon.colcon_core.environment[0m [1;30mLevel 1[0m create_file_with_runtime_dependencies(/home/nvidia/UIKA/Quadruped_Uika/install/main_control/share/colcon-core/packages/main_control)
[858747.624s] [34mcolcon.colcon_core.environment[0m [1;30mLevel 1[0m create_environment_scripts_only(main_control)
[858747.624s] [34mcolcon.colcon_core.environment[0m [1;30mLevel 1[0m checking '/home/nvidia/UIKA/Quadruped_Uika/install/main_control' for CMake module files
[858747.625s] [34mcolcon.colcon_core.environment[0m [1;30mLevel 1[0m checking '/home/nvidia/UIKA/Quadruped_Uika/install/main_control' for CMake config files
[858747.626s] [34mcolcon.colcon_core.shell[0m [1;30mLevel 1[0m create_environment_hook('main_control', 'cmake_prefix_path')
[858747.626s] [34mcolcon.colcon_core.shell[0m [1;30mINFO[0m Creating environment hook '/home/nvidia/UIKA/Quadruped_Uika/install/main_control/share/main_control/hook/cmake_prefix_path.ps1'
[858747.628s] [34mcolcon.colcon_core.shell[0m [1;30mINFO[0m Creating environment descriptor '/home/nvidia/UIKA/Quadruped_Uika/install/main_control/share/main_control/hook/cmake_prefix_path.dsv'
[858747.629s] [34mcolcon.colcon_core.shell[0m [1;30mINFO[0m Creating environment hook '/home/nvidia/UIKA/Quadruped_Uika/install/main_control/share/main_control/hook/cmake_prefix_path.sh'
[858747.630s] [34mcolcon.colcon_core.environment[0m [1;30mLevel 1[0m checking '/home/nvidia/UIKA/Quadruped_Uika/install/main_control/bin'
[858747.630s] [34mcolcon.colcon_core.environment[0m [1;30mLevel 1[0m checking '/home/nvidia/UIKA/Quadruped_Uika/install/main_control/lib/pkgconfig/main_control.pc'
[858747.631s] [34mcolcon.colcon_core.environment[0m [1;30mLevel 1[0m checking '/home/nvidia/UIKA/Quadruped_Uika/install/main_control/lib/python3.10/site-packages'
[858747.631s] [34mcolcon.colcon_core.environment[0m [1;30mLevel 1[0m checking '/home/nvidia/UIKA/Quadruped_Uika/install/main_control/bin'
[858747.632s] [34mcolcon.colcon_core.shell[0m [1;30mINFO[0m Creating package script '/home/nvidia/UIKA/Quadruped_Uika/install/main_control/share/main_control/package.ps1'
[858747.634s] [34mcolcon.colcon_core.shell[0m [1;30mINFO[0m Creating package descriptor '/home/nvidia/UIKA/Quadruped_Uika/install/main_control/share/main_control/package.dsv'
[858747.635s] [34mcolcon.colcon_core.shell[0m [1;30mINFO[0m Creating package script '/home/nvidia/UIKA/Quadruped_Uika/install/main_control/share/main_control/package.sh'
[858747.636s] [34mcolcon.colcon_core.shell[0m [1;30mINFO[0m Creating package script '/home/nvidia/UIKA/Quadruped_Uika/install/main_control/share/main_control/package.bash'
[858747.637s] [34mcolcon.colcon_core.shell[0m [1;30mINFO[0m Creating package script '/home/nvidia/UIKA/Quadruped_Uika/install/main_control/share/main_control/package.zsh'
[858747.638s] [34mcolcon.colcon_core.environment[0m [1;30mLevel 1[0m create_file_with_runtime_dependencies(/home/nvidia/UIKA/Quadruped_Uika/install/main_control/share/colcon-core/packages/main_control)
[858747.750s] [34mcolcon.colcon_core.environment[0m [1;30mLevel 1[0m checking '/home/nvidia/UIKA/Quadruped_Uika/install/dm_imu' for CMake module files
[858747.752s] [34mcolcon.colcon_core.event_handler.log_command[0m [1;30mDEBUG[0m [32mInvoked command in '/home/nvidia/UIKA/Quadruped_Uika/src/imu' returned '0': PYTHONPATH=/home/nvidia/UIKA/Quadruped_Uika/build/dm_imu/prefix_override:/usr/lib/python3/dist-packages/colcon_core/task/python/colcon_distutils_commands:/home/nvidia/UIKA/Quadruped_Uika/install/dm_imu/lib/python3.10/site-packages:${PYTHONPATH} /usr/bin/python3 -W ignore:setup.py install is deprecated -W ignore:easy_install command is deprecated setup.py egg_info --egg-base ../../build/dm_imu build --build-base /home/nvidia/UIKA/Quadruped_Uika/build/dm_imu/build install --record /home/nvidia/UIKA/Quadruped_Uika/build/dm_imu/install.log --single-version-externally-managed install_data[0m
[858747.754s] [34mcolcon.colcon_core.environment[0m [1;30mLevel 1[0m checking '/home/nvidia/UIKA/Quadruped_Uika/install/dm_imu' for CMake config files
[858747.756s] [34mcolcon.colcon_core.environment[0m [1;30mLevel 1[0m checking '/home/nvidia/UIKA/Quadruped_Uika/install/dm_imu/lib'
[858747.756s] [34mcolcon.colcon_core.environment[0m [1;30mLevel 1[0m checking '/home/nvidia/UIKA/Quadruped_Uika/install/dm_imu/bin'
[858747.756s] [34mcolcon.colcon_core.environment[0m [1;30mLevel 1[0m checking '/home/nvidia/UIKA/Quadruped_Uika/install/dm_imu/lib/pkgconfig/dm_imu.pc'
[858747.757s] [34mcolcon.colcon_core.environment[0m [1;30mLevel 1[0m checking '/home/nvidia/UIKA/Quadruped_Uika/install/dm_imu/lib/python3.10/site-packages'
[858747.757s] [34mcolcon.colcon_core.shell[0m [1;30mLevel 1[0m create_environment_hook('dm_imu', 'pythonpath')
[858747.758s] [34mcolcon.colcon_core.shell[0m [1;30mINFO[0m Creating environment hook '/home/nvidia/UIKA/Quadruped_Uika/install/dm_imu/share/dm_imu/hook/pythonpath.ps1'
[858747.759s] [34mcolcon.colcon_core.shell[0m [1;30mINFO[0m Creating environment descriptor '/home/nvidia/UIKA/Quadruped_Uika/install/dm_imu/share/dm_imu/hook/pythonpath.dsv'
[858747.760s] [34mcolcon.colcon_core.shell[0m [1;30mINFO[0m Creating environment hook '/home/nvidia/UIKA/Quadruped_Uika/install/dm_imu/share/dm_imu/hook/pythonpath.sh'
[858747.761s] [34mcolcon.colcon_core.environment[0m [1;30mLevel 1[0m checking '/home/nvidia/UIKA/Quadruped_Uika/install/dm_imu/bin'
[858747.762s] [34mcolcon.colcon_core.environment[0m [1;30mLevel 1[0m create_environment_scripts_only(dm_imu)
[858747.762s] [34mcolcon.colcon_core.shell[0m [1;30mINFO[0m Creating package script '/home/nvidia/UIKA/Quadruped_Uika/install/dm_imu/share/dm_imu/package.ps1'
[858747.763s] [34mcolcon.colcon_core.shell[0m [1;30mINFO[0m Creating package descriptor '/home/nvidia/UIKA/Quadruped_Uika/install/dm_imu/share/dm_imu/package.dsv'
[858747.765s] [34mcolcon.colcon_core.shell[0m [1;30mINFO[0m Creating package script '/home/nvidia/UIKA/Quadruped_Uika/install/dm_imu/share/dm_imu/package.sh'
[858747.765s] [34mcolcon.colcon_core.shell[0m [1;30mINFO[0m Creating package script '/home/nvidia/UIKA/Quadruped_Uika/install/dm_imu/share/dm_imu/package.bash'
[858747.766s] [34mcolcon.colcon_core.shell[0m [1;30mINFO[0m Creating package script '/home/nvidia/UIKA/Quadruped_Uika/install/dm_imu/share/dm_imu/package.zsh'
[858747.767s] [34mcolcon.colcon_core.environment[0m [1;30mLevel 1[0m create_file_with_runtime_dependencies(/home/nvidia/UIKA/Quadruped_Uika/install/dm_imu/share/colcon-core/packages/dm_imu)
[858748.169s] [34mcolcon.colcon_core.event_handler.log_command[0m [1;30mDEBUG[0m [32mInvoked command in '/home/nvidia/UIKA/Quadruped_Uika/build/xbox' returned '0': CMAKE_PREFIX_PATH=${CMAKE_PREFIX_PATH}:/home/nvidia/UIKA/Quadruped_Uika/install/dm_imu:/opt/ros/humble /usr/bin/cmake /home/nvidia/UIKA/Quadruped_Uika/src/xbox -DCMAKE_INSTALL_PREFIX=/home/nvidia/UIKA/Quadruped_Uika/install/xbox[0m
[858748.170s] [34mcolcon.colcon_core.event_handler.log_command[0m [1;30mDEBUG[0m [32mInvoking command in '/home/nvidia/UIKA/Quadruped_Uika/build/xbox': CMAKE_PREFIX_PATH=${CMAKE_PREFIX_PATH}:/home/nvidia/UIKA/Quadruped_Uika/install/dm_imu:/opt/ros/humble /usr/bin/cmake --build /home/nvidia/UIKA/Quadruped_Uika/build/xbox -- -j6 -l6[0m
[858750.175s] [34mcolcon.colcon_core.event_handler.log_command[0m [1;30mDEBUG[0m [32mInvoked command in '/home/nvidia/UIKA/Quadruped_Uika/build/interfaces' returned '0': CMAKE_PREFIX_PATH=${CMAKE_PREFIX_PATH}:/home/nvidia/UIKA/Quadruped_Uika/install/dm_imu:/opt/ros/humble /usr/bin/cmake /home/nvidia/UIKA/Quadruped_Uika/src/interfaces -DCMAKE_INSTALL_PREFIX=/home/nvidia/UIKA/Quadruped_Uika/install/interfaces[0m
[858750.180s] [34mcolcon.colcon_core.event_handler.log_command[0m [1;30mDEBUG[0m [32mInvoking command in '/home/nvidia/UIKA/Quadruped_Uika/build/interfaces': CMAKE_PREFIX_PATH=${CMAKE_PREFIX_PATH}:/home/nvidia/UIKA/Quadruped_Uika/install/dm_imu:/opt/ros/humble /usr/bin/cmake --build /home/nvidia/UIKA/Quadruped_Uika/build/interfaces -- -j6 -l6[0m
[858772.184s] [34mcolcon.colcon_core.event_handler.log_command[0m [1;30mDEBUG[0m [32mInvoked command in '/home/nvidia/UIKA/Quadruped_Uika/build/interfaces' returned '0': CMAKE_PREFIX_PATH=${CMAKE_PREFIX_PATH}:/home/nvidia/UIKA/Quadruped_Uika/install/dm_imu:/opt/ros/humble /usr/bin/cmake --build /home/nvidia/UIKA/Quadruped_Uika/build/interfaces -- -j6 -l6[0m
[858772.189s] [34mcolcon.colcon_core.event_handler.log_command[0m [1;30mDEBUG[0m [32mInvoking command in '/home/nvidia/UIKA/Quadruped_Uika/build/interfaces': CMAKE_PREFIX_PATH=${CMAKE_PREFIX_PATH}:/home/nvidia/UIKA/Quadruped_Uika/install/dm_imu:/opt/ros/humble /usr/bin/cmake --install /home/nvidia/UIKA/Quadruped_Uika/build/interfaces[0m
[858772.418s] [34mcolcon.colcon_core.environment[0m [1;30mLevel 1[0m create_environment_scripts_only(interfaces)
[858772.419s] [34mcolcon.colcon_core.environment[0m [1;30mLevel 1[0m checking '/home/nvidia/UIKA/Quadruped_Uika/install/interfaces' for CMake module files
[858772.420s] [34mcolcon.colcon_core.event_handler.log_command[0m [1;30mDEBUG[0m [32mInvoked command in '/home/nvidia/UIKA/Quadruped_Uika/build/interfaces' returned '0': CMAKE_PREFIX_PATH=${CMAKE_PREFIX_PATH}:/home/nvidia/UIKA/Quadruped_Uika/install/dm_imu:/opt/ros/humble /usr/bin/cmake --install /home/nvidia/UIKA/Quadruped_Uika/build/interfaces[0m
[858772.422s] [34mcolcon.colcon_core.environment[0m [1;30mLevel 1[0m checking '/home/nvidia/UIKA/Quadruped_Uika/install/interfaces' for CMake config files
[858772.425s] [34mcolcon.colcon_core.shell[0m [1;30mLevel 1[0m create_environment_hook('interfaces', 'cmake_prefix_path')
[858772.425s] [34mcolcon.colcon_core.shell[0m [1;30mINFO[0m Creating environment hook '/home/nvidia/UIKA/Quadruped_Uika/install/interfaces/share/interfaces/hook/cmake_prefix_path.ps1'
[858772.427s] [34mcolcon.colcon_core.shell[0m [1;30mINFO[0m Creating environment descriptor '/home/nvidia/UIKA/Quadruped_Uika/install/interfaces/share/interfaces/hook/cmake_prefix_path.dsv'
[858772.428s] [34mcolcon.colcon_core.shell[0m [1;30mINFO[0m Creating environment hook '/home/nvidia/UIKA/Quadruped_Uika/install/interfaces/share/interfaces/hook/cmake_prefix_path.sh'
[858772.430s] [34mcolcon.colcon_core.environment[0m [1;30mLevel 1[0m checking '/home/nvidia/UIKA/Quadruped_Uika/install/interfaces/lib'
[858772.431s] [34mcolcon.colcon_core.shell[0m [1;30mLevel 1[0m create_environment_hook('interfaces', 'ld_library_path_lib')
[858772.431s] [34mcolcon.colcon_core.shell[0m [1;30mINFO[0m Creating environment hook '/home/nvidia/UIKA/Quadruped_Uika/install/interfaces/share/interfaces/hook/ld_library_path_lib.ps1'
[858772.433s] [34mcolcon.colcon_core.shell[0m [1;30mINFO[0m Creating environment descriptor '/home/nvidia/UIKA/Quadruped_Uika/install/interfaces/share/interfaces/hook/ld_library_path_lib.dsv'
[858772.434s] [34mcolcon.colcon_core.shell[0m [1;30mINFO[0m Creating environment hook '/home/nvidia/UIKA/Quadruped_Uika/install/interfaces/share/interfaces/hook/ld_library_path_lib.sh'
[858772.435s] [34mcolcon.colcon_core.environment[0m [1;30mLevel 1[0m checking '/home/nvidia/UIKA/Quadruped_Uika/install/interfaces/bin'
[858772.435s] [34mcolcon.colcon_core.environment[0m [1;30mLevel 1[0m checking '/home/nvidia/UIKA/Quadruped_Uika/install/interfaces/lib/pkgconfig/interfaces.pc'
[858772.437s] [34mcolcon.colcon_core.environment[0m [1;30mLevel 1[0m checking '/home/nvidia/UIKA/Quadruped_Uika/install/interfaces/lib/python3.10/site-packages'
[858772.438s] [34mcolcon.colcon_core.environment[0m [1;30mLevel 1[0m checking '/home/nvidia/UIKA/Quadruped_Uika/install/interfaces/bin'
[858772.439s] [34mcolcon.colcon_core.shell[0m [1;30mINFO[0m Creating package script '/home/nvidia/UIKA/Quadruped_Uika/install/interfaces/share/interfaces/package.ps1'
[858772.441s] [34mcolcon.colcon_core.shell[0m [1;30mINFO[0m Creating package descriptor '/home/nvidia/UIKA/Quadruped_Uika/install/interfaces/share/interfaces/package.dsv'
[858772.443s] [34mcolcon.colcon_core.shell[0m [1;30mINFO[0m Creating package script '/home/nvidia/UIKA/Quadruped_Uika/install/interfaces/share/interfaces/package.sh'
[858772.444s] [34mcolcon.colcon_core.shell[0m [1;30mINFO[0m Creating package script '/home/nvidia/UIKA/Quadruped_Uika/install/interfaces/share/interfaces/package.bash'
[858772.445s] [34mcolcon.colcon_core.shell[0m [1;30mINFO[0m Creating package script '/home/nvidia/UIKA/Quadruped_Uika/install/interfaces/share/interfaces/package.zsh'
[858772.447s] [34mcolcon.colcon_core.environment[0m [1;30mLevel 1[0m create_file_with_runtime_dependencies(/home/nvidia/UIKA/Quadruped_Uika/install/interfaces/share/colcon-core/packages/interfaces)
[858772.449s] [34mcolcon.colcon_core.environment[0m [1;30mLevel 1[0m create_environment_scripts_only(interfaces)
[858772.450s] [34mcolcon.colcon_core.environment[0m [1;30mLevel 1[0m checking '/home/nvidia/UIKA/Quadruped_Uika/install/interfaces' for CMake module files
[858772.452s] [34mcolcon.colcon_core.environment[0m [1;30mLevel 1[0m checking '/home/nvidia/UIKA/Quadruped_Uika/install/interfaces' for CMake config files
[858772.454s] [34mcolcon.colcon_core.shell[0m [1;30mLevel 1[0m create_environment_hook('interfaces', 'cmake_prefix_path')
[858772.455s] [34mcolcon.colcon_core.shell[0m [1;30mINFO[0m Creating environment hook '/home/nvidia/UIKA/Quadruped_Uika/install/interfaces/share/interfaces/hook/cmake_prefix_path.ps1'
[858772.457s] [34mcolcon.colcon_core.shell[0m [1;30mINFO[0m Creating environment descriptor '/home/nvidia/UIKA/Quadruped_Uika/install/interfaces/share/interfaces/hook/cmake_prefix_path.dsv'
[858772.458s] [34mcolcon.colcon_core.shell[0m [1;30mINFO[0m Creating environment hook '/home/nvidia/UIKA/Quadruped_Uika/install/interfaces/share/interfaces/hook/cmake_prefix_path.sh'
[858772.460s] [34mcolcon.colcon_core.environment[0m [1;30mLevel 1[0m checking '/home/nvidia/UIKA/Quadruped_Uika/install/interfaces/lib'
[858772.461s] [34mcolcon.colcon_core.shell[0m [1;30mLevel 1[0m create_environment_hook('interfaces', 'ld_library_path_lib')
[858772.461s] [34mcolcon.colcon_core.shell[0m [1;30mINFO[0m Creating environment hook '/home/nvidia/UIKA/Quadruped_Uika/install/interfaces/share/interfaces/hook/ld_library_path_lib.ps1'
[858772.463s] [34mcolcon.colcon_core.shell[0m [1;30mINFO[0m Creating environment descriptor '/home/nvidia/UIKA/Quadruped_Uika/install/interfaces/share/interfaces/hook/ld_library_path_lib.dsv'
[858772.466s] [34mcolcon.colcon_core.shell[0m [1;30mINFO[0m Creating environment hook '/home/nvidia/UIKA/Quadruped_Uika/install/interfaces/share/interfaces/hook/ld_library_path_lib.sh'
[858772.468s] [34mcolcon.colcon_core.environment[0m [1;30mLevel 1[0m checking '/home/nvidia/UIKA/Quadruped_Uika/install/interfaces/bin'
[858772.468s] [34mcolcon.colcon_core.environment[0m [1;30mLevel 1[0m checking '/home/nvidia/UIKA/Quadruped_Uika/install/interfaces/lib/pkgconfig/interfaces.pc'
[858772.469s] [34mcolcon.colcon_core.environment[0m [1;30mLevel 1[0m checking '/home/nvidia/UIKA/Quadruped_Uika/install/interfaces/lib/python3.10/site-packages'
[858772.470s] [34mcolcon.colcon_core.environment[0m [1;30mLevel 1[0m checking '/home/nvidia/UIKA/Quadruped_Uika/install/interfaces/bin'
[858772.471s] [34mcolcon.colcon_core.shell[0m [1;30mINFO[0m Creating package script '/home/nvidia/UIKA/Quadruped_Uika/install/interfaces/share/interfaces/package.ps1'
[858772.474s] [34mcolcon.colcon_core.shell[0m [1;30mINFO[0m Creating package descriptor '/home/nvidia/UIKA/Quadruped_Uika/install/interfaces/share/interfaces/package.dsv'
[858772.475s] [34mcolcon.colcon_core.shell[0m [1;30mINFO[0m Creating package script '/home/nvidia/UIKA/Quadruped_Uika/install/interfaces/share/interfaces/package.sh'
[858772.477s] [34mcolcon.colcon_core.shell[0m [1;30mINFO[0m Creating package script '/home/nvidia/UIKA/Quadruped_Uika/install/interfaces/share/interfaces/package.bash'
[858772.478s] [34mcolcon.colcon_core.shell[0m [1;30mINFO[0m Creating package script '/home/nvidia/UIKA/Quadruped_Uika/install/interfaces/share/interfaces/package.zsh'
[858772.479s] [34mcolcon.colcon_core.environment[0m [1;30mLevel 1[0m create_file_with_runtime_dependencies(/home/nvidia/UIKA/Quadruped_Uika/install/interfaces/share/colcon-core/packages/interfaces)
[858772.481s] [34mcolcon.colcon_ros.task.ament_cmake.build[0m [1;30mINFO[0m Building ROS package in '/home/nvidia/UIKA/Quadruped_Uika/src/estimation' with build type 'ament_cmake'
[858772.481s] [34mcolcon.colcon_cmake.task.cmake.build[0m [1;30mINFO[0m Building CMake package in '/home/nvidia/UIKA/Quadruped_Uika/src/estimation'
[858772.482s] [34mcolcon.colcon_core.shell[0m [1;30mINFO[0m Skip shell extension 'powershell' for command environment: Not usable outside of PowerShell
[858772.483s] [34mcolcon.colcon_core.shell[0m [1;30mDEBUG[0m [32mSkip shell extension 'dsv' for command environment[0m
[858772.493s] [34mcolcon.colcon_ros.task.ament_cmake.build[0m [1;30mINFO[0m Building ROS package in '/home/nvidia/UIKA/Quadruped_Uika/src/robstride_ros_sample' with build type 'ament_cmake'
[858772.494s] [34mcolcon.colcon_cmake.task.cmake.build[0m [1;30mINFO[0m Building CMake package in '/home/nvidia/UIKA/Quadruped_Uika/src/robstride_ros_sample'
[858772.494s] [34mcolcon.colcon_core.shell[0m [1;30mINFO[0m Skip shell extension 'powershell' for command environment: Not usable outside of PowerShell
[858772.495s] [34mcolcon.colcon_core.shell[0m [1;30mDEBUG[0m [32mSkip shell extension 'dsv' for command environment[0m
[858772.516s] [34mcolcon.colcon_core.event_handler.log_command[0m [1;30mDEBUG[0m [32mInvoking command in '/home/nvidia/UIKA/Quadruped_Uika/build/estimation': CMAKE_PREFIX_PATH=/home/nvidia/UIKA/Quadruped_Uika/install/interfaces:/home/nvidia/UIKA/Quadruped_Uika/install/bringup:/home/nvidia/UIKA/Quadruped_Uika/install/xbox:/home/nvidia/UIKA/Quadruped_Uika/install/rs_motor_ros2:/home/nvidia/UIKA/Quadruped_Uika/install/main_control:/home/nvidia/UIKA/Quadruped_Uika/install/estimation:/home/nvidia/UIKA/Quadruped_Uika/install/description:/home/nvidia/UIKA/Quadruped_Uika/install/dm_imu:/opt/ros/humble LD_LIBRARY_PATH=/home/nvidia/UIKA/Quadruped_Uika/install/interfaces/lib:/home/nvidia/onnxruntime-linux-aarch64-1.22.0/lib:/home/nvidia/onnxruntime-osx-arm64-1.24.4/lib:/usr/local/lib:/usr/local/cuda-12.6/lib64:/home/nvidia/onnxruntime-linux-aarch64-1.22.0/lib:/home/nvidia/onnxruntime-osx-arm64-1.24.4/lib:/opt/ros/humble/opt/rviz_ogre_vendor/lib:/opt/ros/humble/lib/aarch64-linux-gnu:/opt/ros/humble/lib:/usr/local/lib:/usr/local/cuda-12.6/lib64 /usr/bin/cmake /home/nvidia/UIKA/Quadruped_Uika/src/estimation -DCMAKE_INSTALL_PREFIX=/home/nvidia/UIKA/Quadruped_Uika/install/estimation[0m
[858772.521s] [34mcolcon.colcon_core.event_handler.log_command[0m [1;30mDEBUG[0m [32mInvoking command in '/home/nvidia/UIKA/Quadruped_Uika/build/rs_motor_ros2': CMAKE_PREFIX_PATH=/home/nvidia/UIKA/Quadruped_Uika/install/interfaces:/home/nvidia/UIKA/Quadruped_Uika/install/bringup:/home/nvidia/UIKA/Quadruped_Uika/install/xbox:/home/nvidia/UIKA/Quadruped_Uika/install/rs_motor_ros2:/home/nvidia/UIKA/Quadruped_Uika/install/main_control:/home/nvidia/UIKA/Quadruped_Uika/install/estimation:/home/nvidia/UIKA/Quadruped_Uika/install/description:/home/nvidia/UIKA/Quadruped_Uika/install/dm_imu:/opt/ros/humble LD_LIBRARY_PATH=/home/nvidia/UIKA/Quadruped_Uika/install/interfaces/lib:/home/nvidia/onnxruntime-linux-aarch64-1.22.0/lib:/home/nvidia/onnxruntime-osx-arm64-1.24.4/lib:/usr/local/lib:/usr/local/cuda-12.6/lib64:/home/nvidia/onnxruntime-linux-aarch64-1.22.0/lib:/home/nvidia/onnxruntime-osx-arm64-1.24.4/lib:/opt/ros/humble/opt/rviz_ogre_vendor/lib:/opt/ros/humble/lib/aarch64-linux-gnu:/opt/ros/humble/lib:/usr/local/lib:/usr/local/cuda-12.6/lib64 /usr/bin/cmake /home/nvidia/UIKA/Quadruped_Uika/src/robstride_ros_sample -DCMAKE_INSTALL_PREFIX=/home/nvidia/UIKA/Quadruped_Uika/install/rs_motor_ros2[0m
[858774.629s] [34mcolcon.colcon_core.event_handler.log_command[0m [1;30mDEBUG[0m [32mInvoked command in '/home/nvidia/UIKA/Quadruped_Uika/build/xbox' returned '0': CMAKE_PREFIX_PATH=${CMAKE_PREFIX_PATH}:/home/nvidia/UIKA/Quadruped_Uika/install/dm_imu:/opt/ros/humble /usr/bin/cmake --build /home/nvidia/UIKA/Quadruped_Uika/build/xbox -- -j6 -l6[0m
[858774.633s] [34mcolcon.colcon_core.event_handler.log_command[0m [1;30mDEBUG[0m [32mInvoking command in '/home/nvidia/UIKA/Quadruped_Uika/build/xbox': CMAKE_PREFIX_PATH=${CMAKE_PREFIX_PATH}:/home/nvidia/UIKA/Quadruped_Uika/install/dm_imu:/opt/ros/humble /usr/bin/cmake --install /home/nvidia/UIKA/Quadruped_Uika/build/xbox[0m
[858774.672s] [34mcolcon.colcon_core.environment[0m [1;30mLevel 1[0m create_environment_scripts_only(xbox)
[858774.673s] [34mcolcon.colcon_core.environment[0m [1;30mLevel 1[0m checking '/home/nvidia/UIKA/Quadruped_Uika/install/xbox' for CMake module files
[858774.674s] [34mcolcon.colcon_core.environment[0m [1;30mLevel 1[0m checking '/home/nvidia/UIKA/Quadruped_Uika/install/xbox' for CMake config files
[858774.674s] [34mcolcon.colcon_core.shell[0m [1;30mLevel 1[0m create_environment_hook('xbox', 'cmake_prefix_path')
[858774.675s] [34mcolcon.colcon_core.shell[0m [1;30mINFO[0m Creating environment hook '/home/nvidia/UIKA/Quadruped_Uika/install/xbox/share/xbox/hook/cmake_prefix_path.ps1'
[858774.677s] [34mcolcon.colcon_core.event_handler.log_command[0m [1;30mDEBUG[0m [32mInvoked command in '/home/nvidia/UIKA/Quadruped_Uika/build/xbox' returned '0': CMAKE_PREFIX_PATH=${CMAKE_PREFIX_PATH}:/home/nvidia/UIKA/Quadruped_Uika/install/dm_imu:/opt/ros/humble /usr/bin/cmake --install /home/nvidia/UIKA/Quadruped_Uika/build/xbox[0m
[858774.678s] [34mcolcon.colcon_core.shell[0m [1;30mINFO[0m Creating environment descriptor '/home/nvidia/UIKA/Quadruped_Uika/install/xbox/share/xbox/hook/cmake_prefix_path.dsv'
[858774.680s] [34mcolcon.colcon_core.shell[0m [1;30mINFO[0m Creating environment hook '/home/nvidia/UIKA/Quadruped_Uika/install/xbox/share/xbox/hook/cmake_prefix_path.sh'
[858774.683s] [34mcolcon.colcon_core.environment[0m [1;30mLevel 1[0m checking '/home/nvidia/UIKA/Quadruped_Uika/install/xbox/lib'
[858774.683s] [34mcolcon.colcon_core.environment[0m [1;30mLevel 1[0m checking '/home/nvidia/UIKA/Quadruped_Uika/install/xbox/bin'
[858774.683s] [34mcolcon.colcon_core.environment[0m [1;30mLevel 1[0m checking '/home/nvidia/UIKA/Quadruped_Uika/install/xbox/lib/pkgconfig/xbox.pc'
[858774.685s] [34mcolcon.colcon_core.environment[0m [1;30mLevel 1[0m checking '/home/nvidia/UIKA/Quadruped_Uika/install/xbox/lib/python3.10/site-packages'
[858774.686s] [34mcolcon.colcon_core.environment[0m [1;30mLevel 1[0m checking '/home/nvidia/UIKA/Quadruped_Uika/install/xbox/bin'
[858774.688s] [34mcolcon.colcon_core.shell[0m [1;30mINFO[0m Creating package script '/home/nvidia/UIKA/Quadruped_Uika/install/xbox/share/xbox/package.ps1'
[858774.690s] [34mcolcon.colcon_core.shell[0m [1;30mINFO[0m Creating package descriptor '/home/nvidia/UIKA/Quadruped_Uika/install/xbox/share/xbox/package.dsv'
[858774.691s] [34mcolcon.colcon_core.shell[0m [1;30mINFO[0m Creating package script '/home/nvidia/UIKA/Quadruped_Uika/install/xbox/share/xbox/package.sh'
[858774.693s] [34mcolcon.colcon_core.shell[0m [1;30mINFO[0m Creating package script '/home/nvidia/UIKA/Quadruped_Uika/install/xbox/share/xbox/package.bash'
[858774.694s] [34mcolcon.colcon_core.shell[0m [1;30mINFO[0m Creating package script '/home/nvidia/UIKA/Quadruped_Uika/install/xbox/share/xbox/package.zsh'
[858774.695s] [34mcolcon.colcon_core.environment[0m [1;30mLevel 1[0m create_file_with_runtime_dependencies(/home/nvidia/UIKA/Quadruped_Uika/install/xbox/share/colcon-core/packages/xbox)
[858774.698s] [34mcolcon.colcon_core.environment[0m [1;30mLevel 1[0m create_environment_scripts_only(xbox)
[858774.698s] [34mcolcon.colcon_core.environment[0m [1;30mLevel 1[0m checking '/home/nvidia/UIKA/Quadruped_Uika/install/xbox' for CMake module files
[858774.701s] [34mcolcon.colcon_core.environment[0m [1;30mLevel 1[0m checking '/home/nvidia/UIKA/Quadruped_Uika/install/xbox' for CMake config files
[858774.702s] [34mcolcon.colcon_core.shell[0m [1;30mLevel 1[0m create_environment_hook('xbox', 'cmake_prefix_path')
[858774.703s] [34mcolcon.colcon_core.shell[0m [1;30mINFO[0m Creating environment hook '/home/nvidia/UIKA/Quadruped_Uika/install/xbox/share/xbox/hook/cmake_prefix_path.ps1'
[858774.705s] [34mcolcon.colcon_core.shell[0m [1;30mINFO[0m Creating environment descriptor '/home/nvidia/UIKA/Quadruped_Uika/install/xbox/share/xbox/hook/cmake_prefix_path.dsv'
[858774.706s] [34mcolcon.colcon_core.shell[0m [1;30mINFO[0m Creating environment hook '/home/nvidia/UIKA/Quadruped_Uika/install/xbox/share/xbox/hook/cmake_prefix_path.sh'
[858774.708s] [34mcolcon.colcon_core.environment[0m [1;30mLevel 1[0m checking '/home/nvidia/UIKA/Quadruped_Uika/install/xbox/lib'
[858774.708s] [34mcolcon.colcon_core.environment[0m [1;30mLevel 1[0m checking '/home/nvidia/UIKA/Quadruped_Uika/install/xbox/bin'
[858774.708s] [34mcolcon.colcon_core.environment[0m [1;30mLevel 1[0m checking '/home/nvidia/UIKA/Quadruped_Uika/install/xbox/lib/pkgconfig/xbox.pc'
[858774.709s] [34mcolcon.colcon_core.environment[0m [1;30mLevel 1[0m checking '/home/nvidia/UIKA/Quadruped_Uika/install/xbox/lib/python3.10/site-packages'
[858774.710s] [34mcolcon.colcon_core.environment[0m [1;30mLevel 1[0m checking '/home/nvidia/UIKA/Quadruped_Uika/install/xbox/bin'
[858774.711s] [34mcolcon.colcon_core.shell[0m [1;30mINFO[0m Creating package script '/home/nvidia/UIKA/Quadruped_Uika/install/xbox/share/xbox/package.ps1'
[858774.713s] [34mcolcon.colcon_core.shell[0m [1;30mINFO[0m Creating package descriptor '/home/nvidia/UIKA/Quadruped_Uika/install/xbox/share/xbox/package.dsv'
[858774.715s] [34mcolcon.colcon_core.shell[0m [1;30mINFO[0m Creating package script '/home/nvidia/UIKA/Quadruped_Uika/install/xbox/share/xbox/package.sh'
[858774.716s] [34mcolcon.colcon_core.shell[0m [1;30mINFO[0m Creating package script '/home/nvidia/UIKA/Quadruped_Uika/install/xbox/share/xbox/package.bash'
[858774.718s] [34mcolcon.colcon_core.shell[0m [1;30mINFO[0m Creating package script '/home/nvidia/UIKA/Quadruped_Uika/install/xbox/share/xbox/package.zsh'
[858774.720s] [34mcolcon.colcon_core.environment[0m [1;30mLevel 1[0m create_file_with_runtime_dependencies(/home/nvidia/UIKA/Quadruped_Uika/install/xbox/share/colcon-core/packages/xbox)
[858774.721s] [34mcolcon.colcon_ros.task.ament_cmake.build[0m [1;30mINFO[0m Building ROS package in '/home/nvidia/UIKA/Quadruped_Uika/src/bringup' with build type 'ament_cmake'
[858774.721s] [34mcolcon.colcon_cmake.task.cmake.build[0m [1;30mINFO[0m Building CMake package in '/home/nvidia/UIKA/Quadruped_Uika/src/bringup'
[858774.722s] [34mcolcon.colcon_core.shell[0m [1;30mINFO[0m Skip shell extension 'powershell' for command environment: Not usable outside of PowerShell
[858774.723s] [34mcolcon.colcon_core.shell[0m [1;30mDEBUG[0m [32mSkip shell extension 'dsv' for command environment[0m
[858774.745s] [34mcolcon.colcon_core.event_handler.log_command[0m [1;30mDEBUG[0m [32mInvoking command in '/home/nvidia/UIKA/Quadruped_Uika/build/bringup': CMAKE_PREFIX_PATH=/home/nvidia/UIKA/Quadruped_Uika/install/xbox:/home/nvidia/UIKA/Quadruped_Uika/install/bringup:/home/nvidia/UIKA/Quadruped_Uika/install/rs_motor_ros2:/home/nvidia/UIKA/Quadruped_Uika/install/main_control:/home/nvidia/UIKA/Quadruped_Uika/install/estimation:/home/nvidia/UIKA/Quadruped_Uika/install/interfaces:/home/nvidia/UIKA/Quadruped_Uika/install/description:/home/nvidia/UIKA/Quadruped_Uika/install/dm_imu:/opt/ros/humble /usr/bin/cmake /home/nvidia/UIKA/Quadruped_Uika/src/bringup -DCMAKE_INSTALL_PREFIX=/home/nvidia/UIKA/Quadruped_Uika/install/bringup[0m
[858775.158s] [34mcolcon.colcon_core.event_handler.log_command[0m [1;30mDEBUG[0m [32mInvoked command in '/home/nvidia/UIKA/Quadruped_Uika/build/estimation' returned '0': CMAKE_PREFIX_PATH=/home/nvidia/UIKA/Quadruped_Uika/install/interfaces:/home/nvidia/UIKA/Quadruped_Uika/install/bringup:/home/nvidia/UIKA/Quadruped_Uika/install/xbox:/home/nvidia/UIKA/Quadruped_Uika/install/rs_motor_ros2:/home/nvidia/UIKA/Quadruped_Uika/install/main_control:/home/nvidia/UIKA/Quadruped_Uika/install/estimation:/home/nvidia/UIKA/Quadruped_Uika/install/description:/home/nvidia/UIKA/Quadruped_Uika/install/dm_imu:/opt/ros/humble LD_LIBRARY_PATH=/home/nvidia/UIKA/Quadruped_Uika/install/interfaces/lib:/home/nvidia/onnxruntime-linux-aarch64-1.22.0/lib:/home/nvidia/onnxruntime-osx-arm64-1.24.4/lib:/usr/local/lib:/usr/local/cuda-12.6/lib64:/home/nvidia/onnxruntime-linux-aarch64-1.22.0/lib:/home/nvidia/onnxruntime-osx-arm64-1.24.4/lib:/opt/ros/humble/opt/rviz_ogre_vendor/lib:/opt/ros/humble/lib/aarch64-linux-gnu:/opt/ros/humble/lib:/usr/local/lib:/usr/local/cuda-12.6/lib64 /usr/bin/cmake /home/nvidia/UIKA/Quadruped_Uika/src/estimation -DCMAKE_INSTALL_PREFIX=/home/nvidia/UIKA/Quadruped_Uika/install/estimation[0m
[858775.159s] [34mcolcon.colcon_core.event_handler.log_command[0m [1;30mDEBUG[0m [32mInvoking command in '/home/nvidia/UIKA/Quadruped_Uika/build/estimation': CMAKE_PREFIX_PATH=/home/nvidia/UIKA/Quadruped_Uika/install/interfaces:/home/nvidia/UIKA/Quadruped_Uika/install/bringup:/home/nvidia/UIKA/Quadruped_Uika/install/xbox:/home/nvidia/UIKA/Quadruped_Uika/install/rs_motor_ros2:/home/nvidia/UIKA/Quadruped_Uika/install/main_control:/home/nvidia/UIKA/Quadruped_Uika/install/estimation:/home/nvidia/UIKA/Quadruped_Uika/install/description:/home/nvidia/UIKA/Quadruped_Uika/install/dm_imu:/opt/ros/humble LD_LIBRARY_PATH=/home/nvidia/UIKA/Quadruped_Uika/install/interfaces/lib:/home/nvidia/onnxruntime-linux-aarch64-1.22.0/lib:/home/nvidia/onnxruntime-osx-arm64-1.24.4/lib:/usr/local/lib:/usr/local/cuda-12.6/lib64:/home/nvidia/onnxruntime-linux-aarch64-1.22.0/lib:/home/nvidia/onnxruntime-osx-arm64-1.24.4/lib:/opt/ros/humble/opt/rviz_ogre_vendor/lib:/opt/ros/humble/lib/aarch64-linux-gnu:/opt/ros/humble/lib:/usr/local/lib:/usr/local/cuda-12.6/lib64 /usr/bin/cmake --build /home/nvidia/UIKA/Quadruped_Uika/build/estimation -- -j6 -l6[0m
[858775.183s] [34mcolcon.colcon_core.event_handler.log_command[0m [1;30mDEBUG[0m [32mInvoked command in '/home/nvidia/UIKA/Quadruped_Uika/build/rs_motor_ros2' returned '0': CMAKE_PREFIX_PATH=/home/nvidia/UIKA/Quadruped_Uika/install/interfaces:/home/nvidia/UIKA/Quadruped_Uika/install/bringup:/home/nvidia/UIKA/Quadruped_Uika/install/xbox:/home/nvidia/UIKA/Quadruped_Uika/install/rs_motor_ros2:/home/nvidia/UIKA/Quadruped_Uika/install/main_control:/home/nvidia/UIKA/Quadruped_Uika/install/estimation:/home/nvidia/UIKA/Quadruped_Uika/install/description:/home/nvidia/UIKA/Quadruped_Uika/install/dm_imu:/opt/ros/humble LD_LIBRARY_PATH=/home/nvidia/UIKA/Quadruped_Uika/install/interfaces/lib:/home/nvidia/onnxruntime-linux-aarch64-1.22.0/lib:/home/nvidia/onnxruntime-osx-arm64-1.24.4/lib:/usr/local/lib:/usr/local/cuda-12.6/lib64:/home/nvidia/onnxruntime-linux-aarch64-1.22.0/lib:/home/nvidia/onnxruntime-osx-arm64-1.24.4/lib:/opt/ros/humble/opt/rviz_ogre_vendor/lib:/opt/ros/humble/lib/aarch64-linux-gnu:/opt/ros/humble/lib:/usr/local/lib:/usr/local/cuda-12.6/lib64 /usr/bin/cmake /home/nvidia/UIKA/Quadruped_Uika/src/robstride_ros_sample -DCMAKE_INSTALL_PREFIX=/home/nvidia/UIKA/Quadruped_Uika/install/rs_motor_ros2[0m
[858775.187s] [34mcolcon.colcon_core.event_handler.log_command[0m [1;30mDEBUG[0m [32mInvoking command in '/home/nvidia/UIKA/Quadruped_Uika/build/rs_motor_ros2': CMAKE_PREFIX_PATH=/home/nvidia/UIKA/Quadruped_Uika/install/interfaces:/home/nvidia/UIKA/Quadruped_Uika/install/bringup:/home/nvidia/UIKA/Quadruped_Uika/install/xbox:/home/nvidia/UIKA/Quadruped_Uika/install/rs_motor_ros2:/home/nvidia/UIKA/Quadruped_Uika/install/main_control:/home/nvidia/UIKA/Quadruped_Uika/install/estimation:/home/nvidia/UIKA/Quadruped_Uika/install/description:/home/nvidia/UIKA/Quadruped_Uika/install/dm_imu:/opt/ros/humble LD_LIBRARY_PATH=/home/nvidia/UIKA/Quadruped_Uika/install/interfaces/lib:/home/nvidia/onnxruntime-linux-aarch64-1.22.0/lib:/home/nvidia/onnxruntime-osx-arm64-1.24.4/lib:/usr/local/lib:/usr/local/cuda-12.6/lib64:/home/nvidia/onnxruntime-linux-aarch64-1.22.0/lib:/home/nvidia/onnxruntime-osx-arm64-1.24.4/lib:/opt/ros/humble/opt/rviz_ogre_vendor/lib:/opt/ros/humble/lib/aarch64-linux-gnu:/opt/ros/humble/lib:/usr/local/lib:/usr/local/cuda-12.6/lib64 /usr/bin/cmake --build /home/nvidia/UIKA/Quadruped_Uika/build/rs_motor_ros2 -- -j6 -l6[0m
[858776.217s] [34mcolcon.colcon_core.event_handler.log_command[0m [1;30mDEBUG[0m [32mInvoked command in '/home/nvidia/UIKA/Quadruped_Uika/build/bringup' returned '0': CMAKE_PREFIX_PATH=/home/nvidia/UIKA/Quadruped_Uika/install/xbox:/home/nvidia/UIKA/Quadruped_Uika/install/bringup:/home/nvidia/UIKA/Quadruped_Uika/install/rs_motor_ros2:/home/nvidia/UIKA/Quadruped_Uika/install/main_control:/home/nvidia/UIKA/Quadruped_Uika/install/estimation:/home/nvidia/UIKA/Quadruped_Uika/install/interfaces:/home/nvidia/UIKA/Quadruped_Uika/install/description:/home/nvidia/UIKA/Quadruped_Uika/install/dm_imu:/opt/ros/humble /usr/bin/cmake /home/nvidia/UIKA/Quadruped_Uika/src/bringup -DCMAKE_INSTALL_PREFIX=/home/nvidia/UIKA/Quadruped_Uika/install/bringup[0m
[858776.218s] [34mcolcon.colcon_core.event_handler.log_command[0m [1;30mDEBUG[0m [32mInvoking command in '/home/nvidia/UIKA/Quadruped_Uika/build/bringup': CMAKE_PREFIX_PATH=/home/nvidia/UIKA/Quadruped_Uika/install/xbox:/home/nvidia/UIKA/Quadruped_Uika/install/bringup:/home/nvidia/UIKA/Quadruped_Uika/install/rs_motor_ros2:/home/nvidia/UIKA/Quadruped_Uika/install/main_control:/home/nvidia/UIKA/Quadruped_Uika/install/estimation:/home/nvidia/UIKA/Quadruped_Uika/install/interfaces:/home/nvidia/UIKA/Quadruped_Uika/install/description:/home/nvidia/UIKA/Quadruped_Uika/install/dm_imu:/opt/ros/humble /usr/bin/cmake --build /home/nvidia/UIKA/Quadruped_Uika/build/bringup -- -j6 -l6[0m
[858776.304s] [34mcolcon.colcon_core.event_handler.log_command[0m [1;30mDEBUG[0m [32mInvoked command in '/home/nvidia/UIKA/Quadruped_Uika/build/bringup' returned '0': CMAKE_PREFIX_PATH=/home/nvidia/UIKA/Quadruped_Uika/install/xbox:/home/nvidia/UIKA/Quadruped_Uika/install/bringup:/home/nvidia/UIKA/Quadruped_Uika/install/rs_motor_ros2:/home/nvidia/UIKA/Quadruped_Uika/install/main_control:/home/nvidia/UIKA/Quadruped_Uika/install/estimation:/home/nvidia/UIKA/Quadruped_Uika/install/interfaces:/home/nvidia/UIKA/Quadruped_Uika/install/description:/home/nvidia/UIKA/Quadruped_Uika/install/dm_imu:/opt/ros/humble /usr/bin/cmake --build /home/nvidia/UIKA/Quadruped_Uika/build/bringup -- -j6 -l6[0m
[858776.307s] [34mcolcon.colcon_core.event_handler.log_command[0m [1;30mDEBUG[0m [32mInvoking command in '/home/nvidia/UIKA/Quadruped_Uika/build/bringup': CMAKE_PREFIX_PATH=/home/nvidia/UIKA/Quadruped_Uika/install/xbox:/home/nvidia/UIKA/Quadruped_Uika/install/bringup:/home/nvidia/UIKA/Quadruped_Uika/install/rs_motor_ros2:/home/nvidia/UIKA/Quadruped_Uika/install/main_control:/home/nvidia/UIKA/Quadruped_Uika/install/estimation:/home/nvidia/UIKA/Quadruped_Uika/install/interfaces:/home/nvidia/UIKA/Quadruped_Uika/install/description:/home/nvidia/UIKA/Quadruped_Uika/install/dm_imu:/opt/ros/humble /usr/bin/cmake --install /home/nvidia/UIKA/Quadruped_Uika/build/bringup[0m
[858776.337s] [34mcolcon.colcon_core.environment[0m [1;30mLevel 1[0m create_environment_scripts_only(bringup)
[858776.337s] [34mcolcon.colcon_core.environment[0m [1;30mLevel 1[0m checking '/home/nvidia/UIKA/Quadruped_Uika/install/bringup' for CMake module files
[858776.339s] [34mcolcon.colcon_core.environment[0m [1;30mLevel 1[0m checking '/home/nvidia/UIKA/Quadruped_Uika/install/bringup' for CMake config files
[858776.339s] [34mcolcon.colcon_core.shell[0m [1;30mLevel 1[0m create_environment_hook('bringup', 'cmake_prefix_path')
[858776.340s] [34mcolcon.colcon_core.shell[0m [1;30mINFO[0m Creating environment hook '/home/nvidia/UIKA/Quadruped_Uika/install/bringup/share/bringup/hook/cmake_prefix_path.ps1'
[858776.342s] [34mcolcon.colcon_core.shell[0m [1;30mINFO[0m Creating environment descriptor '/home/nvidia/UIKA/Quadruped_Uika/install/bringup/share/bringup/hook/cmake_prefix_path.dsv'
[858776.343s] [34mcolcon.colcon_core.shell[0m [1;30mINFO[0m Creating environment hook '/home/nvidia/UIKA/Quadruped_Uika/install/bringup/share/bringup/hook/cmake_prefix_path.sh'
[858776.345s] [34mcolcon.colcon_core.environment[0m [1;30mLevel 1[0m checking '/home/nvidia/UIKA/Quadruped_Uika/install/bringup/bin'
[858776.345s] [34mcolcon.colcon_core.environment[0m [1;30mLevel 1[0m checking '/home/nvidia/UIKA/Quadruped_Uika/install/bringup/lib/pkgconfig/bringup.pc'
[858776.345s] [34mcolcon.colcon_core.environment[0m [1;30mLevel 1[0m checking '/home/nvidia/UIKA/Quadruped_Uika/install/bringup/lib/python3.10/site-packages'
[858776.346s] [34mcolcon.colcon_core.environment[0m [1;30mLevel 1[0m checking '/home/nvidia/UIKA/Quadruped_Uika/install/bringup/bin'
[858776.347s] [34mcolcon.colcon_core.shell[0m [1;30mINFO[0m Creating package script '/home/nvidia/UIKA/Quadruped_Uika/install/bringup/share/bringup/package.ps1'
[858776.341s] [34mcolcon.colcon_core.event_handler.log_command[0m [1;30mDEBUG[0m [32mInvoked command in '/home/nvidia/UIKA/Quadruped_Uika/build/bringup' returned '0': CMAKE_PREFIX_PATH=/home/nvidia/UIKA/Quadruped_Uika/install/xbox:/home/nvidia/UIKA/Quadruped_Uika/install/bringup:/home/nvidia/UIKA/Quadruped_Uika/install/rs_motor_ros2:/home/nvidia/UIKA/Quadruped_Uika/install/main_control:/home/nvidia/UIKA/Quadruped_Uika/install/estimation:/home/nvidia/UIKA/Quadruped_Uika/install/interfaces:/home/nvidia/UIKA/Quadruped_Uika/install/description:/home/nvidia/UIKA/Quadruped_Uika/install/dm_imu:/opt/ros/humble /usr/bin/cmake --install /home/nvidia/UIKA/Quadruped_Uika/build/bringup[0m
[858776.350s] [34mcolcon.colcon_core.shell[0m [1;30mINFO[0m Creating package descriptor '/home/nvidia/UIKA/Quadruped_Uika/install/bringup/share/bringup/package.dsv'
[858776.351s] [34mcolcon.colcon_core.shell[0m [1;30mINFO[0m Creating package script '/home/nvidia/UIKA/Quadruped_Uika/install/bringup/share/bringup/package.sh'
[858776.352s] [34mcolcon.colcon_core.shell[0m [1;30mINFO[0m Creating package script '/home/nvidia/UIKA/Quadruped_Uika/install/bringup/share/bringup/package.bash'
[858776.353s] [34mcolcon.colcon_core.shell[0m [1;30mINFO[0m Creating package script '/home/nvidia/UIKA/Quadruped_Uika/install/bringup/share/bringup/package.zsh'
[858776.354s] [34mcolcon.colcon_core.environment[0m [1;30mLevel 1[0m create_file_with_runtime_dependencies(/home/nvidia/UIKA/Quadruped_Uika/install/bringup/share/colcon-core/packages/bringup)
[858776.356s] [34mcolcon.colcon_core.environment[0m [1;30mLevel 1[0m create_environment_scripts_only(bringup)
[858776.356s] [34mcolcon.colcon_core.environment[0m [1;30mLevel 1[0m checking '/home/nvidia/UIKA/Quadruped_Uika/install/bringup' for CMake module files
[858776.357s] [34mcolcon.colcon_core.environment[0m [1;30mLevel 1[0m checking '/home/nvidia/UIKA/Quadruped_Uika/install/bringup' for CMake config files
[858776.358s] [34mcolcon.colcon_core.shell[0m [1;30mLevel 1[0m create_environment_hook('bringup', 'cmake_prefix_path')
[858776.358s] [34mcolcon.colcon_core.shell[0m [1;30mINFO[0m Creating environment hook '/home/nvidia/UIKA/Quadruped_Uika/install/bringup/share/bringup/hook/cmake_prefix_path.ps1'
[858776.360s] [34mcolcon.colcon_core.shell[0m [1;30mINFO[0m Creating environment descriptor '/home/nvidia/UIKA/Quadruped_Uika/install/bringup/share/bringup/hook/cmake_prefix_path.dsv'
[858776.361s] [34mcolcon.colcon_core.shell[0m [1;30mINFO[0m Creating environment hook '/home/nvidia/UIKA/Quadruped_Uika/install/bringup/share/bringup/hook/cmake_prefix_path.sh'
[858776.362s] [34mcolcon.colcon_core.environment[0m [1;30mLevel 1[0m checking '/home/nvidia/UIKA/Quadruped_Uika/install/bringup/bin'
[858776.363s] [34mcolcon.colcon_core.environment[0m [1;30mLevel 1[0m checking '/home/nvidia/UIKA/Quadruped_Uika/install/bringup/lib/pkgconfig/bringup.pc'
[858776.363s] [34mcolcon.colcon_core.environment[0m [1;30mLevel 1[0m checking '/home/nvidia/UIKA/Quadruped_Uika/install/bringup/lib/python3.10/site-packages'
[858776.364s] [34mcolcon.colcon_core.environment[0m [1;30mLevel 1[0m checking '/home/nvidia/UIKA/Quadruped_Uika/install/bringup/bin'
[858776.365s] [34mcolcon.colcon_core.shell[0m [1;30mINFO[0m Creating package script '/home/nvidia/UIKA/Quadruped_Uika/install/bringup/share/bringup/package.ps1'
[858776.366s] [34mcolcon.colcon_core.shell[0m [1;30mINFO[0m Creating package descriptor '/home/nvidia/UIKA/Quadruped_Uika/install/bringup/share/bringup/package.dsv'
[858776.367s] [34mcolcon.colcon_core.shell[0m [1;30mINFO[0m Creating package script '/home/nvidia/UIKA/Quadruped_Uika/install/bringup/share/bringup/package.sh'
[858776.369s] [34mcolcon.colcon_core.shell[0m [1;30mINFO[0m Creating package script '/home/nvidia/UIKA/Quadruped_Uika/install/bringup/share/bringup/package.bash'
[858776.370s] [34mcolcon.colcon_core.shell[0m [1;30mINFO[0m Creating package script '/home/nvidia/UIKA/Quadruped_Uika/install/bringup/share/bringup/package.zsh'
[858776.371s] [34mcolcon.colcon_core.environment[0m [1;30mLevel 1[0m create_file_with_runtime_dependencies(/home/nvidia/UIKA/Quadruped_Uika/install/bringup/share/colcon-core/packages/bringup)
[858801.121s] [34mcolcon.colcon_core.event_handler.log_command[0m [1;30mDEBUG[0m [32mInvoked command in '/home/nvidia/UIKA/Quadruped_Uika/build/rs_motor_ros2' returned '0': CMAKE_PREFIX_PATH=/home/nvidia/UIKA/Quadruped_Uika/install/interfaces:/home/nvidia/UIKA/Quadruped_Uika/install/bringup:/home/nvidia/UIKA/Quadruped_Uika/install/xbox:/home/nvidia/UIKA/Quadruped_Uika/install/rs_motor_ros2:/home/nvidia/UIKA/Quadruped_Uika/install/main_control:/home/nvidia/UIKA/Quadruped_Uika/install/estimation:/home/nvidia/UIKA/Quadruped_Uika/install/description:/home/nvidia/UIKA/Quadruped_Uika/install/dm_imu:/opt/ros/humble LD_LIBRARY_PATH=/home/nvidia/UIKA/Quadruped_Uika/install/interfaces/lib:/home/nvidia/onnxruntime-linux-aarch64-1.22.0/lib:/home/nvidia/onnxruntime-osx-arm64-1.24.4/lib:/usr/local/lib:/usr/local/cuda-12.6/lib64:/home/nvidia/onnxruntime-linux-aarch64-1.22.0/lib:/home/nvidia/onnxruntime-osx-arm64-1.24.4/lib:/opt/ros/humble/opt/rviz_ogre_vendor/lib:/opt/ros/humble/lib/aarch64-linux-gnu:/opt/ros/humble/lib:/usr/local/lib:/usr/local/cuda-12.6/lib64 /usr/bin/cmake --build /home/nvidia/UIKA/Quadruped_Uika/build/rs_motor_ros2 -- -j6 -l6[0m
[858801.126s] [34mcolcon.colcon_core.event_handler.log_command[0m [1;30mDEBUG[0m [32mInvoking command in '/home/nvidia/UIKA/Quadruped_Uika/build/rs_motor_ros2': CMAKE_PREFIX_PATH=/home/nvidia/UIKA/Quadruped_Uika/install/interfaces:/home/nvidia/UIKA/Quadruped_Uika/install/bringup:/home/nvidia/UIKA/Quadruped_Uika/install/xbox:/home/nvidia/UIKA/Quadruped_Uika/install/rs_motor_ros2:/home/nvidia/UIKA/Quadruped_Uika/install/main_control:/home/nvidia/UIKA/Quadruped_Uika/install/estimation:/home/nvidia/UIKA/Quadruped_Uika/install/description:/home/nvidia/UIKA/Quadruped_Uika/install/dm_imu:/opt/ros/humble LD_LIBRARY_PATH=/home/nvidia/UIKA/Quadruped_Uika/install/interfaces/lib:/home/nvidia/onnxruntime-linux-aarch64-1.22.0/lib:/home/nvidia/onnxruntime-osx-arm64-1.24.4/lib:/usr/local/lib:/usr/local/cuda-12.6/lib64:/home/nvidia/onnxruntime-linux-aarch64-1.22.0/lib:/home/nvidia/onnxruntime-osx-arm64-1.24.4/lib:/opt/ros/humble/opt/rviz_ogre_vendor/lib:/opt/ros/humble/lib/aarch64-linux-gnu:/opt/ros/humble/lib:/usr/local/lib:/usr/local/cuda-12.6/lib64 /usr/bin/cmake --install /home/nvidia/UIKA/Quadruped_Uika/build/rs_motor_ros2[0m
[858801.166s] [34mcolcon.colcon_core.environment[0m [1;30mLevel 1[0m create_environment_scripts_only(rs_motor_ros2)
[858801.167s] [34mcolcon.colcon_core.environment[0m [1;30mLevel 1[0m checking '/home/nvidia/UIKA/Quadruped_Uika/install/rs_motor_ros2' for CMake module files
[858801.168s] [34mcolcon.colcon_core.event_handler.log_command[0m [1;30mDEBUG[0m [32mInvoked command in '/home/nvidia/UIKA/Quadruped_Uika/build/rs_motor_ros2' returned '0': CMAKE_PREFIX_PATH=/home/nvidia/UIKA/Quadruped_Uika/install/interfaces:/home/nvidia/UIKA/Quadruped_Uika/install/bringup:/home/nvidia/UIKA/Quadruped_Uika/install/xbox:/home/nvidia/UIKA/Quadruped_Uika/install/rs_motor_ros2:/home/nvidia/UIKA/Quadruped_Uika/install/main_control:/home/nvidia/UIKA/Quadruped_Uika/install/estimation:/home/nvidia/UIKA/Quadruped_Uika/install/description:/home/nvidia/UIKA/Quadruped_Uika/install/dm_imu:/opt/ros/humble LD_LIBRARY_PATH=/home/nvidia/UIKA/Quadruped_Uika/install/interfaces/lib:/home/nvidia/onnxruntime-linux-aarch64-1.22.0/lib:/home/nvidia/onnxruntime-osx-arm64-1.24.4/lib:/usr/local/lib:/usr/local/cuda-12.6/lib64:/home/nvidia/onnxruntime-linux-aarch64-1.22.0/lib:/home/nvidia/onnxruntime-osx-arm64-1.24.4/lib:/opt/ros/humble/opt/rviz_ogre_vendor/lib:/opt/ros/humble/lib/aarch64-linux-gnu:/opt/ros/humble/lib:/usr/local/lib:/usr/local/cuda-12.6/lib64 /usr/bin/cmake --install /home/nvidia/UIKA/Quadruped_Uika/build/rs_motor_ros2[0m
[858801.170s] [34mcolcon.colcon_core.environment[0m [1;30mLevel 1[0m checking '/home/nvidia/UIKA/Quadruped_Uika/install/rs_motor_ros2' for CMake config files
[858801.170s] [34mcolcon.colcon_core.shell[0m [1;30mLevel 1[0m create_environment_hook('rs_motor_ros2', 'cmake_prefix_path')
[858801.171s] [34mcolcon.colcon_core.shell[0m [1;30mINFO[0m Creating environment hook '/home/nvidia/UIKA/Quadruped_Uika/install/rs_motor_ros2/share/rs_motor_ros2/hook/cmake_prefix_path.ps1'
[858801.173s] [34mcolcon.colcon_core.shell[0m [1;30mINFO[0m Creating environment descriptor '/home/nvidia/UIKA/Quadruped_Uika/install/rs_motor_ros2/share/rs_motor_ros2/hook/cmake_prefix_path.dsv'
[858801.174s] [34mcolcon.colcon_core.shell[0m [1;30mINFO[0m Creating environment hook '/home/nvidia/UIKA/Quadruped_Uika/install/rs_motor_ros2/share/rs_motor_ros2/hook/cmake_prefix_path.sh'
[858801.176s] [34mcolcon.colcon_core.environment[0m [1;30mLevel 1[0m checking '/home/nvidia/UIKA/Quadruped_Uika/install/rs_motor_ros2/lib'
[858801.176s] [34mcolcon.colcon_core.environment[0m [1;30mLevel 1[0m checking '/home/nvidia/UIKA/Quadruped_Uika/install/rs_motor_ros2/bin'
[858801.177s] [34mcolcon.colcon_core.environment[0m [1;30mLevel 1[0m checking '/home/nvidia/UIKA/Quadruped_Uika/install/rs_motor_ros2/lib/pkgconfig/rs_motor_ros2.pc'
[858801.178s] [34mcolcon.colcon_core.environment[0m [1;30mLevel 1[0m checking '/home/nvidia/UIKA/Quadruped_Uika/install/rs_motor_ros2/lib/python3.10/site-packages'
[858801.179s] [34mcolcon.colcon_core.environment[0m [1;30mLevel 1[0m checking '/home/nvidia/UIKA/Quadruped_Uika/install/rs_motor_ros2/bin'
[858801.180s] [34mcolcon.colcon_core.shell[0m [1;30mINFO[0m Creating package script '/home/nvidia/UIKA/Quadruped_Uika/install/rs_motor_ros2/share/rs_motor_ros2/package.ps1'
[858801.182s] [34mcolcon.colcon_core.shell[0m [1;30mINFO[0m Creating package descriptor '/home/nvidia/UIKA/Quadruped_Uika/install/rs_motor_ros2/share/rs_motor_ros2/package.dsv'
[858801.183s] [34mcolcon.colcon_core.shell[0m [1;30mINFO[0m Creating package script '/home/nvidia/UIKA/Quadruped_Uika/install/rs_motor_ros2/share/rs_motor_ros2/package.sh'
[858801.185s] [34mcolcon.colcon_core.shell[0m [1;30mINFO[0m Creating package script '/home/nvidia/UIKA/Quadruped_Uika/install/rs_motor_ros2/share/rs_motor_ros2/package.bash'
[858801.186s] [34mcolcon.colcon_core.shell[0m [1;30mINFO[0m Creating package script '/home/nvidia/UIKA/Quadruped_Uika/install/rs_motor_ros2/share/rs_motor_ros2/package.zsh'
[858801.187s] [34mcolcon.colcon_core.environment[0m [1;30mLevel 1[0m create_file_with_runtime_dependencies(/home/nvidia/UIKA/Quadruped_Uika/install/rs_motor_ros2/share/colcon-core/packages/rs_motor_ros2)
[858801.189s] [34mcolcon.colcon_core.environment[0m [1;30mLevel 1[0m create_environment_scripts_only(rs_motor_ros2)
[858801.190s] [34mcolcon.colcon_core.environment[0m [1;30mLevel 1[0m checking '/home/nvidia/UIKA/Quadruped_Uika/install/rs_motor_ros2' for CMake module files
[858801.192s] [34mcolcon.colcon_core.environment[0m [1;30mLevel 1[0m checking '/home/nvidia/UIKA/Quadruped_Uika/install/rs_motor_ros2' for CMake config files
[858801.193s] [34mcolcon.colcon_core.shell[0m [1;30mLevel 1[0m create_environment_hook('rs_motor_ros2', 'cmake_prefix_path')
[858801.193s] [34mcolcon.colcon_core.shell[0m [1;30mINFO[0m Creating environment hook '/home/nvidia/UIKA/Quadruped_Uika/install/rs_motor_ros2/share/rs_motor_ros2/hook/cmake_prefix_path.ps1'
[858801.195s] [34mcolcon.colcon_core.shell[0m [1;30mINFO[0m Creating environment descriptor '/home/nvidia/UIKA/Quadruped_Uika/install/rs_motor_ros2/share/rs_motor_ros2/hook/cmake_prefix_path.dsv'
[858801.197s] [34mcolcon.colcon_core.shell[0m [1;30mINFO[0m Creating environment hook '/home/nvidia/UIKA/Quadruped_Uika/install/rs_motor_ros2/share/rs_motor_ros2/hook/cmake_prefix_path.sh'
[858801.199s] [34mcolcon.colcon_core.environment[0m [1;30mLevel 1[0m checking '/home/nvidia/UIKA/Quadruped_Uika/install/rs_motor_ros2/lib'
[858801.199s] [34mcolcon.colcon_core.environment[0m [1;30mLevel 1[0m checking '/home/nvidia/UIKA/Quadruped_Uika/install/rs_motor_ros2/bin'
[858801.199s] [34mcolcon.colcon_core.environment[0m [1;30mLevel 1[0m checking '/home/nvidia/UIKA/Quadruped_Uika/install/rs_motor_ros2/lib/pkgconfig/rs_motor_ros2.pc'
[858801.200s] [34mcolcon.colcon_core.environment[0m [1;30mLevel 1[0m checking '/home/nvidia/UIKA/Quadruped_Uika/install/rs_motor_ros2/lib/python3.10/site-packages'
[858801.201s] [34mcolcon.colcon_core.environment[0m [1;30mLevel 1[0m checking '/home/nvidia/UIKA/Quadruped_Uika/install/rs_motor_ros2/bin'
[858801.203s] [34mcolcon.colcon_core.shell[0m [1;30mINFO[0m Creating package script '/home/nvidia/UIKA/Quadruped_Uika/install/rs_motor_ros2/share/rs_motor_ros2/package.ps1'
[858801.204s] [34mcolcon.colcon_core.shell[0m [1;30mINFO[0m Creating package descriptor '/home/nvidia/UIKA/Quadruped_Uika/install/rs_motor_ros2/share/rs_motor_ros2/package.dsv'
[858801.206s] [34mcolcon.colcon_core.shell[0m [1;30mINFO[0m Creating package script '/home/nvidia/UIKA/Quadruped_Uika/install/rs_motor_ros2/share/rs_motor_ros2/package.sh'
[858801.208s] [34mcolcon.colcon_core.shell[0m [1;30mINFO[0m Creating package script '/home/nvidia/UIKA/Quadruped_Uika/install/rs_motor_ros2/share/rs_motor_ros2/package.bash'
[858801.209s] [34mcolcon.colcon_core.shell[0m [1;30mINFO[0m Creating package script '/home/nvidia/UIKA/Quadruped_Uika/install/rs_motor_ros2/share/rs_motor_ros2/package.zsh'
[858801.211s] [34mcolcon.colcon_core.environment[0m [1;30mLevel 1[0m create_file_with_runtime_dependencies(/home/nvidia/UIKA/Quadruped_Uika/install/rs_motor_ros2/share/colcon-core/packages/rs_motor_ros2)
[858810.567s] [34mcolcon.colcon_core.event_handler.log_command[0m [1;30mDEBUG[0m [32mInvoked command in '/home/nvidia/UIKA/Quadruped_Uika/build/estimation' returned '0': CMAKE_PREFIX_PATH=/home/nvidia/UIKA/Quadruped_Uika/install/interfaces:/home/nvidia/UIKA/Quadruped_Uika/install/bringup:/home/nvidia/UIKA/Quadruped_Uika/install/xbox:/home/nvidia/UIKA/Quadruped_Uika/install/rs_motor_ros2:/home/nvidia/UIKA/Quadruped_Uika/install/main_control:/home/nvidia/UIKA/Quadruped_Uika/install/estimation:/home/nvidia/UIKA/Quadruped_Uika/install/description:/home/nvidia/UIKA/Quadruped_Uika/install/dm_imu:/opt/ros/humble LD_LIBRARY_PATH=/home/nvidia/UIKA/Quadruped_Uika/install/interfaces/lib:/home/nvidia/onnxruntime-linux-aarch64-1.22.0/lib:/home/nvidia/onnxruntime-osx-arm64-1.24.4/lib:/usr/local/lib:/usr/local/cuda-12.6/lib64:/home/nvidia/onnxruntime-linux-aarch64-1.22.0/lib:/home/nvidia/onnxruntime-osx-arm64-1.24.4/lib:/opt/ros/humble/opt/rviz_ogre_vendor/lib:/opt/ros/humble/lib/aarch64-linux-gnu:/opt/ros/humble/lib:/usr/local/lib:/usr/local/cuda-12.6/lib64 /usr/bin/cmake --build /home/nvidia/UIKA/Quadruped_Uika/build/estimation -- -j6 -l6[0m
[858810.572s] [34mcolcon.colcon_core.event_handler.log_command[0m [1;30mDEBUG[0m [32mInvoking command in '/home/nvidia/UIKA/Quadruped_Uika/build/estimation': CMAKE_PREFIX_PATH=/home/nvidia/UIKA/Quadruped_Uika/install/interfaces:/home/nvidia/UIKA/Quadruped_Uika/install/bringup:/home/nvidia/UIKA/Quadruped_Uika/install/xbox:/home/nvidia/UIKA/Quadruped_Uika/install/rs_motor_ros2:/home/nvidia/UIKA/Quadruped_Uika/install/main_control:/home/nvidia/UIKA/Quadruped_Uika/install/estimation:/home/nvidia/UIKA/Quadruped_Uika/install/description:/home/nvidia/UIKA/Quadruped_Uika/install/dm_imu:/opt/ros/humble LD_LIBRARY_PATH=/home/nvidia/UIKA/Quadruped_Uika/install/interfaces/lib:/home/nvidia/onnxruntime-linux-aarch64-1.22.0/lib:/home/nvidia/onnxruntime-osx-arm64-1.24.4/lib:/usr/local/lib:/usr/local/cuda-12.6/lib64:/home/nvidia/onnxruntime-linux-aarch64-1.22.0/lib:/home/nvidia/onnxruntime-osx-arm64-1.24.4/lib:/opt/ros/humble/opt/rviz_ogre_vendor/lib:/opt/ros/humble/lib/aarch64-linux-gnu:/opt/ros/humble/lib:/usr/local/lib:/usr/local/cuda-12.6/lib64 /usr/bin/cmake --install /home/nvidia/UIKA/Quadruped_Uika/build/estimation[0m
[858810.613s] [34mcolcon.colcon_core.environment[0m [1;30mLevel 1[0m create_environment_scripts_only(estimation)
[858810.614s] [34mcolcon.colcon_core.environment[0m [1;30mLevel 1[0m checking '/home/nvidia/UIKA/Quadruped_Uika/install/estimation' for CMake module files
[858810.615s] [34mcolcon.colcon_core.event_handler.log_command[0m [1;30mDEBUG[0m [32mInvoked command in '/home/nvidia/UIKA/Quadruped_Uika/build/estimation' returned '0': CMAKE_PREFIX_PATH=/home/nvidia/UIKA/Quadruped_Uika/install/interfaces:/home/nvidia/UIKA/Quadruped_Uika/install/bringup:/home/nvidia/UIKA/Quadruped_Uika/install/xbox:/home/nvidia/UIKA/Quadruped_Uika/install/rs_motor_ros2:/home/nvidia/UIKA/Quadruped_Uika/install/main_control:/home/nvidia/UIKA/Quadruped_Uika/install/estimation:/home/nvidia/UIKA/Quadruped_Uika/install/description:/home/nvidia/UIKA/Quadruped_Uika/install/dm_imu:/opt/ros/humble LD_LIBRARY_PATH=/home/nvidia/UIKA/Quadruped_Uika/install/interfaces/lib:/home/nvidia/onnxruntime-linux-aarch64-1.22.0/lib:/home/nvidia/onnxruntime-osx-arm64-1.24.4/lib:/usr/local/lib:/usr/local/cuda-12.6/lib64:/home/nvidia/onnxruntime-linux-aarch64-1.22.0/lib:/home/nvidia/onnxruntime-osx-arm64-1.24.4/lib:/opt/ros/humble/opt/rviz_ogre_vendor/lib:/opt/ros/humble/lib/aarch64-linux-gnu:/opt/ros/humble/lib:/usr/local/lib:/usr/local/cuda-12.6/lib64 /usr/bin/cmake --install /home/nvidia/UIKA/Quadruped_Uika/build/estimation[0m
[858810.617s] [34mcolcon.colcon_core.environment[0m [1;30mLevel 1[0m checking '/home/nvidia/UIKA/Quadruped_Uika/install/estimation' for CMake config files
[858810.617s] [34mcolcon.colcon_core.shell[0m [1;30mLevel 1[0m create_environment_hook('estimation', 'cmake_prefix_path')
[858810.618s] [34mcolcon.colcon_core.shell[0m [1;30mINFO[0m Creating environment hook '/home/nvidia/UIKA/Quadruped_Uika/install/estimation/share/estimation/hook/cmake_prefix_path.ps1'
[858810.620s] [34mcolcon.colcon_core.shell[0m [1;30mINFO[0m Creating environment descriptor '/home/nvidia/UIKA/Quadruped_Uika/install/estimation/share/estimation/hook/cmake_prefix_path.dsv'
[858810.621s] [34mcolcon.colcon_core.shell[0m [1;30mINFO[0m Creating environment hook '/home/nvidia/UIKA/Quadruped_Uika/install/estimation/share/estimation/hook/cmake_prefix_path.sh'
[858810.623s] [34mcolcon.colcon_core.environment[0m [1;30mLevel 1[0m checking '/home/nvidia/UIKA/Quadruped_Uika/install/estimation/lib'
[858810.624s] [34mcolcon.colcon_core.environment[0m [1;30mLevel 1[0m checking '/home/nvidia/UIKA/Quadruped_Uika/install/estimation/bin'
[858810.624s] [34mcolcon.colcon_core.environment[0m [1;30mLevel 1[0m checking '/home/nvidia/UIKA/Quadruped_Uika/install/estimation/lib/pkgconfig/estimation.pc'
[858810.625s] [34mcolcon.colcon_core.environment[0m [1;30mLevel 1[0m checking '/home/nvidia/UIKA/Quadruped_Uika/install/estimation/lib/python3.10/site-packages'
[858810.626s] [34mcolcon.colcon_core.environment[0m [1;30mLevel 1[0m checking '/home/nvidia/UIKA/Quadruped_Uika/install/estimation/bin'
[858810.627s] [34mcolcon.colcon_core.shell[0m [1;30mINFO[0m Creating package script '/home/nvidia/UIKA/Quadruped_Uika/install/estimation/share/estimation/package.ps1'
[858810.629s] [34mcolcon.colcon_core.shell[0m [1;30mINFO[0m Creating package descriptor '/home/nvidia/UIKA/Quadruped_Uika/install/estimation/share/estimation/package.dsv'
[858810.630s] [34mcolcon.colcon_core.shell[0m [1;30mINFO[0m Creating package script '/home/nvidia/UIKA/Quadruped_Uika/install/estimation/share/estimation/package.sh'
[858810.632s] [34mcolcon.colcon_core.shell[0m [1;30mINFO[0m Creating package script '/home/nvidia/UIKA/Quadruped_Uika/install/estimation/share/estimation/package.bash'
[858810.633s] [34mcolcon.colcon_core.shell[0m [1;30mINFO[0m Creating package script '/home/nvidia/UIKA/Quadruped_Uika/install/estimation/share/estimation/package.zsh'
[858810.634s] [34mcolcon.colcon_core.environment[0m [1;30mLevel 1[0m create_file_with_runtime_dependencies(/home/nvidia/UIKA/Quadruped_Uika/install/estimation/share/colcon-core/packages/estimation)
[858810.636s] [34mcolcon.colcon_core.environment[0m [1;30mLevel 1[0m create_environment_scripts_only(estimation)
[858810.637s] [34mcolcon.colcon_core.environment[0m [1;30mLevel 1[0m checking '/home/nvidia/UIKA/Quadruped_Uika/install/estimation' for CMake module files
[858810.639s] [34mcolcon.colcon_core.environment[0m [1;30mLevel 1[0m checking '/home/nvidia/UIKA/Quadruped_Uika/install/estimation' for CMake config files
[858810.639s] [34mcolcon.colcon_core.shell[0m [1;30mLevel 1[0m create_environment_hook('estimation', 'cmake_prefix_path')
[858810.640s] [34mcolcon.colcon_core.shell[0m [1;30mINFO[0m Creating environment hook '/home/nvidia/UIKA/Quadruped_Uika/install/estimation/share/estimation/hook/cmake_prefix_path.ps1'
[858810.642s] [34mcolcon.colcon_core.shell[0m [1;30mINFO[0m Creating environment descriptor '/home/nvidia/UIKA/Quadruped_Uika/install/estimation/share/estimation/hook/cmake_prefix_path.dsv'
[858810.643s] [34mcolcon.colcon_core.shell[0m [1;30mINFO[0m Creating environment hook '/home/nvidia/UIKA/Quadruped_Uika/install/estimation/share/estimation/hook/cmake_prefix_path.sh'
[858810.645s] [34mcolcon.colcon_core.environment[0m [1;30mLevel 1[0m checking '/home/nvidia/UIKA/Quadruped_Uika/install/estimation/lib'
[858810.645s] [34mcolcon.colcon_core.environment[0m [1;30mLevel 1[0m checking '/home/nvidia/UIKA/Quadruped_Uika/install/estimation/bin'
[858810.645s] [34mcolcon.colcon_core.environment[0m [1;30mLevel 1[0m checking '/home/nvidia/UIKA/Quadruped_Uika/install/estimation/lib/pkgconfig/estimation.pc'
[858810.646s] [34mcolcon.colcon_core.environment[0m [1;30mLevel 1[0m checking '/home/nvidia/UIKA/Quadruped_Uika/install/estimation/lib/python3.10/site-packages'
[858810.648s] [34mcolcon.colcon_core.environment[0m [1;30mLevel 1[0m checking '/home/nvidia/UIKA/Quadruped_Uika/install/estimation/bin'
[858810.649s] [34mcolcon.colcon_core.shell[0m [1;30mINFO[0m Creating package script '/home/nvidia/UIKA/Quadruped_Uika/install/estimation/share/estimation/package.ps1'
[858810.650s] [34mcolcon.colcon_core.shell[0m [1;30mINFO[0m Creating package descriptor '/home/nvidia/UIKA/Quadruped_Uika/install/estimation/share/estimation/package.dsv'
[858810.652s] [34mcolcon.colcon_core.shell[0m [1;30mINFO[0m Creating package script '/home/nvidia/UIKA/Quadruped_Uika/install/estimation/share/estimation/package.sh'
[858810.654s] [34mcolcon.colcon_core.shell[0m [1;30mINFO[0m Creating package script '/home/nvidia/UIKA/Quadruped_Uika/install/estimation/share/estimation/package.bash'
[858810.655s] [34mcolcon.colcon_core.shell[0m [1;30mINFO[0m Creating package script '/home/nvidia/UIKA/Quadruped_Uika/install/estimation/share/estimation/package.zsh'
[858810.657s] [34mcolcon.colcon_core.environment[0m [1;30mLevel 1[0m create_file_with_runtime_dependencies(/home/nvidia/UIKA/Quadruped_Uika/install/estimation/share/colcon-core/packages/estimation)
[858810.658s] [34mcolcon.colcon_parallel_executor.executor.parallel[0m [1;30mDEBUG[0m [32mclosing loop[0m
[858810.659s] [34mcolcon.colcon_parallel_executor.executor.parallel[0m [1;30mDEBUG[0m [32mloop closed[0m
[858810.659s] [34mcolcon.colcon_parallel_executor.executor.parallel[0m [1;30mDEBUG[0m [32mrun_until_complete finished with '0'[0m
[858810.660s] [34mcolcon.colcon_core.event_reactor[0m [1;30mDEBUG[0m [32mjoining thread[0m
[858810.680s] [34mcolcon.colcon_core.plugin_system[0m [1;30mINFO[0m Skipping extension 'colcon_notification.desktop_notification.terminal_notifier': Not used on non-Darwin systems
[858810.681s] [34mcolcon.colcon_core.plugin_system[0m [1;30mINFO[0m Skipping extension 'colcon_notification.desktop_notification.win32': Not used on non-Windows systems
[858810.681s] [34mcolcon.colcon_notification.desktop_notification[0m [1;30mINFO[0m Sending desktop notification using 'notify2'
[858810.714s] [34mcolcon.colcon_core.event_reactor[0m [1;30mDEBUG[0m [32mjoined thread[0m
[858810.716s] [34mcolcon.colcon_core.shell[0m [1;30mINFO[0m Creating prefix script '/home/nvidia/UIKA/Quadruped_Uika/install/local_setup.ps1'
[858810.719s] [34mcolcon.colcon_core.shell[0m [1;30mINFO[0m Creating prefix util module '/home/nvidia/UIKA/Quadruped_Uika/install/_local_setup_util_ps1.py'
[858810.725s] [34mcolcon.colcon_core.shell[0m [1;30mINFO[0m Creating prefix chain script '/home/nvidia/UIKA/Quadruped_Uika/install/setup.ps1'
[858810.730s] [34mcolcon.colcon_core.shell[0m [1;30mINFO[0m Creating prefix script '/home/nvidia/UIKA/Quadruped_Uika/install/local_setup.sh'
[858810.732s] [34mcolcon.colcon_core.shell[0m [1;30mINFO[0m Creating prefix util module '/home/nvidia/UIKA/Quadruped_Uika/install/_local_setup_util_sh.py'
[858810.734s] [34mcolcon.colcon_core.shell[0m [1;30mINFO[0m Creating prefix chain script '/home/nvidia/UIKA/Quadruped_Uika/install/setup.sh'
[858810.738s] [34mcolcon.colcon_core.shell[0m [1;30mINFO[0m Creating prefix script '/home/nvidia/UIKA/Quadruped_Uika/install/local_setup.bash'
[858810.740s] [34mcolcon.colcon_core.shell[0m [1;30mINFO[0m Creating prefix chain script '/home/nvidia/UIKA/Quadruped_Uika/install/setup.bash'
[858810.745s] [34mcolcon.colcon_core.shell[0m [1;30mINFO[0m Creating prefix script '/home/nvidia/UIKA/Quadruped_Uika/install/local_setup.zsh'
[858810.747s] [34mcolcon.colcon_core.shell[0m [1;30mINFO[0m Creating prefix chain script '/home/nvidia/UIKA/Quadruped_Uika/install/setup.zsh'
