[0.272s] [34mcolcon[0m [1;30mDEBUG[0m [32mCommand line arguments: ['/usr/bin/colcon', 'build'][0m
[0.273s] [34mcolcon[0m [1;30mDEBUG[0m [32mParsed command line arguments: Namespace(log_base=None, log_level=None, verb_name='build', build_base='build', install_base='install', merge_install=False, symlink_install=False, test_result_base=None, continue_on_error=False, executor='parallel', parallel_workers=6, event_handlers=None, ignore_user_meta=False, metas=['./colcon.meta'], base_paths=['.'], packages_ignore=None, packages_ignore_regex=None, paths=None, packages_up_to=None, packages_up_to_regex=None, packages_above=None, packages_above_and_dependencies=None, packages_above_depth=None, packages_select_by_dep=None, packages_skip_by_dep=None, packages_skip_up_to=None, packages_select_build_failed=False, packages_skip_build_finished=False, packages_select_test_failures=False, packages_skip_test_passed=False, packages_select=None, packages_skip=None, packages_select_regex=None, packages_skip_regex=None, packages_start=None, packages_end=None, allow_overriding=[], cmake_args=None, cmake_target=None, cmake_target_skip_unavailable=False, cmake_clean_cache=False, cmake_clean_first=False, cmake_force_configure=False, ament_cmake_args=None, catkin_cmake_args=None, catkin_skip_building_tests=False, verb_parser=<colcon_defaults.argument_parser.defaults.DefaultArgumentsDecorator object at 0xffff883a6470>, verb_extension=<colcon_core.verb.build.BuildVerb object at 0xffff88503880>, main=<bound method BuildVerb.main of <colcon_core.verb.build.BuildVerb object at 0xffff88503880>>)[0m
[0.695s] [34mcolcon.colcon_core.package_discovery[0m [1;30mLevel 1[0m discover_packages(colcon_meta) check parameters
[0.696s] [34mcolcon.colcon_core.package_discovery[0m [1;30mLevel 1[0m discover_packages(recursive) check parameters
[0.696s] [34mcolcon.colcon_core.package_discovery[0m [1;30mLevel 1[0m discover_packages(ignore) check parameters
[0.696s] [34mcolcon.colcon_core.package_discovery[0m [1;30mLevel 1[0m discover_packages(path) check parameters
[0.696s] [34mcolcon.colcon_core.package_discovery[0m [1;30mLevel 1[0m discover_packages(colcon_meta) discover
[0.696s] [34mcolcon.colcon_core.package_discovery[0m [1;30mLevel 1[0m discover_packages(recursive) discover
[0.697s] [34mcolcon.colcon_core.package_discovery[0m [1;30mINFO[0m Crawling recursively for packages in '/home/nvidia/UIKA'
[0.697s] [34mcolcon.colcon_core.package_identification[0m [1;30mLevel 1[0m _identify(.) by extensions ['ignore', 'ignore_ament_install']
[0.697s] [34mcolcon.colcon_core.package_identification[0m [1;30mLevel 1[0m _identify(.) by extension 'ignore'
[0.697s] [34mcolcon.colcon_core.package_identification[0m [1;30mLevel 1[0m _identify(.) by extension 'ignore_ament_install'
[0.697s] [34mcolcon.colcon_core.package_identification[0m [1;30mLevel 1[0m _identify(.) by extensions ['colcon_pkg']
[0.698s] [34mcolcon.colcon_core.package_identification[0m [1;30mLevel 1[0m _identify(.) by extension 'colcon_pkg'
[0.698s] [34mcolcon.colcon_core.package_identification[0m [1;30mLevel 1[0m _identify(.) by extensions ['colcon_meta']
[0.698s] [34mcolcon.colcon_core.package_identification[0m [1;30mLevel 1[0m _identify(.) by extension 'colcon_meta'
[0.698s] [34mcolcon.colcon_core.package_identification[0m [1;30mLevel 1[0m _identify(.) by extensions ['ros']
[0.698s] [34mcolcon.colcon_core.package_identification[0m [1;30mLevel 1[0m _identify(.) by extension 'ros'
[0.725s] [34mcolcon.colcon_core.package_identification[0m [1;30mLevel 1[0m _identify(.) by extensions ['cmake', 'python']
[0.726s] [34mcolcon.colcon_core.package_identification[0m [1;30mLevel 1[0m _identify(.) by extension 'cmake'
[0.726s] [34mcolcon.colcon_core.package_identification[0m [1;30mLevel 1[0m _identify(.) by extension 'python'
[0.726s] [34mcolcon.colcon_core.package_identification[0m [1;30mLevel 1[0m _identify(.) by extensions ['python_setup_py']
[0.726s] [34mcolcon.colcon_core.package_identification[0m [1;30mLevel 1[0m _identify(.) by extension 'python_setup_py'
[0.727s] [34mcolcon.colcon_core.package_identification[0m [1;30mLevel 1[0m _identify(Quadruped_Uika) by extensions ['ignore', 'ignore_ament_install']
[0.727s] [34mcolcon.colcon_core.package_identification[0m [1;30mLevel 1[0m _identify(Quadruped_Uika) by extension 'ignore'
[0.727s] [34mcolcon.colcon_core.package_identification[0m [1;30mLevel 1[0m _identify(Quadruped_Uika) by extension 'ignore_ament_install'
[0.727s] [34mcolcon.colcon_core.package_identification[0m [1;30mLevel 1[0m _identify(Quadruped_Uika) by extensions ['colcon_pkg']
[0.727s] [34mcolcon.colcon_core.package_identification[0m [1;30mLevel 1[0m _identify(Quadruped_Uika) by extension 'colcon_pkg'
[0.727s] [34mcolcon.colcon_core.package_identification[0m [1;30mLevel 1[0m _identify(Quadruped_Uika) by extensions ['colcon_meta']
[0.727s] [34mcolcon.colcon_core.package_identification[0m [1;30mLevel 1[0m _identify(Quadruped_Uika) by extension 'colcon_meta'
[0.728s] [34mcolcon.colcon_core.package_identification[0m [1;30mLevel 1[0m _identify(Quadruped_Uika) by extensions ['ros']
[0.728s] [34mcolcon.colcon_core.package_identification[0m [1;30mLevel 1[0m _identify(Quadruped_Uika) by extension 'ros'
[0.728s] [34mcolcon.colcon_core.package_identification[0m [1;30mLevel 1[0m _identify(Quadruped_Uika) by extensions ['cmake', 'python']
[0.728s] [34mcolcon.colcon_core.package_identification[0m [1;30mLevel 1[0m _identify(Quadruped_Uika) by extension 'cmake'
[0.728s] [34mcolcon.colcon_core.package_identification[0m [1;30mLevel 1[0m _identify(Quadruped_Uika) by extension 'python'
[0.728s] [34mcolcon.colcon_core.package_identification[0m [1;30mLevel 1[0m _identify(Quadruped_Uika) by extensions ['python_setup_py']
[0.728s] [34mcolcon.colcon_core.package_identification[0m [1;30mLevel 1[0m _identify(Quadruped_Uika) by extension 'python_setup_py'
[0.728s] [34mcolcon.colcon_core.package_identification[0m [1;30mLevel 1[0m _identify(Quadruped_Uika/build) by extensions ['ignore', 'ignore_ament_install']
[0.729s] [34mcolcon.colcon_core.package_identification[0m [1;30mLevel 1[0m _identify(Quadruped_Uika/build) by extension 'ignore'
[0.729s] [34mcolcon.colcon_core.package_identification[0m [1;30mLevel 1[0m _identify(Quadruped_Uika/build) ignored
[0.729s] [34mcolcon.colcon_core.package_identification[0m [1;30mLevel 1[0m _identify(Quadruped_Uika/install) by extensions ['ignore', 'ignore_ament_install']
[0.729s] [34mcolcon.colcon_core.package_identification[0m [1;30mLevel 1[0m _identify(Quadruped_Uika/install) by extension 'ignore'
[0.729s] [34mcolcon.colcon_core.package_identification[0m [1;30mLevel 1[0m _identify(Quadruped_Uika/install) ignored
[0.730s] [34mcolcon.colcon_core.package_identification[0m [1;30mLevel 1[0m _identify(Quadruped_Uika/log) by extensions ['ignore', 'ignore_ament_install']
[0.730s] [34mcolcon.colcon_core.package_identification[0m [1;30mLevel 1[0m _identify(Quadruped_Uika/log) by extension 'ignore'
[0.730s] [34mcolcon.colcon_core.package_identification[0m [1;30mLevel 1[0m _identify(Quadruped_Uika/log) ignored
[0.730s] [34mcolcon.colcon_core.package_identification[0m [1;30mLevel 1[0m _identify(Quadruped_Uika/src) by extensions ['ignore', 'ignore_ament_install']
[0.730s] [34mcolcon.colcon_core.package_identification[0m [1;30mLevel 1[0m _identify(Quadruped_Uika/src) by extension 'ignore'
[0.731s] [34mcolcon.colcon_core.package_identification[0m [1;30mLevel 1[0m _identify(Quadruped_Uika/src) by extension 'ignore_ament_install'
[0.731s] [34mcolcon.colcon_core.package_identification[0m [1;30mLevel 1[0m _identify(Quadruped_Uika/src) by extensions ['colcon_pkg']
[0.731s] [34mcolcon.colcon_core.package_identification[0m [1;30mLevel 1[0m _identify(Quadruped_Uika/src) by extension 'colcon_pkg'
[0.731s] [34mcolcon.colcon_core.package_identification[0m [1;30mLevel 1[0m _identify(Quadruped_Uika/src) by extensions ['colcon_meta']
[0.731s] [34mcolcon.colcon_core.package_identification[0m [1;30mLevel 1[0m _identify(Quadruped_Uika/src) by extension 'colcon_meta'
[0.731s] [34mcolcon.colcon_core.package_identification[0m [1;30mLevel 1[0m _identify(Quadruped_Uika/src) by extensions ['ros']
[0.731s] [34mcolcon.colcon_core.package_identification[0m [1;30mLevel 1[0m _identify(Quadruped_Uika/src) by extension 'ros'
[0.731s] [34mcolcon.colcon_core.package_identification[0m [1;30mLevel 1[0m _identify(Quadruped_Uika/src) by extensions ['cmake', 'python']
[0.731s] [34mcolcon.colcon_core.package_identification[0m [1;30mLevel 1[0m _identify(Quadruped_Uika/src) by extension 'cmake'
[0.732s] [34mcolcon.colcon_core.package_identification[0m [1;30mLevel 1[0m _identify(Quadruped_Uika/src) by extension 'python'
[0.732s] [34mcolcon.colcon_core.package_identification[0m [1;30mLevel 1[0m _identify(Quadruped_Uika/src) by extensions ['python_setup_py']
[0.732s] [34mcolcon.colcon_core.package_identification[0m [1;30mLevel 1[0m _identify(Quadruped_Uika/src) by extension 'python_setup_py'
[0.732s] [34mcolcon.colcon_core.package_identification[0m [1;30mLevel 1[0m _identify(Quadruped_Uika/src/description) by extensions ['ignore', 'ignore_ament_install']
[0.732s] [34mcolcon.colcon_core.package_identification[0m [1;30mLevel 1[0m _identify(Quadruped_Uika/src/description) by extension 'ignore'
[0.732s] [34mcolcon.colcon_core.package_identification[0m [1;30mLevel 1[0m _identify(Quadruped_Uika/src/description) by extension 'ignore_ament_install'
[0.733s] [34mcolcon.colcon_core.package_identification[0m [1;30mLevel 1[0m _identify(Quadruped_Uika/src/description) by extensions ['colcon_pkg']
[0.733s] [34mcolcon.colcon_core.package_identification[0m [1;30mLevel 1[0m _identify(Quadruped_Uika/src/description) by extension 'colcon_pkg'
[0.733s] [34mcolcon.colcon_core.package_identification[0m [1;30mLevel 1[0m _identify(Quadruped_Uika/src/description) by extensions ['colcon_meta']
[0.733s] [34mcolcon.colcon_core.package_identification[0m [1;30mLevel 1[0m _identify(Quadruped_Uika/src/description) by extension 'colcon_meta'
[0.733s] [34mcolcon.colcon_core.package_identification[0m [1;30mLevel 1[0m _identify(Quadruped_Uika/src/description) by extensions ['ros']
[0.733s] [34mcolcon.colcon_core.package_identification[0m [1;30mLevel 1[0m _identify(Quadruped_Uika/src/description) by extension 'ros'
[0.738s] [34mcolcon.colcon_core.package_identification[0m [1;30mDEBUG[0m [32mPackage 'Quadruped_Uika/src/description' with type 'ros.ament_cmake' and name 'description'[0m
[0.739s] [34mcolcon.colcon_core.package_identification[0m [1;30mLevel 1[0m _identify(Quadruped_Uika/src/estimation) by extensions ['ignore', 'ignore_ament_install']
[0.767s] [34mcolcon.colcon_core.package_identification[0m [1;30mLevel 1[0m _identify(Quadruped_Uika/src/estimation) by extension 'ignore'
[0.767s] [34mcolcon.colcon_core.package_identification[0m [1;30mLevel 1[0m _identify(Quadruped_Uika/src/estimation) by extension 'ignore_ament_install'
[0.767s] [34mcolcon.colcon_core.package_identification[0m [1;30mLevel 1[0m _identify(Quadruped_Uika/src/estimation) by extensions ['colcon_pkg']
[0.767s] [34mcolcon.colcon_core.package_identification[0m [1;30mLevel 1[0m _identify(Quadruped_Uika/src/estimation) by extension 'colcon_pkg'
[0.767s] [34mcolcon.colcon_core.package_identification[0m [1;30mLevel 1[0m _identify(Quadruped_Uika/src/estimation) by extensions ['colcon_meta']
[0.767s] [34mcolcon.colcon_core.package_identification[0m [1;30mLevel 1[0m _identify(Quadruped_Uika/src/estimation) by extension 'colcon_meta'
[0.768s] [34mcolcon.colcon_core.package_identification[0m [1;30mLevel 1[0m _identify(Quadruped_Uika/src/estimation) by extensions ['ros']
[0.768s] [34mcolcon.colcon_core.package_identification[0m [1;30mLevel 1[0m _identify(Quadruped_Uika/src/estimation) by extension 'ros'
[0.770s] [34mcolcon.colcon_core.package_identification[0m [1;30mDEBUG[0m [32mPackage 'Quadruped_Uika/src/estimation' with type 'ros.ament_cmake' and name 'estimation'[0m
[0.770s] [34mcolcon.colcon_core.package_identification[0m [1;30mLevel 1[0m _identify(Quadruped_Uika/src/imu) by extensions ['ignore', 'ignore_ament_install']
[0.771s] [34mcolcon.colcon_core.package_identification[0m [1;30mLevel 1[0m _identify(Quadruped_Uika/src/imu) by extension 'ignore'
[0.771s] [34mcolcon.colcon_core.package_identification[0m [1;30mLevel 1[0m _identify(Quadruped_Uika/src/imu) by extension 'ignore_ament_install'
[0.771s] [34mcolcon.colcon_core.package_identification[0m [1;30mLevel 1[0m _identify(Quadruped_Uika/src/imu) by extensions ['colcon_pkg']
[0.771s] [34mcolcon.colcon_core.package_identification[0m [1;30mLevel 1[0m _identify(Quadruped_Uika/src/imu) by extension 'colcon_pkg'
[0.771s] [34mcolcon.colcon_core.package_identification[0m [1;30mLevel 1[0m _identify(Quadruped_Uika/src/imu) by extensions ['colcon_meta']
[0.771s] [34mcolcon.colcon_core.package_identification[0m [1;30mLevel 1[0m _identify(Quadruped_Uika/src/imu) by extension 'colcon_meta'
[0.771s] [34mcolcon.colcon_core.package_identification[0m [1;30mLevel 1[0m _identify(Quadruped_Uika/src/imu) by extensions ['ros']
[0.771s] [34mcolcon.colcon_core.package_identification[0m [1;30mLevel 1[0m _identify(Quadruped_Uika/src/imu) by extension 'ros'
[0.773s] [34mcolcon.colcon_core.package_identification[0m [1;30mDEBUG[0m [32mPackage 'Quadruped_Uika/src/imu' with type 'ros.ament_python' and name 'dm_imu'[0m
[0.773s] [34mcolcon.colcon_core.package_identification[0m [1;30mLevel 1[0m _identify(Quadruped_Uika/src/interfaces) by extensions ['ignore', 'ignore_ament_install']
[0.773s] [34mcolcon.colcon_core.package_identification[0m [1;30mLevel 1[0m _identify(Quadruped_Uika/src/interfaces) by extension 'ignore'
[0.773s] [34mcolcon.colcon_core.package_identification[0m [1;30mLevel 1[0m _identify(Quadruped_Uika/src/interfaces) by extension 'ignore_ament_install'
[0.774s] [34mcolcon.colcon_core.package_identification[0m [1;30mLevel 1[0m _identify(Quadruped_Uika/src/interfaces) by extensions ['colcon_pkg']
[0.774s] [34mcolcon.colcon_core.package_identification[0m [1;30mLevel 1[0m _identify(Quadruped_Uika/src/interfaces) by extension 'colcon_pkg'
[0.774s] [34mcolcon.colcon_core.package_identification[0m [1;30mLevel 1[0m _identify(Quadruped_Uika/src/interfaces) by extensions ['colcon_meta']
[0.774s] [34mcolcon.colcon_core.package_identification[0m [1;30mLevel 1[0m _identify(Quadruped_Uika/src/interfaces) by extension 'colcon_meta'
[0.774s] [34mcolcon.colcon_core.package_identification[0m [1;30mLevel 1[0m _identify(Quadruped_Uika/src/interfaces) by extensions ['ros']
[0.774s] [34mcolcon.colcon_core.package_identification[0m [1;30mLevel 1[0m _identify(Quadruped_Uika/src/interfaces) by extension 'ros'
[0.776s] [34mcolcon.colcon_core.package_identification[0m [1;30mDEBUG[0m [32mPackage 'Quadruped_Uika/src/interfaces' with type 'ros.ament_cmake' and name 'interfaces'[0m
[0.776s] [34mcolcon.colcon_core.package_identification[0m [1;30mLevel 1[0m _identify(Quadruped_Uika/src/main_control) by extensions ['ignore', 'ignore_ament_install']
[0.776s] [34mcolcon.colcon_core.package_identification[0m [1;30mLevel 1[0m _identify(Quadruped_Uika/src/main_control) by extension 'ignore'
[0.776s] [34mcolcon.colcon_core.package_identification[0m [1;30mLevel 1[0m _identify(Quadruped_Uika/src/main_control) by extension 'ignore_ament_install'
[0.777s] [34mcolcon.colcon_core.package_identification[0m [1;30mLevel 1[0m _identify(Quadruped_Uika/src/main_control) by extensions ['colcon_pkg']
[0.777s] [34mcolcon.colcon_core.package_identification[0m [1;30mLevel 1[0m _identify(Quadruped_Uika/src/main_control) by extension 'colcon_pkg'
[0.777s] [34mcolcon.colcon_core.package_identification[0m [1;30mLevel 1[0m _identify(Quadruped_Uika/src/main_control) by extensions ['colcon_meta']
[0.777s] [34mcolcon.colcon_core.package_identification[0m [1;30mLevel 1[0m _identify(Quadruped_Uika/src/main_control) by extension 'colcon_meta'
[0.777s] [34mcolcon.colcon_core.package_identification[0m [1;30mLevel 1[0m _identify(Quadruped_Uika/src/main_control) by extensions ['ros']
[0.777s] [34mcolcon.colcon_core.package_identification[0m [1;30mLevel 1[0m _identify(Quadruped_Uika/src/main_control) by extension 'ros'
[0.778s] [34mcolcon.colcon_core.package_identification[0m [1;30mDEBUG[0m [32mPackage 'Quadruped_Uika/src/main_control' with type 'ros.ament_cmake' and name 'main_control'[0m
[0.779s] [34mcolcon.colcon_core.package_identification[0m [1;30mLevel 1[0m _identify(Quadruped_Uika/src/robstride_ros_sample) by extensions ['ignore', 'ignore_ament_install']
[0.779s] [34mcolcon.colcon_core.package_identification[0m [1;30mLevel 1[0m _identify(Quadruped_Uika/src/robstride_ros_sample) by extension 'ignore'
[0.779s] [34mcolcon.colcon_core.package_identification[0m [1;30mLevel 1[0m _identify(Quadruped_Uika/src/robstride_ros_sample) by extension 'ignore_ament_install'
[0.779s] [34mcolcon.colcon_core.package_identification[0m [1;30mLevel 1[0m _identify(Quadruped_Uika/src/robstride_ros_sample) by extensions ['colcon_pkg']
[0.779s] [34mcolcon.colcon_core.package_identification[0m [1;30mLevel 1[0m _identify(Quadruped_Uika/src/robstride_ros_sample) by extension 'colcon_pkg'
[0.779s] [34mcolcon.colcon_core.package_identification[0m [1;30mLevel 1[0m _identify(Quadruped_Uika/src/robstride_ros_sample) by extensions ['colcon_meta']
[0.779s] [34mcolcon.colcon_core.package_identification[0m [1;30mLevel 1[0m _identify(Quadruped_Uika/src/robstride_ros_sample) by extension 'colcon_meta'
[0.779s] [34mcolcon.colcon_core.package_identification[0m [1;30mLevel 1[0m _identify(Quadruped_Uika/src/robstride_ros_sample) by extensions ['ros']
[0.780s] [34mcolcon.colcon_core.package_identification[0m [1;30mLevel 1[0m _identify(Quadruped_Uika/src/robstride_ros_sample) by extension 'ros'
[0.781s] [34mcolcon.colcon_core.package_identification[0m [1;30mDEBUG[0m [32mPackage 'Quadruped_Uika/src/robstride_ros_sample' with type 'ros.ament_cmake' and name 'rs_motor_ros2'[0m
[0.782s] [34mcolcon.colcon_core.package_identification[0m [1;30mLevel 1[0m _identify(Quadruped_Uika/src/xbox) by extensions ['ignore', 'ignore_ament_install']
[0.782s] [34mcolcon.colcon_core.package_identification[0m [1;30mLevel 1[0m _identify(Quadruped_Uika/src/xbox) by extension 'ignore'
[0.782s] [34mcolcon.colcon_core.package_identification[0m [1;30mLevel 1[0m _identify(Quadruped_Uika/src/xbox) by extension 'ignore_ament_install'
[0.782s] [34mcolcon.colcon_core.package_identification[0m [1;30mLevel 1[0m _identify(Quadruped_Uika/src/xbox) by extensions ['colcon_pkg']
[0.782s] [34mcolcon.colcon_core.package_identification[0m [1;30mLevel 1[0m _identify(Quadruped_Uika/src/xbox) by extension 'colcon_pkg'
[0.782s] [34mcolcon.colcon_core.package_identification[0m [1;30mLevel 1[0m _identify(Quadruped_Uika/src/xbox) by extensions ['colcon_meta']
[0.782s] [34mcolcon.colcon_core.package_identification[0m [1;30mLevel 1[0m _identify(Quadruped_Uika/src/xbox) by extension 'colcon_meta'
[0.783s] [34mcolcon.colcon_core.package_identification[0m [1;30mLevel 1[0m _identify(Quadruped_Uika/src/xbox) by extensions ['ros']
[0.783s] [34mcolcon.colcon_core.package_identification[0m [1;30mLevel 1[0m _identify(Quadruped_Uika/src/xbox) by extension 'ros'
[0.785s] [34mcolcon.colcon_core.package_identification[0m [1;30mDEBUG[0m [32mPackage 'Quadruped_Uika/src/xbox' with type 'ros.ament_cmake' and name 'xbox'[0m
[0.785s] [34mcolcon.colcon_core.package_identification[0m [1;30mLevel 1[0m _identify(build) by extensions ['ignore', 'ignore_ament_install']
[0.785s] [34mcolcon.colcon_core.package_identification[0m [1;30mLevel 1[0m _identify(build) by extension 'ignore'
[0.785s] [34mcolcon.colcon_core.package_identification[0m [1;30mLevel 1[0m _identify(build) ignored
[0.786s] [34mcolcon.colcon_core.package_identification[0m [1;30mLevel 1[0m _identify(install) by extensions ['ignore', 'ignore_ament_install']
[0.786s] [34mcolcon.colcon_core.package_identification[0m [1;30mLevel 1[0m _identify(install) by extension 'ignore'
[0.786s] [34mcolcon.colcon_core.package_identification[0m [1;30mLevel 1[0m _identify(install) ignored
[0.786s] [34mcolcon.colcon_core.package_identification[0m [1;30mLevel 1[0m _identify(log) by extensions ['ignore', 'ignore_ament_install']
[0.786s] [34mcolcon.colcon_core.package_identification[0m [1;30mLevel 1[0m _identify(log) by extension 'ignore'
[0.787s] [34mcolcon.colcon_core.package_identification[0m [1;30mLevel 1[0m _identify(log) ignored
[0.787s] [34mcolcon.colcon_core.package_identification[0m [1;30mLevel 1[0m _identify(rl_sar-main) by extensions ['ignore', 'ignore_ament_install']
[0.787s] [34mcolcon.colcon_core.package_identification[0m [1;30mLevel 1[0m _identify(rl_sar-main) by extension 'ignore'
[0.787s] [34mcolcon.colcon_core.package_identification[0m [1;30mLevel 1[0m _identify(rl_sar-main) by extension 'ignore_ament_install'
[0.787s] [34mcolcon.colcon_core.package_identification[0m [1;30mLevel 1[0m _identify(rl_sar-main) by extensions ['colcon_pkg']
[0.787s] [34mcolcon.colcon_core.package_identification[0m [1;30mLevel 1[0m _identify(rl_sar-main) by extension 'colcon_pkg'
[0.787s] [34mcolcon.colcon_core.package_identification[0m [1;30mLevel 1[0m _identify(rl_sar-main) by extensions ['colcon_meta']
[0.788s] [34mcolcon.colcon_core.package_identification[0m [1;30mLevel 1[0m _identify(rl_sar-main) by extension 'colcon_meta'
[0.788s] [34mcolcon.colcon_core.package_identification[0m [1;30mLevel 1[0m _identify(rl_sar-main) by extensions ['ros']
[0.788s] [34mcolcon.colcon_core.package_identification[0m [1;30mLevel 1[0m _identify(rl_sar-main) by extension 'ros'
[0.788s] [34mcolcon.colcon_core.package_identification[0m [1;30mLevel 1[0m _identify(rl_sar-main) by extensions ['cmake', 'python']
[0.788s] [34mcolcon.colcon_core.package_identification[0m [1;30mLevel 1[0m _identify(rl_sar-main) by extension 'cmake'
[0.788s] [34mcolcon.colcon_core.package_identification[0m [1;30mLevel 1[0m _identify(rl_sar-main) by extension 'python'
[0.788s] [34mcolcon.colcon_core.package_identification[0m [1;30mLevel 1[0m _identify(rl_sar-main) by extensions ['python_setup_py']
[0.788s] [34mcolcon.colcon_core.package_identification[0m [1;30mLevel 1[0m _identify(rl_sar-main) by extension 'python_setup_py'
[0.789s] [34mcolcon.colcon_core.package_identification[0m [1;30mLevel 1[0m _identify(rl_sar-main/build) by extensions ['ignore', 'ignore_ament_install']
[0.789s] [34mcolcon.colcon_core.package_identification[0m [1;30mLevel 1[0m _identify(rl_sar-main/build) by extension 'ignore'
[0.789s] [34mcolcon.colcon_core.package_identification[0m [1;30mLevel 1[0m _identify(rl_sar-main/build) ignored
[0.789s] [34mcolcon.colcon_core.package_identification[0m [1;30mLevel 1[0m _identify(rl_sar-main/cmake_build) by extensions ['ignore', 'ignore_ament_install']
[0.789s] [34mcolcon.colcon_core.package_identification[0m [1;30mLevel 1[0m _identify(rl_sar-main/cmake_build) by extension 'ignore'
[0.790s] [34mcolcon.colcon_core.package_identification[0m [1;30mLevel 1[0m _identify(rl_sar-main/cmake_build) by extension 'ignore_ament_install'
[0.790s] [34mcolcon.colcon_core.package_identification[0m [1;30mLevel 1[0m _identify(rl_sar-main/cmake_build) by extensions ['colcon_pkg']
[0.790s] [34mcolcon.colcon_core.package_identification[0m [1;30mLevel 1[0m _identify(rl_sar-main/cmake_build) by extension 'colcon_pkg'
[0.790s] [34mcolcon.colcon_core.package_identification[0m [1;30mLevel 1[0m _identify(rl_sar-main/cmake_build) by extensions ['colcon_meta']
[0.790s] [34mcolcon.colcon_core.package_identification[0m [1;30mLevel 1[0m _identify(rl_sar-main/cmake_build) by extension 'colcon_meta'
[0.790s] [34mcolcon.colcon_core.package_identification[0m [1;30mLevel 1[0m _identify(rl_sar-main/cmake_build) by extensions ['ros']
[0.790s] [34mcolcon.colcon_core.package_identification[0m [1;30mLevel 1[0m _identify(rl_sar-main/cmake_build) by extension 'ros'
[0.790s] [34mcolcon.colcon_core.package_identification[0m [1;30mLevel 1[0m _identify(rl_sar-main/cmake_build) by extensions ['cmake', 'python']
[0.790s] [34mcolcon.colcon_core.package_identification[0m [1;30mLevel 1[0m _identify(rl_sar-main/cmake_build) by extension 'cmake'
[0.791s] [34mcolcon.colcon_core.package_identification[0m [1;30mLevel 1[0m _identify(rl_sar-main/cmake_build) by extension 'python'
[0.791s] [34mcolcon.colcon_core.package_identification[0m [1;30mLevel 1[0m _identify(rl_sar-main/cmake_build) by extensions ['python_setup_py']
[0.791s] [34mcolcon.colcon_core.package_identification[0m [1;30mLevel 1[0m _identify(rl_sar-main/cmake_build) by extension 'python_setup_py'
[0.791s] [34mcolcon.colcon_core.package_identification[0m [1;30mLevel 1[0m _identify(rl_sar-main/cmake_build/CMakeFiles) by extensions ['ignore', 'ignore_ament_install']
[0.791s] [34mcolcon.colcon_core.package_identification[0m [1;30mLevel 1[0m _identify(rl_sar-main/cmake_build/CMakeFiles) by extension 'ignore'
[0.791s] [34mcolcon.colcon_core.package_identification[0m [1;30mLevel 1[0m _identify(rl_sar-main/cmake_build/CMakeFiles) by extension 'ignore_ament_install'
[0.792s] [34mcolcon.colcon_core.package_identification[0m [1;30mLevel 1[0m _identify(rl_sar-main/cmake_build/CMakeFiles) by extensions ['colcon_pkg']
[0.792s] [34mcolcon.colcon_core.package_identification[0m [1;30mLevel 1[0m _identify(rl_sar-main/cmake_build/CMakeFiles) by extension 'colcon_pkg'
[0.792s] [34mcolcon.colcon_core.package_identification[0m [1;30mLevel 1[0m _identify(rl_sar-main/cmake_build/CMakeFiles) by extensions ['colcon_meta']
[0.792s] [34mcolcon.colcon_core.package_identification[0m [1;30mLevel 1[0m _identify(rl_sar-main/cmake_build/CMakeFiles) by extension 'colcon_meta'
[0.792s] [34mcolcon.colcon_core.package_identification[0m [1;30mLevel 1[0m _identify(rl_sar-main/cmake_build/CMakeFiles) by extensions ['ros']
[0.792s] [34mcolcon.colcon_core.package_identification[0m [1;30mLevel 1[0m _identify(rl_sar-main/cmake_build/CMakeFiles) by extension 'ros'
[0.792s] [34mcolcon.colcon_core.package_identification[0m [1;30mLevel 1[0m _identify(rl_sar-main/cmake_build/CMakeFiles) by extensions ['cmake', 'python']
[0.792s] [34mcolcon.colcon_core.package_identification[0m [1;30mLevel 1[0m _identify(rl_sar-main/cmake_build/CMakeFiles) by extension 'cmake'
[0.792s] [34mcolcon.colcon_core.package_identification[0m [1;30mLevel 1[0m _identify(rl_sar-main/cmake_build/CMakeFiles) by extension 'python'
[0.793s] [34mcolcon.colcon_core.package_identification[0m [1;30mLevel 1[0m _identify(rl_sar-main/cmake_build/CMakeFiles) by extensions ['python_setup_py']
[0.793s] [34mcolcon.colcon_core.package_identification[0m [1;30mLevel 1[0m _identify(rl_sar-main/cmake_build/CMakeFiles) by extension 'python_setup_py'
[0.793s] [34mcolcon.colcon_core.package_identification[0m [1;30mLevel 1[0m _identify(rl_sar-main/cmake_build/CMakeFiles/3.22.1) by extensions ['ignore', 'ignore_ament_install']
[0.793s] [34mcolcon.colcon_core.package_identification[0m [1;30mLevel 1[0m _identify(rl_sar-main/cmake_build/CMakeFiles/3.22.1) by extension 'ignore'
[0.793s] [34mcolcon.colcon_core.package_identification[0m [1;30mLevel 1[0m _identify(rl_sar-main/cmake_build/CMakeFiles/3.22.1) by extension 'ignore_ament_install'
[0.793s] [34mcolcon.colcon_core.package_identification[0m [1;30mLevel 1[0m _identify(rl_sar-main/cmake_build/CMakeFiles/3.22.1) by extensions ['colcon_pkg']
[0.793s] [34mcolcon.colcon_core.package_identification[0m [1;30mLevel 1[0m _identify(rl_sar-main/cmake_build/CMakeFiles/3.22.1) by extension 'colcon_pkg'
[0.794s] [34mcolcon.colcon_core.package_identification[0m [1;30mLevel 1[0m _identify(rl_sar-main/cmake_build/CMakeFiles/3.22.1) by extensions ['colcon_meta']
[0.794s] [34mcolcon.colcon_core.package_identification[0m [1;30mLevel 1[0m _identify(rl_sar-main/cmake_build/CMakeFiles/3.22.1) by extension 'colcon_meta'
[0.794s] [34mcolcon.colcon_core.package_identification[0m [1;30mLevel 1[0m _identify(rl_sar-main/cmake_build/CMakeFiles/3.22.1) by extensions ['ros']
[0.794s] [34mcolcon.colcon_core.package_identification[0m [1;30mLevel 1[0m _identify(rl_sar-main/cmake_build/CMakeFiles/3.22.1) by extension 'ros'
[0.794s] [34mcolcon.colcon_core.package_identification[0m [1;30mLevel 1[0m _identify(rl_sar-main/cmake_build/CMakeFiles/3.22.1) by extensions ['cmake', 'python']
[0.794s] [34mcolcon.colcon_core.package_identification[0m [1;30mLevel 1[0m _identify(rl_sar-main/cmake_build/CMakeFiles/3.22.1) by extension 'cmake'
[0.794s] [34mcolcon.colcon_core.package_identification[0m [1;30mLevel 1[0m _identify(rl_sar-main/cmake_build/CMakeFiles/3.22.1) by extension 'python'
[0.794s] [34mcolcon.colcon_core.package_identification[0m [1;30mLevel 1[0m _identify(rl_sar-main/cmake_build/CMakeFiles/3.22.1) by extensions ['python_setup_py']
[0.794s] [34mcolcon.colcon_core.package_identification[0m [1;30mLevel 1[0m _identify(rl_sar-main/cmake_build/CMakeFiles/3.22.1) by extension 'python_setup_py'
[0.795s] [34mcolcon.colcon_core.package_identification[0m [1;30mLevel 1[0m _identify(rl_sar-main/cmake_build/CMakeFiles/3.22.1/CompilerIdCXX) by extensions ['ignore', 'ignore_ament_install']
[0.795s] [34mcolcon.colcon_core.package_identification[0m [1;30mLevel 1[0m _identify(rl_sar-main/cmake_build/CMakeFiles/3.22.1/CompilerIdCXX) by extension 'ignore'
[0.795s] [34mcolcon.colcon_core.package_identification[0m [1;30mLevel 1[0m _identify(rl_sar-main/cmake_build/CMakeFiles/3.22.1/CompilerIdCXX) by extension 'ignore_ament_install'
[0.795s] [34mcolcon.colcon_core.package_identification[0m [1;30mLevel 1[0m _identify(rl_sar-main/cmake_build/CMakeFiles/3.22.1/CompilerIdCXX) by extensions ['colcon_pkg']
[0.795s] [34mcolcon.colcon_core.package_identification[0m [1;30mLevel 1[0m _identify(rl_sar-main/cmake_build/CMakeFiles/3.22.1/CompilerIdCXX) by extension 'colcon_pkg'
[0.795s] [34mcolcon.colcon_core.package_identification[0m [1;30mLevel 1[0m _identify(rl_sar-main/cmake_build/CMakeFiles/3.22.1/CompilerIdCXX) by extensions ['colcon_meta']
[0.795s] [34mcolcon.colcon_core.package_identification[0m [1;30mLevel 1[0m _identify(rl_sar-main/cmake_build/CMakeFiles/3.22.1/CompilerIdCXX) by extension 'colcon_meta'
[0.796s] [34mcolcon.colcon_core.package_identification[0m [1;30mLevel 1[0m _identify(rl_sar-main/cmake_build/CMakeFiles/3.22.1/CompilerIdCXX) by extensions ['ros']
[0.796s] [34mcolcon.colcon_core.package_identification[0m [1;30mLevel 1[0m _identify(rl_sar-main/cmake_build/CMakeFiles/3.22.1/CompilerIdCXX) by extension 'ros'
[0.796s] [34mcolcon.colcon_core.package_identification[0m [1;30mLevel 1[0m _identify(rl_sar-main/cmake_build/CMakeFiles/3.22.1/CompilerIdCXX) by extensions ['cmake', 'python']
[0.796s] [34mcolcon.colcon_core.package_identification[0m [1;30mLevel 1[0m _identify(rl_sar-main/cmake_build/CMakeFiles/3.22.1/CompilerIdCXX) by extension 'cmake'
[0.796s] [34mcolcon.colcon_core.package_identification[0m [1;30mLevel 1[0m _identify(rl_sar-main/cmake_build/CMakeFiles/3.22.1/CompilerIdCXX) by extension 'python'
[0.796s] [34mcolcon.colcon_core.package_identification[0m [1;30mLevel 1[0m _identify(rl_sar-main/cmake_build/CMakeFiles/3.22.1/CompilerIdCXX) by extensions ['python_setup_py']
[0.796s] [34mcolcon.colcon_core.package_identification[0m [1;30mLevel 1[0m _identify(rl_sar-main/cmake_build/CMakeFiles/3.22.1/CompilerIdCXX) by extension 'python_setup_py'
[0.797s] [34mcolcon.colcon_core.package_identification[0m [1;30mLevel 1[0m _identify(rl_sar-main/cmake_build/CMakeFiles/3.22.1/CompilerIdCXX/tmp) by extensions ['ignore', 'ignore_ament_install']
[0.797s] [34mcolcon.colcon_core.package_identification[0m [1;30mLevel 1[0m _identify(rl_sar-main/cmake_build/CMakeFiles/3.22.1/CompilerIdCXX/tmp) by extension 'ignore'
[0.797s] [34mcolcon.colcon_core.package_identification[0m [1;30mLevel 1[0m _identify(rl_sar-main/cmake_build/CMakeFiles/3.22.1/CompilerIdCXX/tmp) by extension 'ignore_ament_install'
[0.797s] [34mcolcon.colcon_core.package_identification[0m [1;30mLevel 1[0m _identify(rl_sar-main/cmake_build/CMakeFiles/3.22.1/CompilerIdCXX/tmp) by extensions ['colcon_pkg']
[0.797s] [34mcolcon.colcon_core.package_identification[0m [1;30mLevel 1[0m _identify(rl_sar-main/cmake_build/CMakeFiles/3.22.1/CompilerIdCXX/tmp) by extension 'colcon_pkg'
[0.797s] [34mcolcon.colcon_core.package_identification[0m [1;30mLevel 1[0m _identify(rl_sar-main/cmake_build/CMakeFiles/3.22.1/CompilerIdCXX/tmp) by extensions ['colcon_meta']
[0.797s] [34mcolcon.colcon_core.package_identification[0m [1;30mLevel 1[0m _identify(rl_sar-main/cmake_build/CMakeFiles/3.22.1/CompilerIdCXX/tmp) by extension 'colcon_meta'
[0.797s] [34mcolcon.colcon_core.package_identification[0m [1;30mLevel 1[0m _identify(rl_sar-main/cmake_build/CMakeFiles/3.22.1/CompilerIdCXX/tmp) by extensions ['ros']
[0.798s] [34mcolcon.colcon_core.package_identification[0m [1;30mLevel 1[0m _identify(rl_sar-main/cmake_build/CMakeFiles/3.22.1/CompilerIdCXX/tmp) by extension 'ros'
[0.798s] [34mcolcon.colcon_core.package_identification[0m [1;30mLevel 1[0m _identify(rl_sar-main/cmake_build/CMakeFiles/3.22.1/CompilerIdCXX/tmp) by extensions ['cmake', 'python']
[0.798s] [34mcolcon.colcon_core.package_identification[0m [1;30mLevel 1[0m _identify(rl_sar-main/cmake_build/CMakeFiles/3.22.1/CompilerIdCXX/tmp) by extension 'cmake'
[0.798s] [34mcolcon.colcon_core.package_identification[0m [1;30mLevel 1[0m _identify(rl_sar-main/cmake_build/CMakeFiles/3.22.1/CompilerIdCXX/tmp) by extension 'python'
[0.798s] [34mcolcon.colcon_core.package_identification[0m [1;30mLevel 1[0m _identify(rl_sar-main/cmake_build/CMakeFiles/3.22.1/CompilerIdCXX/tmp) by extensions ['python_setup_py']
[0.798s] [34mcolcon.colcon_core.package_identification[0m [1;30mLevel 1[0m _identify(rl_sar-main/cmake_build/CMakeFiles/3.22.1/CompilerIdCXX/tmp) by extension 'python_setup_py'
[0.798s] [34mcolcon.colcon_core.package_identification[0m [1;30mLevel 1[0m _identify(rl_sar-main/cmake_build/CMakeFiles/CMakeTmp) by extensions ['ignore', 'ignore_ament_install']
[0.799s] [34mcolcon.colcon_core.package_identification[0m [1;30mLevel 1[0m _identify(rl_sar-main/cmake_build/CMakeFiles/CMakeTmp) by extension 'ignore'
[0.799s] [34mcolcon.colcon_core.package_identification[0m [1;30mLevel 1[0m _identify(rl_sar-main/cmake_build/CMakeFiles/CMakeTmp) by extension 'ignore_ament_install'
[0.799s] [34mcolcon.colcon_core.package_identification[0m [1;30mLevel 1[0m _identify(rl_sar-main/cmake_build/CMakeFiles/CMakeTmp) by extensions ['colcon_pkg']
[0.799s] [34mcolcon.colcon_core.package_identification[0m [1;30mLevel 1[0m _identify(rl_sar-main/cmake_build/CMakeFiles/CMakeTmp) by extension 'colcon_pkg'
[0.799s] [34mcolcon.colcon_core.package_identification[0m [1;30mLevel 1[0m _identify(rl_sar-main/cmake_build/CMakeFiles/CMakeTmp) by extensions ['colcon_meta']
[0.799s] [34mcolcon.colcon_core.package_identification[0m [1;30mLevel 1[0m _identify(rl_sar-main/cmake_build/CMakeFiles/CMakeTmp) by extension 'colcon_meta'
[0.799s] [34mcolcon.colcon_core.package_identification[0m [1;30mLevel 1[0m _identify(rl_sar-main/cmake_build/CMakeFiles/CMakeTmp) by extensions ['ros']
[0.799s] [34mcolcon.colcon_core.package_identification[0m [1;30mLevel 1[0m _identify(rl_sar-main/cmake_build/CMakeFiles/CMakeTmp) by extension 'ros'
[0.799s] [34mcolcon.colcon_core.package_identification[0m [1;30mLevel 1[0m _identify(rl_sar-main/cmake_build/CMakeFiles/CMakeTmp) by extensions ['cmake', 'python']
[0.800s] [34mcolcon.colcon_core.package_identification[0m [1;30mLevel 1[0m _identify(rl_sar-main/cmake_build/CMakeFiles/CMakeTmp) by extension 'cmake'
[0.800s] [34mcolcon.colcon_core.package_identification[0m [1;30mLevel 1[0m _identify(rl_sar-main/cmake_build/CMakeFiles/CMakeTmp) by extension 'python'
[0.800s] [34mcolcon.colcon_core.package_identification[0m [1;30mLevel 1[0m _identify(rl_sar-main/cmake_build/CMakeFiles/CMakeTmp) by extensions ['python_setup_py']
[0.800s] [34mcolcon.colcon_core.package_identification[0m [1;30mLevel 1[0m _identify(rl_sar-main/cmake_build/CMakeFiles/CMakeTmp) by extension 'python_setup_py'
[0.800s] [34mcolcon.colcon_core.package_identification[0m [1;30mLevel 1[0m _identify(rl_sar-main/cmake_build/CMakeFiles/inference_runtime.dir) by extensions ['ignore', 'ignore_ament_install']
[0.800s] [34mcolcon.colcon_core.package_identification[0m [1;30mLevel 1[0m _identify(rl_sar-main/cmake_build/CMakeFiles/inference_runtime.dir) by extension 'ignore'
[0.800s] [34mcolcon.colcon_core.package_identification[0m [1;30mLevel 1[0m _identify(rl_sar-main/cmake_build/CMakeFiles/inference_runtime.dir) by extension 'ignore_ament_install'
[0.801s] [34mcolcon.colcon_core.package_identification[0m [1;30mLevel 1[0m _identify(rl_sar-main/cmake_build/CMakeFiles/inference_runtime.dir) by extensions ['colcon_pkg']
[0.801s] [34mcolcon.colcon_core.package_identification[0m [1;30mLevel 1[0m _identify(rl_sar-main/cmake_build/CMakeFiles/inference_runtime.dir) by extension 'colcon_pkg'
[0.801s] [34mcolcon.colcon_core.package_identification[0m [1;30mLevel 1[0m _identify(rl_sar-main/cmake_build/CMakeFiles/inference_runtime.dir) by extensions ['colcon_meta']
[0.801s] [34mcolcon.colcon_core.package_identification[0m [1;30mLevel 1[0m _identify(rl_sar-main/cmake_build/CMakeFiles/inference_runtime.dir) by extension 'colcon_meta'
[0.801s] [34mcolcon.colcon_core.package_identification[0m [1;30mLevel 1[0m _identify(rl_sar-main/cmake_build/CMakeFiles/inference_runtime.dir) by extensions ['ros']
[0.801s] [34mcolcon.colcon_core.package_identification[0m [1;30mLevel 1[0m _identify(rl_sar-main/cmake_build/CMakeFiles/inference_runtime.dir) by extension 'ros'
[0.801s] [34mcolcon.colcon_core.package_identification[0m [1;30mLevel 1[0m _identify(rl_sar-main/cmake_build/CMakeFiles/inference_runtime.dir) by extensions ['cmake', 'python']
[0.801s] [34mcolcon.colcon_core.package_identification[0m [1;30mLevel 1[0m _identify(rl_sar-main/cmake_build/CMakeFiles/inference_runtime.dir) by extension 'cmake'
[0.801s] [34mcolcon.colcon_core.package_identification[0m [1;30mLevel 1[0m _identify(rl_sar-main/cmake_build/CMakeFiles/inference_runtime.dir) by extension 'python'
[0.802s] [34mcolcon.colcon_core.package_identification[0m [1;30mLevel 1[0m _identify(rl_sar-main/cmake_build/CMakeFiles/inference_runtime.dir) by extensions ['python_setup_py']
[0.802s] [34mcolcon.colcon_core.package_identification[0m [1;30mLevel 1[0m _identify(rl_sar-main/cmake_build/CMakeFiles/inference_runtime.dir) by extension 'python_setup_py'
[0.802s] [34mcolcon.colcon_core.package_identification[0m [1;30mLevel 1[0m _identify(rl_sar-main/cmake_build/CMakeFiles/inference_runtime.dir/library) by extensions ['ignore', 'ignore_ament_install']
[0.802s] [34mcolcon.colcon_core.package_identification[0m [1;30mLevel 1[0m _identify(rl_sar-main/cmake_build/CMakeFiles/inference_runtime.dir/library) by extension 'ignore'
[0.802s] [34mcolcon.colcon_core.package_identification[0m [1;30mLevel 1[0m _identify(rl_sar-main/cmake_build/CMakeFiles/inference_runtime.dir/library) by extension 'ignore_ament_install'
[0.802s] [34mcolcon.colcon_core.package_identification[0m [1;30mLevel 1[0m _identify(rl_sar-main/cmake_build/CMakeFiles/inference_runtime.dir/library) by extensions ['colcon_pkg']
[0.802s] [34mcolcon.colcon_core.package_identification[0m [1;30mLevel 1[0m _identify(rl_sar-main/cmake_build/CMakeFiles/inference_runtime.dir/library) by extension 'colcon_pkg'
[0.803s] [34mcolcon.colcon_core.package_identification[0m [1;30mLevel 1[0m _identify(rl_sar-main/cmake_build/CMakeFiles/inference_runtime.dir/library) by extensions ['colcon_meta']
[0.803s] [34mcolcon.colcon_core.package_identification[0m [1;30mLevel 1[0m _identify(rl_sar-main/cmake_build/CMakeFiles/inference_runtime.dir/library) by extension 'colcon_meta'
[0.803s] [34mcolcon.colcon_core.package_identification[0m [1;30mLevel 1[0m _identify(rl_sar-main/cmake_build/CMakeFiles/inference_runtime.dir/library) by extensions ['ros']
[0.803s] [34mcolcon.colcon_core.package_identification[0m [1;30mLevel 1[0m _identify(rl_sar-main/cmake_build/CMakeFiles/inference_runtime.dir/library) by extension 'ros'
[0.803s] [34mcolcon.colcon_core.package_identification[0m [1;30mLevel 1[0m _identify(rl_sar-main/cmake_build/CMakeFiles/inference_runtime.dir/library) by extensions ['cmake', 'python']
[0.803s] [34mcolcon.colcon_core.package_identification[0m [1;30mLevel 1[0m _identify(rl_sar-main/cmake_build/CMakeFiles/inference_runtime.dir/library) by extension 'cmake'
[0.803s] [34mcolcon.colcon_core.package_identification[0m [1;30mLevel 1[0m _identify(rl_sar-main/cmake_build/CMakeFiles/inference_runtime.dir/library) by extension 'python'
[0.803s] [34mcolcon.colcon_core.package_identification[0m [1;30mLevel 1[0m _identify(rl_sar-main/cmake_build/CMakeFiles/inference_runtime.dir/library) by extensions ['python_setup_py']
[0.803s] [34mcolcon.colcon_core.package_identification[0m [1;30mLevel 1[0m _identify(rl_sar-main/cmake_build/CMakeFiles/inference_runtime.dir/library) by extension 'python_setup_py'
[0.804s] [34mcolcon.colcon_core.package_identification[0m [1;30mLevel 1[0m _identify(rl_sar-main/cmake_build/CMakeFiles/inference_runtime.dir/library/core) by extensions ['ignore', 'ignore_ament_install']
[0.804s] [34mcolcon.colcon_core.package_identification[0m [1;30mLevel 1[0m _identify(rl_sar-main/cmake_build/CMakeFiles/inference_runtime.dir/library/core) by extension 'ignore'
[0.804s] [34mcolcon.colcon_core.package_identification[0m [1;30mLevel 1[0m _identify(rl_sar-main/cmake_build/CMakeFiles/inference_runtime.dir/library/core) by extension 'ignore_ament_install'
[0.804s] [34mcolcon.colcon_core.package_identification[0m [1;30mLevel 1[0m _identify(rl_sar-main/cmake_build/CMakeFiles/inference_runtime.dir/library/core) by extensions ['colcon_pkg']
[0.804s] [34mcolcon.colcon_core.package_identification[0m [1;30mLevel 1[0m _identify(rl_sar-main/cmake_build/CMakeFiles/inference_runtime.dir/library/core) by extension 'colcon_pkg'
[0.804s] [34mcolcon.colcon_core.package_identification[0m [1;30mLevel 1[0m _identify(rl_sar-main/cmake_build/CMakeFiles/inference_runtime.dir/library/core) by extensions ['colcon_meta']
[0.804s] [34mcolcon.colcon_core.package_identification[0m [1;30mLevel 1[0m _identify(rl_sar-main/cmake_build/CMakeFiles/inference_runtime.dir/library/core) by extension 'colcon_meta'
[0.805s] [34mcolcon.colcon_core.package_identification[0m [1;30mLevel 1[0m _identify(rl_sar-main/cmake_build/CMakeFiles/inference_runtime.dir/library/core) by extensions ['ros']
[0.805s] [34mcolcon.colcon_core.package_identification[0m [1;30mLevel 1[0m _identify(rl_sar-main/cmake_build/CMakeFiles/inference_runtime.dir/library/core) by extension 'ros'
[0.805s] [34mcolcon.colcon_core.package_identification[0m [1;30mLevel 1[0m _identify(rl_sar-main/cmake_build/CMakeFiles/inference_runtime.dir/library/core) by extensions ['cmake', 'python']
[0.805s] [34mcolcon.colcon_core.package_identification[0m [1;30mLevel 1[0m _identify(rl_sar-main/cmake_build/CMakeFiles/inference_runtime.dir/library/core) by extension 'cmake'
[0.805s] [34mcolcon.colcon_core.package_identification[0m [1;30mLevel 1[0m _identify(rl_sar-main/cmake_build/CMakeFiles/inference_runtime.dir/library/core) by extension 'python'
[0.805s] [34mcolcon.colcon_core.package_identification[0m [1;30mLevel 1[0m _identify(rl_sar-main/cmake_build/CMakeFiles/inference_runtime.dir/library/core) by extensions ['python_setup_py']
[0.805s] [34mcolcon.colcon_core.package_identification[0m [1;30mLevel 1[0m _identify(rl_sar-main/cmake_build/CMakeFiles/inference_runtime.dir/library/core) by extension 'python_setup_py'
[0.805s] [34mcolcon.colcon_core.package_identification[0m [1;30mLevel 1[0m _identify(rl_sar-main/cmake_build/CMakeFiles/inference_runtime.dir/library/core/inference_runtime) by extensions ['ignore', 'ignore_ament_install']
[0.806s] [34mcolcon.colcon_core.package_identification[0m [1;30mLevel 1[0m _identify(rl_sar-main/cmake_build/CMakeFiles/inference_runtime.dir/library/core/inference_runtime) by extension 'ignore'
[0.806s] [34mcolcon.colcon_core.package_identification[0m [1;30mLevel 1[0m _identify(rl_sar-main/cmake_build/CMakeFiles/inference_runtime.dir/library/core/inference_runtime) by extension 'ignore_ament_install'
[0.806s] [34mcolcon.colcon_core.package_identification[0m [1;30mLevel 1[0m _identify(rl_sar-main/cmake_build/CMakeFiles/inference_runtime.dir/library/core/inference_runtime) by extensions ['colcon_pkg']
[0.806s] [34mcolcon.colcon_core.package_identification[0m [1;30mLevel 1[0m _identify(rl_sar-main/cmake_build/CMakeFiles/inference_runtime.dir/library/core/inference_runtime) by extension 'colcon_pkg'
[0.806s] [34mcolcon.colcon_core.package_identification[0m [1;30mLevel 1[0m _identify(rl_sar-main/cmake_build/CMakeFiles/inference_runtime.dir/library/core/inference_runtime) by extensions ['colcon_meta']
[0.806s] [34mcolcon.colcon_core.package_identification[0m [1;30mLevel 1[0m _identify(rl_sar-main/cmake_build/CMakeFiles/inference_runtime.dir/library/core/inference_runtime) by extension 'colcon_meta'
[0.806s] [34mcolcon.colcon_core.package_identification[0m [1;30mLevel 1[0m _identify(rl_sar-main/cmake_build/CMakeFiles/inference_runtime.dir/library/core/inference_runtime) by extensions ['ros']
[0.806s] [34mcolcon.colcon_core.package_identification[0m [1;30mLevel 1[0m _identify(rl_sar-main/cmake_build/CMakeFiles/inference_runtime.dir/library/core/inference_runtime) by extension 'ros'
[0.807s] [34mcolcon.colcon_core.package_identification[0m [1;30mLevel 1[0m _identify(rl_sar-main/cmake_build/CMakeFiles/inference_runtime.dir/library/core/inference_runtime) by extensions ['cmake', 'python']
[0.807s] [34mcolcon.colcon_core.package_identification[0m [1;30mLevel 1[0m _identify(rl_sar-main/cmake_build/CMakeFiles/inference_runtime.dir/library/core/inference_runtime) by extension 'cmake'
[0.807s] [34mcolcon.colcon_core.package_identification[0m [1;30mLevel 1[0m _identify(rl_sar-main/cmake_build/CMakeFiles/inference_runtime.dir/library/core/inference_runtime) by extension 'python'
[0.807s] [34mcolcon.colcon_core.package_identification[0m [1;30mLevel 1[0m _identify(rl_sar-main/cmake_build/CMakeFiles/inference_runtime.dir/library/core/inference_runtime) by extensions ['python_setup_py']
[0.807s] [34mcolcon.colcon_core.package_identification[0m [1;30mLevel 1[0m _identify(rl_sar-main/cmake_build/CMakeFiles/inference_runtime.dir/library/core/inference_runtime) by extension 'python_setup_py'
[0.807s] [34mcolcon.colcon_core.package_identification[0m [1;30mLevel 1[0m _identify(rl_sar-main/cmake_build/CMakeFiles/motion_loader.dir) by extensions ['ignore', 'ignore_ament_install']
[0.807s] [34mcolcon.colcon_core.package_identification[0m [1;30mLevel 1[0m _identify(rl_sar-main/cmake_build/CMakeFiles/motion_loader.dir) by extension 'ignore'
[0.808s] [34mcolcon.colcon_core.package_identification[0m [1;30mLevel 1[0m _identify(rl_sar-main/cmake_build/CMakeFiles/motion_loader.dir) by extension 'ignore_ament_install'
[0.808s] [34mcolcon.colcon_core.package_identification[0m [1;30mLevel 1[0m _identify(rl_sar-main/cmake_build/CMakeFiles/motion_loader.dir) by extensions ['colcon_pkg']
[0.808s] [34mcolcon.colcon_core.package_identification[0m [1;30mLevel 1[0m _identify(rl_sar-main/cmake_build/CMakeFiles/motion_loader.dir) by extension 'colcon_pkg'
[0.808s] [34mcolcon.colcon_core.package_identification[0m [1;30mLevel 1[0m _identify(rl_sar-main/cmake_build/CMakeFiles/motion_loader.dir) by extensions ['colcon_meta']
[0.808s] [34mcolcon.colcon_core.package_identification[0m [1;30mLevel 1[0m _identify(rl_sar-main/cmake_build/CMakeFiles/motion_loader.dir) by extension 'colcon_meta'
[0.808s] [34mcolcon.colcon_core.package_identification[0m [1;30mLevel 1[0m _identify(rl_sar-main/cmake_build/CMakeFiles/motion_loader.dir) by extensions ['ros']
[0.808s] [34mcolcon.colcon_core.package_identification[0m [1;30mLevel 1[0m _identify(rl_sar-main/cmake_build/CMakeFiles/motion_loader.dir) by extension 'ros'
[0.808s] [34mcolcon.colcon_core.package_identification[0m [1;30mLevel 1[0m _identify(rl_sar-main/cmake_build/CMakeFiles/motion_loader.dir) by extensions ['cmake', 'python']
[0.809s] [34mcolcon.colcon_core.package_identification[0m [1;30mLevel 1[0m _identify(rl_sar-main/cmake_build/CMakeFiles/motion_loader.dir) by extension 'cmake'
[0.809s] [34mcolcon.colcon_core.package_identification[0m [1;30mLevel 1[0m _identify(rl_sar-main/cmake_build/CMakeFiles/motion_loader.dir) by extension 'python'
[0.809s] [34mcolcon.colcon_core.package_identification[0m [1;30mLevel 1[0m _identify(rl_sar-main/cmake_build/CMakeFiles/motion_loader.dir) by extensions ['python_setup_py']
[0.809s] [34mcolcon.colcon_core.package_identification[0m [1;30mLevel 1[0m _identify(rl_sar-main/cmake_build/CMakeFiles/motion_loader.dir) by extension 'python_setup_py'
[0.809s] [34mcolcon.colcon_core.package_identification[0m [1;30mLevel 1[0m _identify(rl_sar-main/cmake_build/CMakeFiles/motion_loader.dir/library) by extensions ['ignore', 'ignore_ament_install']
[0.809s] [34mcolcon.colcon_core.package_identification[0m [1;30mLevel 1[0m _identify(rl_sar-main/cmake_build/CMakeFiles/motion_loader.dir/library) by extension 'ignore'
[0.809s] [34mcolcon.colcon_core.package_identification[0m [1;30mLevel 1[0m _identify(rl_sar-main/cmake_build/CMakeFiles/motion_loader.dir/library) by extension 'ignore_ament_install'
[0.810s] [34mcolcon.colcon_core.package_identification[0m [1;30mLevel 1[0m _identify(rl_sar-main/cmake_build/CMakeFiles/motion_loader.dir/library) by extensions ['colcon_pkg']
[0.810s] [34mcolcon.colcon_core.package_identification[0m [1;30mLevel 1[0m _identify(rl_sar-main/cmake_build/CMakeFiles/motion_loader.dir/library) by extension 'colcon_pkg'
[0.810s] [34mcolcon.colcon_core.package_identification[0m [1;30mLevel 1[0m _identify(rl_sar-main/cmake_build/CMakeFiles/motion_loader.dir/library) by extensions ['colcon_meta']
[0.810s] [34mcolcon.colcon_core.package_identification[0m [1;30mLevel 1[0m _identify(rl_sar-main/cmake_build/CMakeFiles/motion_loader.dir/library) by extension 'colcon_meta'
[0.810s] [34mcolcon.colcon_core.package_identification[0m [1;30mLevel 1[0m _identify(rl_sar-main/cmake_build/CMakeFiles/motion_loader.dir/library) by extensions ['ros']
[0.810s] [34mcolcon.colcon_core.package_identification[0m [1;30mLevel 1[0m _identify(rl_sar-main/cmake_build/CMakeFiles/motion_loader.dir/library) by extension 'ros'
[0.810s] [34mcolcon.colcon_core.package_identification[0m [1;30mLevel 1[0m _identify(rl_sar-main/cmake_build/CMakeFiles/motion_loader.dir/library) by extensions ['cmake', 'python']
[0.810s] [34mcolcon.colcon_core.package_identification[0m [1;30mLevel 1[0m _identify(rl_sar-main/cmake_build/CMakeFiles/motion_loader.dir/library) by extension 'cmake'
[0.810s] [34mcolcon.colcon_core.package_identification[0m [1;30mLevel 1[0m _identify(rl_sar-main/cmake_build/CMakeFiles/motion_loader.dir/library) by extension 'python'
[0.811s] [34mcolcon.colcon_core.package_identification[0m [1;30mLevel 1[0m _identify(rl_sar-main/cmake_build/CMakeFiles/motion_loader.dir/library) by extensions ['python_setup_py']
[0.811s] [34mcolcon.colcon_core.package_identification[0m [1;30mLevel 1[0m _identify(rl_sar-main/cmake_build/CMakeFiles/motion_loader.dir/library) by extension 'python_setup_py'
[0.811s] [34mcolcon.colcon_core.package_identification[0m [1;30mLevel 1[0m _identify(rl_sar-main/cmake_build/CMakeFiles/motion_loader.dir/library/core) by extensions ['ignore', 'ignore_ament_install']
[0.811s] [34mcolcon.colcon_core.package_identification[0m [1;30mLevel 1[0m _identify(rl_sar-main/cmake_build/CMakeFiles/motion_loader.dir/library/core) by extension 'ignore'
[0.811s] [34mcolcon.colcon_core.package_identification[0m [1;30mLevel 1[0m _identify(rl_sar-main/cmake_build/CMakeFiles/motion_loader.dir/library/core) by extension 'ignore_ament_install'
[0.811s] [34mcolcon.colcon_core.package_identification[0m [1;30mLevel 1[0m _identify(rl_sar-main/cmake_build/CMakeFiles/motion_loader.dir/library/core) by extensions ['colcon_pkg']
[0.811s] [34mcolcon.colcon_core.package_identification[0m [1;30mLevel 1[0m _identify(rl_sar-main/cmake_build/CMakeFiles/motion_loader.dir/library/core) by extension 'colcon_pkg'
[0.811s] [34mcolcon.colcon_core.package_identification[0m [1;30mLevel 1[0m _identify(rl_sar-main/cmake_build/CMakeFiles/motion_loader.dir/library/core) by extensions ['colcon_meta']
[0.812s] [34mcolcon.colcon_core.package_identification[0m [1;30mLevel 1[0m _identify(rl_sar-main/cmake_build/CMakeFiles/motion_loader.dir/library/core) by extension 'colcon_meta'
[0.812s] [34mcolcon.colcon_core.package_identification[0m [1;30mLevel 1[0m _identify(rl_sar-main/cmake_build/CMakeFiles/motion_loader.dir/library/core) by extensions ['ros']
[0.812s] [34mcolcon.colcon_core.package_identification[0m [1;30mLevel 1[0m _identify(rl_sar-main/cmake_build/CMakeFiles/motion_loader.dir/library/core) by extension 'ros'
[0.812s] [34mcolcon.colcon_core.package_identification[0m [1;30mLevel 1[0m _identify(rl_sar-main/cmake_build/CMakeFiles/motion_loader.dir/library/core) by extensions ['cmake', 'python']
[0.812s] [34mcolcon.colcon_core.package_identification[0m [1;30mLevel 1[0m _identify(rl_sar-main/cmake_build/CMakeFiles/motion_loader.dir/library/core) by extension 'cmake'
[0.812s] [34mcolcon.colcon_core.package_identification[0m [1;30mLevel 1[0m _identify(rl_sar-main/cmake_build/CMakeFiles/motion_loader.dir/library/core) by extension 'python'
[0.812s] [34mcolcon.colcon_core.package_identification[0m [1;30mLevel 1[0m _identify(rl_sar-main/cmake_build/CMakeFiles/motion_loader.dir/library/core) by extensions ['python_setup_py']
[0.812s] [34mcolcon.colcon_core.package_identification[0m [1;30mLevel 1[0m _identify(rl_sar-main/cmake_build/CMakeFiles/motion_loader.dir/library/core) by extension 'python_setup_py'
[0.813s] [34mcolcon.colcon_core.package_identification[0m [1;30mLevel 1[0m _identify(rl_sar-main/cmake_build/CMakeFiles/motion_loader.dir/library/core/motion_loader) by extensions ['ignore', 'ignore_ament_install']
[0.813s] [34mcolcon.colcon_core.package_identification[0m [1;30mLevel 1[0m _identify(rl_sar-main/cmake_build/CMakeFiles/motion_loader.dir/library/core/motion_loader) by extension 'ignore'
[0.813s] [34mcolcon.colcon_core.package_identification[0m [1;30mLevel 1[0m _identify(rl_sar-main/cmake_build/CMakeFiles/motion_loader.dir/library/core/motion_loader) by extension 'ignore_ament_install'
[0.813s] [34mcolcon.colcon_core.package_identification[0m [1;30mLevel 1[0m _identify(rl_sar-main/cmake_build/CMakeFiles/motion_loader.dir/library/core/motion_loader) by extensions ['colcon_pkg']
[0.813s] [34mcolcon.colcon_core.package_identification[0m [1;30mLevel 1[0m _identify(rl_sar-main/cmake_build/CMakeFiles/motion_loader.dir/library/core/motion_loader) by extension 'colcon_pkg'
[0.813s] [34mcolcon.colcon_core.package_identification[0m [1;30mLevel 1[0m _identify(rl_sar-main/cmake_build/CMakeFiles/motion_loader.dir/library/core/motion_loader) by extensions ['colcon_meta']
[0.813s] [34mcolcon.colcon_core.package_identification[0m [1;30mLevel 1[0m _identify(rl_sar-main/cmake_build/CMakeFiles/motion_loader.dir/library/core/motion_loader) by extension 'colcon_meta'
[0.813s] [34mcolcon.colcon_core.package_identification[0m [1;30mLevel 1[0m _identify(rl_sar-main/cmake_build/CMakeFiles/motion_loader.dir/library/core/motion_loader) by extensions ['ros']
[0.814s] [34mcolcon.colcon_core.package_identification[0m [1;30mLevel 1[0m _identify(rl_sar-main/cmake_build/CMakeFiles/motion_loader.dir/library/core/motion_loader) by extension 'ros'
[0.814s] [34mcolcon.colcon_core.package_identification[0m [1;30mLevel 1[0m _identify(rl_sar-main/cmake_build/CMakeFiles/motion_loader.dir/library/core/motion_loader) by extensions ['cmake', 'python']
[0.814s] [34mcolcon.colcon_core.package_identification[0m [1;30mLevel 1[0m _identify(rl_sar-main/cmake_build/CMakeFiles/motion_loader.dir/library/core/motion_loader) by extension 'cmake'
[0.814s] [34mcolcon.colcon_core.package_identification[0m [1;30mLevel 1[0m _identify(rl_sar-main/cmake_build/CMakeFiles/motion_loader.dir/library/core/motion_loader) by extension 'python'
[0.814s] [34mcolcon.colcon_core.package_identification[0m [1;30mLevel 1[0m _identify(rl_sar-main/cmake_build/CMakeFiles/motion_loader.dir/library/core/motion_loader) by extensions ['python_setup_py']
[0.814s] [34mcolcon.colcon_core.package_identification[0m [1;30mLevel 1[0m _identify(rl_sar-main/cmake_build/CMakeFiles/motion_loader.dir/library/core/motion_loader) by extension 'python_setup_py'
[0.814s] [34mcolcon.colcon_core.package_identification[0m [1;30mLevel 1[0m _identify(rl_sar-main/cmake_build/CMakeFiles/observation_buffer.dir) by extensions ['ignore', 'ignore_ament_install']
[0.815s] [34mcolcon.colcon_core.package_identification[0m [1;30mLevel 1[0m _identify(rl_sar-main/cmake_build/CMakeFiles/observation_buffer.dir) by extension 'ignore'
[0.815s] [34mcolcon.colcon_core.package_identification[0m [1;30mLevel 1[0m _identify(rl_sar-main/cmake_build/CMakeFiles/observation_buffer.dir) by extension 'ignore_ament_install'
[0.815s] [34mcolcon.colcon_core.package_identification[0m [1;30mLevel 1[0m _identify(rl_sar-main/cmake_build/CMakeFiles/observation_buffer.dir) by extensions ['colcon_pkg']
[0.815s] [34mcolcon.colcon_core.package_identification[0m [1;30mLevel 1[0m _identify(rl_sar-main/cmake_build/CMakeFiles/observation_buffer.dir) by extension 'colcon_pkg'
[0.815s] [34mcolcon.colcon_core.package_identification[0m [1;30mLevel 1[0m _identify(rl_sar-main/cmake_build/CMakeFiles/observation_buffer.dir) by extensions ['colcon_meta']
[0.815s] [34mcolcon.colcon_core.package_identification[0m [1;30mLevel 1[0m _identify(rl_sar-main/cmake_build/CMakeFiles/observation_buffer.dir) by extension 'colcon_meta'
[0.815s] [34mcolcon.colcon_core.package_identification[0m [1;30mLevel 1[0m _identify(rl_sar-main/cmake_build/CMakeFiles/observation_buffer.dir) by extensions ['ros']
[0.815s] [34mcolcon.colcon_core.package_identification[0m [1;30mLevel 1[0m _identify(rl_sar-main/cmake_build/CMakeFiles/observation_buffer.dir) by extension 'ros'
[0.816s] [34mcolcon.colcon_core.package_identification[0m [1;30mLevel 1[0m _identify(rl_sar-main/cmake_build/CMakeFiles/observation_buffer.dir) by extensions ['cmake', 'python']
[0.816s] [34mcolcon.colcon_core.package_identification[0m [1;30mLevel 1[0m _identify(rl_sar-main/cmake_build/CMakeFiles/observation_buffer.dir) by extension 'cmake'
[0.816s] [34mcolcon.colcon_core.package_identification[0m [1;30mLevel 1[0m _identify(rl_sar-main/cmake_build/CMakeFiles/observation_buffer.dir) by extension 'python'
[0.816s] [34mcolcon.colcon_core.package_identification[0m [1;30mLevel 1[0m _identify(rl_sar-main/cmake_build/CMakeFiles/observation_buffer.dir) by extensions ['python_setup_py']
[0.816s] [34mcolcon.colcon_core.package_identification[0m [1;30mLevel 1[0m _identify(rl_sar-main/cmake_build/CMakeFiles/observation_buffer.dir) by extension 'python_setup_py'
[0.816s] [34mcolcon.colcon_core.package_identification[0m [1;30mLevel 1[0m _identify(rl_sar-main/cmake_build/CMakeFiles/observation_buffer.dir/library) by extensions ['ignore', 'ignore_ament_install']
[0.816s] [34mcolcon.colcon_core.package_identification[0m [1;30mLevel 1[0m _identify(rl_sar-main/cmake_build/CMakeFiles/observation_buffer.dir/library) by extension 'ignore'
[0.816s] [34mcolcon.colcon_core.package_identification[0m [1;30mLevel 1[0m _identify(rl_sar-main/cmake_build/CMakeFiles/observation_buffer.dir/library) by extension 'ignore_ament_install'
[0.817s] [34mcolcon.colcon_core.package_identification[0m [1;30mLevel 1[0m _identify(rl_sar-main/cmake_build/CMakeFiles/observation_buffer.dir/library) by extensions ['colcon_pkg']
[0.817s] [34mcolcon.colcon_core.package_identification[0m [1;30mLevel 1[0m _identify(rl_sar-main/cmake_build/CMakeFiles/observation_buffer.dir/library) by extension 'colcon_pkg'
[0.817s] [34mcolcon.colcon_core.package_identification[0m [1;30mLevel 1[0m _identify(rl_sar-main/cmake_build/CMakeFiles/observation_buffer.dir/library) by extensions ['colcon_meta']
[0.817s] [34mcolcon.colcon_core.package_identification[0m [1;30mLevel 1[0m _identify(rl_sar-main/cmake_build/CMakeFiles/observation_buffer.dir/library) by extension 'colcon_meta'
[0.817s] [34mcolcon.colcon_core.package_identification[0m [1;30mLevel 1[0m _identify(rl_sar-main/cmake_build/CMakeFiles/observation_buffer.dir/library) by extensions ['ros']
[0.817s] [34mcolcon.colcon_core.package_identification[0m [1;30mLevel 1[0m _identify(rl_sar-main/cmake_build/CMakeFiles/observation_buffer.dir/library) by extension 'ros'
[0.817s] [34mcolcon.colcon_core.package_identification[0m [1;30mLevel 1[0m _identify(rl_sar-main/cmake_build/CMakeFiles/observation_buffer.dir/library) by extensions ['cmake', 'python']
[0.817s] [34mcolcon.colcon_core.package_identification[0m [1;30mLevel 1[0m _identify(rl_sar-main/cmake_build/CMakeFiles/observation_buffer.dir/library) by extension 'cmake'
[0.817s] [34mcolcon.colcon_core.package_identification[0m [1;30mLevel 1[0m _identify(rl_sar-main/cmake_build/CMakeFiles/observation_buffer.dir/library) by extension 'python'
[0.818s] [34mcolcon.colcon_core.package_identification[0m [1;30mLevel 1[0m _identify(rl_sar-main/cmake_build/CMakeFiles/observation_buffer.dir/library) by extensions ['python_setup_py']
[0.818s] [34mcolcon.colcon_core.package_identification[0m [1;30mLevel 1[0m _identify(rl_sar-main/cmake_build/CMakeFiles/observation_buffer.dir/library) by extension 'python_setup_py'
[0.818s] [34mcolcon.colcon_core.package_identification[0m [1;30mLevel 1[0m _identify(rl_sar-main/cmake_build/CMakeFiles/observation_buffer.dir/library/core) by extensions ['ignore', 'ignore_ament_install']
[0.818s] [34mcolcon.colcon_core.package_identification[0m [1;30mLevel 1[0m _identify(rl_sar-main/cmake_build/CMakeFiles/observation_buffer.dir/library/core) by extension 'ignore'
[0.818s] [34mcolcon.colcon_core.package_identification[0m [1;30mLevel 1[0m _identify(rl_sar-main/cmake_build/CMakeFiles/observation_buffer.dir/library/core) by extension 'ignore_ament_install'
[0.818s] [34mcolcon.colcon_core.package_identification[0m [1;30mLevel 1[0m _identify(rl_sar-main/cmake_build/CMakeFiles/observation_buffer.dir/library/core) by extensions ['colcon_pkg']
[0.818s] [34mcolcon.colcon_core.package_identification[0m [1;30mLevel 1[0m _identify(rl_sar-main/cmake_build/CMakeFiles/observation_buffer.dir/library/core) by extension 'colcon_pkg'
[0.819s] [34mcolcon.colcon_core.package_identification[0m [1;30mLevel 1[0m _identify(rl_sar-main/cmake_build/CMakeFiles/observation_buffer.dir/library/core) by extensions ['colcon_meta']
[0.819s] [34mcolcon.colcon_core.package_identification[0m [1;30mLevel 1[0m _identify(rl_sar-main/cmake_build/CMakeFiles/observation_buffer.dir/library/core) by extension 'colcon_meta'
[0.819s] [34mcolcon.colcon_core.package_identification[0m [1;30mLevel 1[0m _identify(rl_sar-main/cmake_build/CMakeFiles/observation_buffer.dir/library/core) by extensions ['ros']
[0.819s] [34mcolcon.colcon_core.package_identification[0m [1;30mLevel 1[0m _identify(rl_sar-main/cmake_build/CMakeFiles/observation_buffer.dir/library/core) by extension 'ros'
[0.819s] [34mcolcon.colcon_core.package_identification[0m [1;30mLevel 1[0m _identify(rl_sar-main/cmake_build/CMakeFiles/observation_buffer.dir/library/core) by extensions ['cmake', 'python']
[0.819s] [34mcolcon.colcon_core.package_identification[0m [1;30mLevel 1[0m _identify(rl_sar-main/cmake_build/CMakeFiles/observation_buffer.dir/library/core) by extension 'cmake'
[0.819s] [34mcolcon.colcon_core.package_identification[0m [1;30mLevel 1[0m _identify(rl_sar-main/cmake_build/CMakeFiles/observation_buffer.dir/library/core) by extension 'python'
[0.819s] [34mcolcon.colcon_core.package_identification[0m [1;30mLevel 1[0m _identify(rl_sar-main/cmake_build/CMakeFiles/observation_buffer.dir/library/core) by extensions ['python_setup_py']
[0.819s] [34mcolcon.colcon_core.package_identification[0m [1;30mLevel 1[0m _identify(rl_sar-main/cmake_build/CMakeFiles/observation_buffer.dir/library/core) by extension 'python_setup_py'
[0.820s] [34mcolcon.colcon_core.package_identification[0m [1;30mLevel 1[0m _identify(rl_sar-main/cmake_build/CMakeFiles/observation_buffer.dir/library/core/observation_buffer) by extensions ['ignore', 'ignore_ament_install']
[0.820s] [34mcolcon.colcon_core.package_identification[0m [1;30mLevel 1[0m _identify(rl_sar-main/cmake_build/CMakeFiles/observation_buffer.dir/library/core/observation_buffer) by extension 'ignore'
[0.820s] [34mcolcon.colcon_core.package_identification[0m [1;30mLevel 1[0m _identify(rl_sar-main/cmake_build/CMakeFiles/observation_buffer.dir/library/core/observation_buffer) by extension 'ignore_ament_install'
[0.820s] [34mcolcon.colcon_core.package_identification[0m [1;30mLevel 1[0m _identify(rl_sar-main/cmake_build/CMakeFiles/observation_buffer.dir/library/core/observation_buffer) by extensions ['colcon_pkg']
[0.820s] [34mcolcon.colcon_core.package_identification[0m [1;30mLevel 1[0m _identify(rl_sar-main/cmake_build/CMakeFiles/observation_buffer.dir/library/core/observation_buffer) by extension 'colcon_pkg'
[0.820s] [34mcolcon.colcon_core.package_identification[0m [1;30mLevel 1[0m _identify(rl_sar-main/cmake_build/CMakeFiles/observation_buffer.dir/library/core/observation_buffer) by extensions ['colcon_meta']
[0.820s] [34mcolcon.colcon_core.package_identification[0m [1;30mLevel 1[0m _identify(rl_sar-main/cmake_build/CMakeFiles/observation_buffer.dir/library/core/observation_buffer) by extension 'colcon_meta'
[0.821s] [34mcolcon.colcon_core.package_identification[0m [1;30mLevel 1[0m _identify(rl_sar-main/cmake_build/CMakeFiles/observation_buffer.dir/library/core/observation_buffer) by extensions ['ros']
[0.821s] [34mcolcon.colcon_core.package_identification[0m [1;30mLevel 1[0m _identify(rl_sar-main/cmake_build/CMakeFiles/observation_buffer.dir/library/core/observation_buffer) by extension 'ros'
[0.821s] [34mcolcon.colcon_core.package_identification[0m [1;30mLevel 1[0m _identify(rl_sar-main/cmake_build/CMakeFiles/observation_buffer.dir/library/core/observation_buffer) by extensions ['cmake', 'python']
[0.821s] [34mcolcon.colcon_core.package_identification[0m [1;30mLevel 1[0m _identify(rl_sar-main/cmake_build/CMakeFiles/observation_buffer.dir/library/core/observation_buffer) by extension 'cmake'
[0.821s] [34mcolcon.colcon_core.package_identification[0m [1;30mLevel 1[0m _identify(rl_sar-main/cmake_build/CMakeFiles/observation_buffer.dir/library/core/observation_buffer) by extension 'python'
[0.821s] [34mcolcon.colcon_core.package_identification[0m [1;30mLevel 1[0m _identify(rl_sar-main/cmake_build/CMakeFiles/observation_buffer.dir/library/core/observation_buffer) by extensions ['python_setup_py']
[0.821s] [34mcolcon.colcon_core.package_identification[0m [1;30mLevel 1[0m _identify(rl_sar-main/cmake_build/CMakeFiles/observation_buffer.dir/library/core/observation_buffer) by extension 'python_setup_py'
[0.821s] [34mcolcon.colcon_core.package_identification[0m [1;30mLevel 1[0m _identify(rl_sar-main/cmake_build/CMakeFiles/rl_sar_uninstall.dir) by extensions ['ignore', 'ignore_ament_install']
[0.822s] [34mcolcon.colcon_core.package_identification[0m [1;30mLevel 1[0m _identify(rl_sar-main/cmake_build/CMakeFiles/rl_sar_uninstall.dir) by extension 'ignore'
[0.822s] [34mcolcon.colcon_core.package_identification[0m [1;30mLevel 1[0m _identify(rl_sar-main/cmake_build/CMakeFiles/rl_sar_uninstall.dir) by extension 'ignore_ament_install'
[0.822s] [34mcolcon.colcon_core.package_identification[0m [1;30mLevel 1[0m _identify(rl_sar-main/cmake_build/CMakeFiles/rl_sar_uninstall.dir) by extensions ['colcon_pkg']
[0.822s] [34mcolcon.colcon_core.package_identification[0m [1;30mLevel 1[0m _identify(rl_sar-main/cmake_build/CMakeFiles/rl_sar_uninstall.dir) by extension 'colcon_pkg'
[0.822s] [34mcolcon.colcon_core.package_identification[0m [1;30mLevel 1[0m _identify(rl_sar-main/cmake_build/CMakeFiles/rl_sar_uninstall.dir) by extensions ['colcon_meta']
[0.822s] [34mcolcon.colcon_core.package_identification[0m [1;30mLevel 1[0m _identify(rl_sar-main/cmake_build/CMakeFiles/rl_sar_uninstall.dir) by extension 'colcon_meta'
[0.822s] [34mcolcon.colcon_core.package_identification[0m [1;30mLevel 1[0m _identify(rl_sar-main/cmake_build/CMakeFiles/rl_sar_uninstall.dir) by extensions ['ros']
[0.822s] [34mcolcon.colcon_core.package_identification[0m [1;30mLevel 1[0m _identify(rl_sar-main/cmake_build/CMakeFiles/rl_sar_uninstall.dir) by extension 'ros'
[0.823s] [34mcolcon.colcon_core.package_identification[0m [1;30mLevel 1[0m _identify(rl_sar-main/cmake_build/CMakeFiles/rl_sar_uninstall.dir) by extensions ['cmake', 'python']
[0.823s] [34mcolcon.colcon_core.package_identification[0m [1;30mLevel 1[0m _identify(rl_sar-main/cmake_build/CMakeFiles/rl_sar_uninstall.dir) by extension 'cmake'
[0.823s] [34mcolcon.colcon_core.package_identification[0m [1;30mLevel 1[0m _identify(rl_sar-main/cmake_build/CMakeFiles/rl_sar_uninstall.dir) by extension 'python'
[0.823s] [34mcolcon.colcon_core.package_identification[0m [1;30mLevel 1[0m _identify(rl_sar-main/cmake_build/CMakeFiles/rl_sar_uninstall.dir) by extensions ['python_setup_py']
[0.823s] [34mcolcon.colcon_core.package_identification[0m [1;30mLevel 1[0m _identify(rl_sar-main/cmake_build/CMakeFiles/rl_sar_uninstall.dir) by extension 'python_setup_py'
[0.823s] [34mcolcon.colcon_core.package_identification[0m [1;30mLevel 1[0m _identify(rl_sar-main/cmake_build/CMakeFiles/rl_sdk.dir) by extensions ['ignore', 'ignore_ament_install']
[0.823s] [34mcolcon.colcon_core.package_identification[0m [1;30mLevel 1[0m _identify(rl_sar-main/cmake_build/CMakeFiles/rl_sdk.dir) by extension 'ignore'
[0.824s] [34mcolcon.colcon_core.package_identification[0m [1;30mLevel 1[0m _identify(rl_sar-main/cmake_build/CMakeFiles/rl_sdk.dir) by extension 'ignore_ament_install'
[0.824s] [34mcolcon.colcon_core.package_identification[0m [1;30mLevel 1[0m _identify(rl_sar-main/cmake_build/CMakeFiles/rl_sdk.dir) by extensions ['colcon_pkg']
[0.824s] [34mcolcon.colcon_core.package_identification[0m [1;30mLevel 1[0m _identify(rl_sar-main/cmake_build/CMakeFiles/rl_sdk.dir) by extension 'colcon_pkg'
[0.824s] [34mcolcon.colcon_core.package_identification[0m [1;30mLevel 1[0m _identify(rl_sar-main/cmake_build/CMakeFiles/rl_sdk.dir) by extensions ['colcon_meta']
[0.824s] [34mcolcon.colcon_core.package_identification[0m [1;30mLevel 1[0m _identify(rl_sar-main/cmake_build/CMakeFiles/rl_sdk.dir) by extension 'colcon_meta'
[0.824s] [34mcolcon.colcon_core.package_identification[0m [1;30mLevel 1[0m _identify(rl_sar-main/cmake_build/CMakeFiles/rl_sdk.dir) by extensions ['ros']
[0.824s] [34mcolcon.colcon_core.package_identification[0m [1;30mLevel 1[0m _identify(rl_sar-main/cmake_build/CMakeFiles/rl_sdk.dir) by extension 'ros'
[0.824s] [34mcolcon.colcon_core.package_identification[0m [1;30mLevel 1[0m _identify(rl_sar-main/cmake_build/CMakeFiles/rl_sdk.dir) by extensions ['cmake', 'python']
[0.824s] [34mcolcon.colcon_core.package_identification[0m [1;30mLevel 1[0m _identify(rl_sar-main/cmake_build/CMakeFiles/rl_sdk.dir) by extension 'cmake'
[0.825s] [34mcolcon.colcon_core.package_identification[0m [1;30mLevel 1[0m _identify(rl_sar-main/cmake_build/CMakeFiles/rl_sdk.dir) by extension 'python'
[0.825s] [34mcolcon.colcon_core.package_identification[0m [1;30mLevel 1[0m _identify(rl_sar-main/cmake_build/CMakeFiles/rl_sdk.dir) by extensions ['python_setup_py']
[0.825s] [34mcolcon.colcon_core.package_identification[0m [1;30mLevel 1[0m _identify(rl_sar-main/cmake_build/CMakeFiles/rl_sdk.dir) by extension 'python_setup_py'
[0.825s] [34mcolcon.colcon_core.package_identification[0m [1;30mLevel 1[0m _identify(rl_sar-main/cmake_build/CMakeFiles/rl_sdk.dir/library) by extensions ['ignore', 'ignore_ament_install']
[0.825s] [34mcolcon.colcon_core.package_identification[0m [1;30mLevel 1[0m _identify(rl_sar-main/cmake_build/CMakeFiles/rl_sdk.dir/library) by extension 'ignore'
[0.825s] [34mcolcon.colcon_core.package_identification[0m [1;30mLevel 1[0m _identify(rl_sar-main/cmake_build/CMakeFiles/rl_sdk.dir/library) by extension 'ignore_ament_install'
[0.825s] [34mcolcon.colcon_core.package_identification[0m [1;30mLevel 1[0m _identify(rl_sar-main/cmake_build/CMakeFiles/rl_sdk.dir/library) by extensions ['colcon_pkg']
[0.825s] [34mcolcon.colcon_core.package_identification[0m [1;30mLevel 1[0m _identify(rl_sar-main/cmake_build/CMakeFiles/rl_sdk.dir/library) by extension 'colcon_pkg'
[0.826s] [34mcolcon.colcon_core.package_identification[0m [1;30mLevel 1[0m _identify(rl_sar-main/cmake_build/CMakeFiles/rl_sdk.dir/library) by extensions ['colcon_meta']
[0.826s] [34mcolcon.colcon_core.package_identification[0m [1;30mLevel 1[0m _identify(rl_sar-main/cmake_build/CMakeFiles/rl_sdk.dir/library) by extension 'colcon_meta'
[0.826s] [34mcolcon.colcon_core.package_identification[0m [1;30mLevel 1[0m _identify(rl_sar-main/cmake_build/CMakeFiles/rl_sdk.dir/library) by extensions ['ros']
[0.826s] [34mcolcon.colcon_core.package_identification[0m [1;30mLevel 1[0m _identify(rl_sar-main/cmake_build/CMakeFiles/rl_sdk.dir/library) by extension 'ros'
[0.826s] [34mcolcon.colcon_core.package_identification[0m [1;30mLevel 1[0m _identify(rl_sar-main/cmake_build/CMakeFiles/rl_sdk.dir/library) by extensions ['cmake', 'python']
[0.826s] [34mcolcon.colcon_core.package_identification[0m [1;30mLevel 1[0m _identify(rl_sar-main/cmake_build/CMakeFiles/rl_sdk.dir/library) by extension 'cmake'
[0.826s] [34mcolcon.colcon_core.package_identification[0m [1;30mLevel 1[0m _identify(rl_sar-main/cmake_build/CMakeFiles/rl_sdk.dir/library) by extension 'python'
[0.826s] [34mcolcon.colcon_core.package_identification[0m [1;30mLevel 1[0m _identify(rl_sar-main/cmake_build/CMakeFiles/rl_sdk.dir/library) by extensions ['python_setup_py']
[0.826s] [34mcolcon.colcon_core.package_identification[0m [1;30mLevel 1[0m _identify(rl_sar-main/cmake_build/CMakeFiles/rl_sdk.dir/library) by extension 'python_setup_py'
[0.827s] [34mcolcon.colcon_core.package_identification[0m [1;30mLevel 1[0m _identify(rl_sar-main/cmake_build/CMakeFiles/rl_sdk.dir/library/core) by extensions ['ignore', 'ignore_ament_install']
[0.827s] [34mcolcon.colcon_core.package_identification[0m [1;30mLevel 1[0m _identify(rl_sar-main/cmake_build/CMakeFiles/rl_sdk.dir/library/core) by extension 'ignore'
[0.827s] [34mcolcon.colcon_core.package_identification[0m [1;30mLevel 1[0m _identify(rl_sar-main/cmake_build/CMakeFiles/rl_sdk.dir/library/core) by extension 'ignore_ament_install'
[0.827s] [34mcolcon.colcon_core.package_identification[0m [1;30mLevel 1[0m _identify(rl_sar-main/cmake_build/CMakeFiles/rl_sdk.dir/library/core) by extensions ['colcon_pkg']
[0.827s] [34mcolcon.colcon_core.package_identification[0m [1;30mLevel 1[0m _identify(rl_sar-main/cmake_build/CMakeFiles/rl_sdk.dir/library/core) by extension 'colcon_pkg'
[0.827s] [34mcolcon.colcon_core.package_identification[0m [1;30mLevel 1[0m _identify(rl_sar-main/cmake_build/CMakeFiles/rl_sdk.dir/library/core) by extensions ['colcon_meta']
[0.827s] [34mcolcon.colcon_core.package_identification[0m [1;30mLevel 1[0m _identify(rl_sar-main/cmake_build/CMakeFiles/rl_sdk.dir/library/core) by extension 'colcon_meta'
[0.828s] [34mcolcon.colcon_core.package_identification[0m [1;30mLevel 1[0m _identify(rl_sar-main/cmake_build/CMakeFiles/rl_sdk.dir/library/core) by extensions ['ros']
[0.828s] [34mcolcon.colcon_core.package_identification[0m [1;30mLevel 1[0m _identify(rl_sar-main/cmake_build/CMakeFiles/rl_sdk.dir/library/core) by extension 'ros'
[0.828s] [34mcolcon.colcon_core.package_identification[0m [1;30mLevel 1[0m _identify(rl_sar-main/cmake_build/CMakeFiles/rl_sdk.dir/library/core) by extensions ['cmake', 'python']
[0.828s] [34mcolcon.colcon_core.package_identification[0m [1;30mLevel 1[0m _identify(rl_sar-main/cmake_build/CMakeFiles/rl_sdk.dir/library/core) by extension 'cmake'
[0.828s] [34mcolcon.colcon_core.package_identification[0m [1;30mLevel 1[0m _identify(rl_sar-main/cmake_build/CMakeFiles/rl_sdk.dir/library/core) by extension 'python'
[0.828s] [34mcolcon.colcon_core.package_identification[0m [1;30mLevel 1[0m _identify(rl_sar-main/cmake_build/CMakeFiles/rl_sdk.dir/library/core) by extensions ['python_setup_py']
[0.828s] [34mcolcon.colcon_core.package_identification[0m [1;30mLevel 1[0m _identify(rl_sar-main/cmake_build/CMakeFiles/rl_sdk.dir/library/core) by extension 'python_setup_py'
[0.829s] [34mcolcon.colcon_core.package_identification[0m [1;30mLevel 1[0m _identify(rl_sar-main/cmake_build/CMakeFiles/rl_sdk.dir/library/core/rl_sdk) by extensions ['ignore', 'ignore_ament_install']
[0.829s] [34mcolcon.colcon_core.package_identification[0m [1;30mLevel 1[0m _identify(rl_sar-main/cmake_build/CMakeFiles/rl_sdk.dir/library/core/rl_sdk) by extension 'ignore'
[0.829s] [34mcolcon.colcon_core.package_identification[0m [1;30mLevel 1[0m _identify(rl_sar-main/cmake_build/CMakeFiles/rl_sdk.dir/library/core/rl_sdk) by extension 'ignore_ament_install'
[0.829s] [34mcolcon.colcon_core.package_identification[0m [1;30mLevel 1[0m _identify(rl_sar-main/cmake_build/CMakeFiles/rl_sdk.dir/library/core/rl_sdk) by extensions ['colcon_pkg']
[0.829s] [34mcolcon.colcon_core.package_identification[0m [1;30mLevel 1[0m _identify(rl_sar-main/cmake_build/CMakeFiles/rl_sdk.dir/library/core/rl_sdk) by extension 'colcon_pkg'
[0.829s] [34mcolcon.colcon_core.package_identification[0m [1;30mLevel 1[0m _identify(rl_sar-main/cmake_build/CMakeFiles/rl_sdk.dir/library/core/rl_sdk) by extensions ['colcon_meta']
[0.829s] [34mcolcon.colcon_core.package_identification[0m [1;30mLevel 1[0m _identify(rl_sar-main/cmake_build/CMakeFiles/rl_sdk.dir/library/core/rl_sdk) by extension 'colcon_meta'
[0.829s] [34mcolcon.colcon_core.package_identification[0m [1;30mLevel 1[0m _identify(rl_sar-main/cmake_build/CMakeFiles/rl_sdk.dir/library/core/rl_sdk) by extensions ['ros']
[0.829s] [34mcolcon.colcon_core.package_identification[0m [1;30mLevel 1[0m _identify(rl_sar-main/cmake_build/CMakeFiles/rl_sdk.dir/library/core/rl_sdk) by extension 'ros'
[0.830s] [34mcolcon.colcon_core.package_identification[0m [1;30mLevel 1[0m _identify(rl_sar-main/cmake_build/CMakeFiles/rl_sdk.dir/library/core/rl_sdk) by extensions ['cmake', 'python']
[0.830s] [34mcolcon.colcon_core.package_identification[0m [1;30mLevel 1[0m _identify(rl_sar-main/cmake_build/CMakeFiles/rl_sdk.dir/library/core/rl_sdk) by extension 'cmake'
[0.830s] [34mcolcon.colcon_core.package_identification[0m [1;30mLevel 1[0m _identify(rl_sar-main/cmake_build/CMakeFiles/rl_sdk.dir/library/core/rl_sdk) by extension 'python'
[0.830s] [34mcolcon.colcon_core.package_identification[0m [1;30mLevel 1[0m _identify(rl_sar-main/cmake_build/CMakeFiles/rl_sdk.dir/library/core/rl_sdk) by extensions ['python_setup_py']
[0.830s] [34mcolcon.colcon_core.package_identification[0m [1;30mLevel 1[0m _identify(rl_sar-main/cmake_build/CMakeFiles/rl_sdk.dir/library/core/rl_sdk) by extension 'python_setup_py'
[0.830s] [34mcolcon.colcon_core.package_identification[0m [1;30mLevel 1[0m _identify(rl_sar-main/cmake_build/CMakeFiles/uika.dir) by extensions ['ignore', 'ignore_ament_install']
[0.830s] [34mcolcon.colcon_core.package_identification[0m [1;30mLevel 1[0m _identify(rl_sar-main/cmake_build/CMakeFiles/uika.dir) by extension 'ignore'
[0.831s] [34mcolcon.colcon_core.package_identification[0m [1;30mLevel 1[0m _identify(rl_sar-main/cmake_build/CMakeFiles/uika.dir) by extension 'ignore_ament_install'
[0.831s] [34mcolcon.colcon_core.package_identification[0m [1;30mLevel 1[0m _identify(rl_sar-main/cmake_build/CMakeFiles/uika.dir) by extensions ['colcon_pkg']
[0.831s] [34mcolcon.colcon_core.package_identification[0m [1;30mLevel 1[0m _identify(rl_sar-main/cmake_build/CMakeFiles/uika.dir) by extension 'colcon_pkg'
[0.831s] [34mcolcon.colcon_core.package_identification[0m [1;30mLevel 1[0m _identify(rl_sar-main/cmake_build/CMakeFiles/uika.dir) by extensions ['colcon_meta']
[0.831s] [34mcolcon.colcon_core.package_identification[0m [1;30mLevel 1[0m _identify(rl_sar-main/cmake_build/CMakeFiles/uika.dir) by extension 'colcon_meta'
[0.831s] [34mcolcon.colcon_core.package_identification[0m [1;30mLevel 1[0m _identify(rl_sar-main/cmake_build/CMakeFiles/uika.dir) by extensions ['ros']
[0.831s] [34mcolcon.colcon_core.package_identification[0m [1;30mLevel 1[0m _identify(rl_sar-main/cmake_build/CMakeFiles/uika.dir) by extension 'ros'
[0.831s] [34mcolcon.colcon_core.package_identification[0m [1;30mLevel 1[0m _identify(rl_sar-main/cmake_build/CMakeFiles/uika.dir) by extensions ['cmake', 'python']
[0.831s] [34mcolcon.colcon_core.package_identification[0m [1;30mLevel 1[0m _identify(rl_sar-main/cmake_build/CMakeFiles/uika.dir) by extension 'cmake'
[0.832s] [34mcolcon.colcon_core.package_identification[0m [1;30mLevel 1[0m _identify(rl_sar-main/cmake_build/CMakeFiles/uika.dir) by extension 'python'
[0.832s] [34mcolcon.colcon_core.package_identification[0m [1;30mLevel 1[0m _identify(rl_sar-main/cmake_build/CMakeFiles/uika.dir) by extensions ['python_setup_py']
[0.832s] [34mcolcon.colcon_core.package_identification[0m [1;30mLevel 1[0m _identify(rl_sar-main/cmake_build/CMakeFiles/uika.dir) by extension 'python_setup_py'
[0.832s] [34mcolcon.colcon_core.package_identification[0m [1;30mLevel 1[0m _identify(rl_sar-main/cmake_build/CMakeFiles/uika.dir/src) by extensions ['ignore', 'ignore_ament_install']
[0.832s] [34mcolcon.colcon_core.package_identification[0m [1;30mLevel 1[0m _identify(rl_sar-main/cmake_build/CMakeFiles/uika.dir/src) by extension 'ignore'
[0.832s] [34mcolcon.colcon_core.package_identification[0m [1;30mLevel 1[0m _identify(rl_sar-main/cmake_build/CMakeFiles/uika.dir/src) by extension 'ignore_ament_install'
[0.833s] [34mcolcon.colcon_core.package_identification[0m [1;30mLevel 1[0m _identify(rl_sar-main/cmake_build/CMakeFiles/uika.dir/src) by extensions ['colcon_pkg']
[0.833s] [34mcolcon.colcon_core.package_identification[0m [1;30mLevel 1[0m _identify(rl_sar-main/cmake_build/CMakeFiles/uika.dir/src) by extension 'colcon_pkg'
[0.833s] [34mcolcon.colcon_core.package_identification[0m [1;30mLevel 1[0m _identify(rl_sar-main/cmake_build/CMakeFiles/uika.dir/src) by extensions ['colcon_meta']
[0.833s] [34mcolcon.colcon_core.package_identification[0m [1;30mLevel 1[0m _identify(rl_sar-main/cmake_build/CMakeFiles/uika.dir/src) by extension 'colcon_meta'
[0.833s] [34mcolcon.colcon_core.package_identification[0m [1;30mLevel 1[0m _identify(rl_sar-main/cmake_build/CMakeFiles/uika.dir/src) by extensions ['ros']
[0.833s] [34mcolcon.colcon_core.package_identification[0m [1;30mLevel 1[0m _identify(rl_sar-main/cmake_build/CMakeFiles/uika.dir/src) by extension 'ros'
[0.833s] [34mcolcon.colcon_core.package_identification[0m [1;30mLevel 1[0m _identify(rl_sar-main/cmake_build/CMakeFiles/uika.dir/src) by extensions ['cmake', 'python']
[0.833s] [34mcolcon.colcon_core.package_identification[0m [1;30mLevel 1[0m _identify(rl_sar-main/cmake_build/CMakeFiles/uika.dir/src) by extension 'cmake'
[0.833s] [34mcolcon.colcon_core.package_identification[0m [1;30mLevel 1[0m _identify(rl_sar-main/cmake_build/CMakeFiles/uika.dir/src) by extension 'python'
[0.833s] [34mcolcon.colcon_core.package_identification[0m [1;30mLevel 1[0m _identify(rl_sar-main/cmake_build/CMakeFiles/uika.dir/src) by extensions ['python_setup_py']
[0.834s] [34mcolcon.colcon_core.package_identification[0m [1;30mLevel 1[0m _identify(rl_sar-main/cmake_build/CMakeFiles/uika.dir/src) by extension 'python_setup_py'
[0.834s] [34mcolcon.colcon_core.package_identification[0m [1;30mLevel 1[0m _identify(rl_sar-main/cmake_build/CMakeFiles/uika_mock_publisher.dir) by extensions ['ignore', 'ignore_ament_install']
[0.834s] [34mcolcon.colcon_core.package_identification[0m [1;30mLevel 1[0m _identify(rl_sar-main/cmake_build/CMakeFiles/uika_mock_publisher.dir) by extension 'ignore'
[0.834s] [34mcolcon.colcon_core.package_identification[0m [1;30mLevel 1[0m _identify(rl_sar-main/cmake_build/CMakeFiles/uika_mock_publisher.dir) by extension 'ignore_ament_install'
[0.834s] [34mcolcon.colcon_core.package_identification[0m [1;30mLevel 1[0m _identify(rl_sar-main/cmake_build/CMakeFiles/uika_mock_publisher.dir) by extensions ['colcon_pkg']
[0.834s] [34mcolcon.colcon_core.package_identification[0m [1;30mLevel 1[0m _identify(rl_sar-main/cmake_build/CMakeFiles/uika_mock_publisher.dir) by extension 'colcon_pkg'
[0.834s] [34mcolcon.colcon_core.package_identification[0m [1;30mLevel 1[0m _identify(rl_sar-main/cmake_build/CMakeFiles/uika_mock_publisher.dir) by extensions ['colcon_meta']
[0.835s] [34mcolcon.colcon_core.package_identification[0m [1;30mLevel 1[0m _identify(rl_sar-main/cmake_build/CMakeFiles/uika_mock_publisher.dir) by extension 'colcon_meta'
[0.835s] [34mcolcon.colcon_core.package_identification[0m [1;30mLevel 1[0m _identify(rl_sar-main/cmake_build/CMakeFiles/uika_mock_publisher.dir) by extensions ['ros']
[0.835s] [34mcolcon.colcon_core.package_identification[0m [1;30mLevel 1[0m _identify(rl_sar-main/cmake_build/CMakeFiles/uika_mock_publisher.dir) by extension 'ros'
[0.835s] [34mcolcon.colcon_core.package_identification[0m [1;30mLevel 1[0m _identify(rl_sar-main/cmake_build/CMakeFiles/uika_mock_publisher.dir) by extensions ['cmake', 'python']
[0.835s] [34mcolcon.colcon_core.package_identification[0m [1;30mLevel 1[0m _identify(rl_sar-main/cmake_build/CMakeFiles/uika_mock_publisher.dir) by extension 'cmake'
[0.835s] [34mcolcon.colcon_core.package_identification[0m [1;30mLevel 1[0m _identify(rl_sar-main/cmake_build/CMakeFiles/uika_mock_publisher.dir) by extension 'python'
[0.835s] [34mcolcon.colcon_core.package_identification[0m [1;30mLevel 1[0m _identify(rl_sar-main/cmake_build/CMakeFiles/uika_mock_publisher.dir) by extensions ['python_setup_py']
[0.835s] [34mcolcon.colcon_core.package_identification[0m [1;30mLevel 1[0m _identify(rl_sar-main/cmake_build/CMakeFiles/uika_mock_publisher.dir) by extension 'python_setup_py'
[0.836s] [34mcolcon.colcon_core.package_identification[0m [1;30mLevel 1[0m _identify(rl_sar-main/cmake_build/CMakeFiles/uika_mock_publisher.dir/src) by extensions ['ignore', 'ignore_ament_install']
[0.836s] [34mcolcon.colcon_core.package_identification[0m [1;30mLevel 1[0m _identify(rl_sar-main/cmake_build/CMakeFiles/uika_mock_publisher.dir/src) by extension 'ignore'
[0.836s] [34mcolcon.colcon_core.package_identification[0m [1;30mLevel 1[0m _identify(rl_sar-main/cmake_build/CMakeFiles/uika_mock_publisher.dir/src) by extension 'ignore_ament_install'
[0.836s] [34mcolcon.colcon_core.package_identification[0m [1;30mLevel 1[0m _identify(rl_sar-main/cmake_build/CMakeFiles/uika_mock_publisher.dir/src) by extensions ['colcon_pkg']
[0.836s] [34mcolcon.colcon_core.package_identification[0m [1;30mLevel 1[0m _identify(rl_sar-main/cmake_build/CMakeFiles/uika_mock_publisher.dir/src) by extension 'colcon_pkg'
[0.836s] [34mcolcon.colcon_core.package_identification[0m [1;30mLevel 1[0m _identify(rl_sar-main/cmake_build/CMakeFiles/uika_mock_publisher.dir/src) by extensions ['colcon_meta']
[0.836s] [34mcolcon.colcon_core.package_identification[0m [1;30mLevel 1[0m _identify(rl_sar-main/cmake_build/CMakeFiles/uika_mock_publisher.dir/src) by extension 'colcon_meta'
[0.836s] [34mcolcon.colcon_core.package_identification[0m [1;30mLevel 1[0m _identify(rl_sar-main/cmake_build/CMakeFiles/uika_mock_publisher.dir/src) by extensions ['ros']
[0.837s] [34mcolcon.colcon_core.package_identification[0m [1;30mLevel 1[0m _identify(rl_sar-main/cmake_build/CMakeFiles/uika_mock_publisher.dir/src) by extension 'ros'
[0.837s] [34mcolcon.colcon_core.package_identification[0m [1;30mLevel 1[0m _identify(rl_sar-main/cmake_build/CMakeFiles/uika_mock_publisher.dir/src) by extensions ['cmake', 'python']
[0.837s] [34mcolcon.colcon_core.package_identification[0m [1;30mLevel 1[0m _identify(rl_sar-main/cmake_build/CMakeFiles/uika_mock_publisher.dir/src) by extension 'cmake'
[0.837s] [34mcolcon.colcon_core.package_identification[0m [1;30mLevel 1[0m _identify(rl_sar-main/cmake_build/CMakeFiles/uika_mock_publisher.dir/src) by extension 'python'
[0.837s] [34mcolcon.colcon_core.package_identification[0m [1;30mLevel 1[0m _identify(rl_sar-main/cmake_build/CMakeFiles/uika_mock_publisher.dir/src) by extensions ['python_setup_py']
[0.837s] [34mcolcon.colcon_core.package_identification[0m [1;30mLevel 1[0m _identify(rl_sar-main/cmake_build/CMakeFiles/uika_mock_publisher.dir/src) by extension 'python_setup_py'
[0.837s] [34mcolcon.colcon_core.package_identification[0m [1;30mLevel 1[0m _identify(rl_sar-main/cmake_build/CMakeFiles/uninstall.dir) by extensions ['ignore', 'ignore_ament_install']
[0.838s] [34mcolcon.colcon_core.package_identification[0m [1;30mLevel 1[0m _identify(rl_sar-main/cmake_build/CMakeFiles/uninstall.dir) by extension 'ignore'
[0.838s] [34mcolcon.colcon_core.package_identification[0m [1;30mLevel 1[0m _identify(rl_sar-main/cmake_build/CMakeFiles/uninstall.dir) by extension 'ignore_ament_install'
[0.838s] [34mcolcon.colcon_core.package_identification[0m [1;30mLevel 1[0m _identify(rl_sar-main/cmake_build/CMakeFiles/uninstall.dir) by extensions ['colcon_pkg']
[0.838s] [34mcolcon.colcon_core.package_identification[0m [1;30mLevel 1[0m _identify(rl_sar-main/cmake_build/CMakeFiles/uninstall.dir) by extension 'colcon_pkg'
[0.838s] [34mcolcon.colcon_core.package_identification[0m [1;30mLevel 1[0m _identify(rl_sar-main/cmake_build/CMakeFiles/uninstall.dir) by extensions ['colcon_meta']
[0.838s] [34mcolcon.colcon_core.package_identification[0m [1;30mLevel 1[0m _identify(rl_sar-main/cmake_build/CMakeFiles/uninstall.dir) by extension 'colcon_meta'
[0.838s] [34mcolcon.colcon_core.package_identification[0m [1;30mLevel 1[0m _identify(rl_sar-main/cmake_build/CMakeFiles/uninstall.dir) by extensions ['ros']
[0.838s] [34mcolcon.colcon_core.package_identification[0m [1;30mLevel 1[0m _identify(rl_sar-main/cmake_build/CMakeFiles/uninstall.dir) by extension 'ros'
[0.838s] [34mcolcon.colcon_core.package_identification[0m [1;30mLevel 1[0m _identify(rl_sar-main/cmake_build/CMakeFiles/uninstall.dir) by extensions ['cmake', 'python']
[0.839s] [34mcolcon.colcon_core.package_identification[0m [1;30mLevel 1[0m _identify(rl_sar-main/cmake_build/CMakeFiles/uninstall.dir) by extension 'cmake'
[0.839s] [34mcolcon.colcon_core.package_identification[0m [1;30mLevel 1[0m _identify(rl_sar-main/cmake_build/CMakeFiles/uninstall.dir) by extension 'python'
[0.839s] [34mcolcon.colcon_core.package_identification[0m [1;30mLevel 1[0m _identify(rl_sar-main/cmake_build/CMakeFiles/uninstall.dir) by extensions ['python_setup_py']
[0.839s] [34mcolcon.colcon_core.package_identification[0m [1;30mLevel 1[0m _identify(rl_sar-main/cmake_build/CMakeFiles/uninstall.dir) by extension 'python_setup_py'
[0.839s] [34mcolcon.colcon_core.package_identification[0m [1;30mLevel 1[0m _identify(rl_sar-main/cmake_build/ament_cmake_core) by extensions ['ignore', 'ignore_ament_install']
[0.839s] [34mcolcon.colcon_core.package_identification[0m [1;30mLevel 1[0m _identify(rl_sar-main/cmake_build/ament_cmake_core) by extension 'ignore'
[0.839s] [34mcolcon.colcon_core.package_identification[0m [1;30mLevel 1[0m _identify(rl_sar-main/cmake_build/ament_cmake_core) by extension 'ignore_ament_install'
[0.839s] [34mcolcon.colcon_core.package_identification[0m [1;30mLevel 1[0m _identify(rl_sar-main/cmake_build/ament_cmake_core) by extensions ['colcon_pkg']
[0.840s] [34mcolcon.colcon_core.package_identification[0m [1;30mLevel 1[0m _identify(rl_sar-main/cmake_build/ament_cmake_core) by extension 'colcon_pkg'
[0.840s] [34mcolcon.colcon_core.package_identification[0m [1;30mLevel 1[0m _identify(rl_sar-main/cmake_build/ament_cmake_core) by extensions ['colcon_meta']
[0.840s] [34mcolcon.colcon_core.package_identification[0m [1;30mLevel 1[0m _identify(rl_sar-main/cmake_build/ament_cmake_core) by extension 'colcon_meta'
[0.840s] [34mcolcon.colcon_core.package_identification[0m [1;30mLevel 1[0m _identify(rl_sar-main/cmake_build/ament_cmake_core) by extensions ['ros']
[0.840s] [34mcolcon.colcon_core.package_identification[0m [1;30mLevel 1[0m _identify(rl_sar-main/cmake_build/ament_cmake_core) by extension 'ros'
[0.840s] [34mcolcon.colcon_core.package_identification[0m [1;30mLevel 1[0m _identify(rl_sar-main/cmake_build/ament_cmake_core) by extensions ['cmake', 'python']
[0.840s] [34mcolcon.colcon_core.package_identification[0m [1;30mLevel 1[0m _identify(rl_sar-main/cmake_build/ament_cmake_core) by extension 'cmake'
[0.840s] [34mcolcon.colcon_core.package_identification[0m [1;30mLevel 1[0m _identify(rl_sar-main/cmake_build/ament_cmake_core) by extension 'python'
[0.840s] [34mcolcon.colcon_core.package_identification[0m [1;30mLevel 1[0m _identify(rl_sar-main/cmake_build/ament_cmake_core) by extensions ['python_setup_py']
[0.841s] [34mcolcon.colcon_core.package_identification[0m [1;30mLevel 1[0m _identify(rl_sar-main/cmake_build/ament_cmake_core) by extension 'python_setup_py'
[0.841s] [34mcolcon.colcon_core.package_identification[0m [1;30mLevel 1[0m _identify(rl_sar-main/cmake_build/ament_cmake_core/stamps) by extensions ['ignore', 'ignore_ament_install']
[0.841s] [34mcolcon.colcon_core.package_identification[0m [1;30mLevel 1[0m _identify(rl_sar-main/cmake_build/ament_cmake_core/stamps) by extension 'ignore'
[0.841s] [34mcolcon.colcon_core.package_identification[0m [1;30mLevel 1[0m _identify(rl_sar-main/cmake_build/ament_cmake_core/stamps) by extension 'ignore_ament_install'
[0.841s] [34mcolcon.colcon_core.package_identification[0m [1;30mLevel 1[0m _identify(rl_sar-main/cmake_build/ament_cmake_core/stamps) by extensions ['colcon_pkg']
[0.841s] [34mcolcon.colcon_core.package_identification[0m [1;30mLevel 1[0m _identify(rl_sar-main/cmake_build/ament_cmake_core/stamps) by extension 'colcon_pkg'
[0.841s] [34mcolcon.colcon_core.package_identification[0m [1;30mLevel 1[0m _identify(rl_sar-main/cmake_build/ament_cmake_core/stamps) by extensions ['colcon_meta']
[0.842s] [34mcolcon.colcon_core.package_identification[0m [1;30mLevel 1[0m _identify(rl_sar-main/cmake_build/ament_cmake_core/stamps) by extension 'colcon_meta'
[0.842s] [34mcolcon.colcon_core.package_identification[0m [1;30mLevel 1[0m _identify(rl_sar-main/cmake_build/ament_cmake_core/stamps) by extensions ['ros']
[0.842s] [34mcolcon.colcon_core.package_identification[0m [1;30mLevel 1[0m _identify(rl_sar-main/cmake_build/ament_cmake_core/stamps) by extension 'ros'
[0.842s] [34mcolcon.colcon_core.package_identification[0m [1;30mLevel 1[0m _identify(rl_sar-main/cmake_build/ament_cmake_core/stamps) by extensions ['cmake', 'python']
[0.842s] [34mcolcon.colcon_core.package_identification[0m [1;30mLevel 1[0m _identify(rl_sar-main/cmake_build/ament_cmake_core/stamps) by extension 'cmake'
[0.842s] [34mcolcon.colcon_core.package_identification[0m [1;30mLevel 1[0m _identify(rl_sar-main/cmake_build/ament_cmake_core/stamps) by extension 'python'
[0.842s] [34mcolcon.colcon_core.package_identification[0m [1;30mLevel 1[0m _identify(rl_sar-main/cmake_build/ament_cmake_core/stamps) by extensions ['python_setup_py']
[0.842s] [34mcolcon.colcon_core.package_identification[0m [1;30mLevel 1[0m _identify(rl_sar-main/cmake_build/ament_cmake_core/stamps) by extension 'python_setup_py'
[0.843s] [34mcolcon.colcon_core.package_identification[0m [1;30mLevel 1[0m _identify(rl_sar-main/cmake_build/ament_cmake_environment_hooks) by extensions ['ignore', 'ignore_ament_install']
[0.843s] [34mcolcon.colcon_core.package_identification[0m [1;30mLevel 1[0m _identify(rl_sar-main/cmake_build/ament_cmake_environment_hooks) by extension 'ignore'
[0.843s] [34mcolcon.colcon_core.package_identification[0m [1;30mLevel 1[0m _identify(rl_sar-main/cmake_build/ament_cmake_environment_hooks) by extension 'ignore_ament_install'
[0.843s] [34mcolcon.colcon_core.package_identification[0m [1;30mLevel 1[0m _identify(rl_sar-main/cmake_build/ament_cmake_environment_hooks) by extensions ['colcon_pkg']
[0.843s] [34mcolcon.colcon_core.package_identification[0m [1;30mLevel 1[0m _identify(rl_sar-main/cmake_build/ament_cmake_environment_hooks) by extension 'colcon_pkg'
[0.843s] [34mcolcon.colcon_core.package_identification[0m [1;30mLevel 1[0m _identify(rl_sar-main/cmake_build/ament_cmake_environment_hooks) by extensions ['colcon_meta']
[0.843s] [34mcolcon.colcon_core.package_identification[0m [1;30mLevel 1[0m _identify(rl_sar-main/cmake_build/ament_cmake_environment_hooks) by extension 'colcon_meta'
[0.843s] [34mcolcon.colcon_core.package_identification[0m [1;30mLevel 1[0m _identify(rl_sar-main/cmake_build/ament_cmake_environment_hooks) by extensions ['ros']
[0.843s] [34mcolcon.colcon_core.package_identification[0m [1;30mLevel 1[0m _identify(rl_sar-main/cmake_build/ament_cmake_environment_hooks) by extension 'ros'
[0.844s] [34mcolcon.colcon_core.package_identification[0m [1;30mLevel 1[0m _identify(rl_sar-main/cmake_build/ament_cmake_environment_hooks) by extensions ['cmake', 'python']
[0.844s] [34mcolcon.colcon_core.package_identification[0m [1;30mLevel 1[0m _identify(rl_sar-main/cmake_build/ament_cmake_environment_hooks) by extension 'cmake'
[0.844s] [34mcolcon.colcon_core.package_identification[0m [1;30mLevel 1[0m _identify(rl_sar-main/cmake_build/ament_cmake_environment_hooks) by extension 'python'
[0.844s] [34mcolcon.colcon_core.package_identification[0m [1;30mLevel 1[0m _identify(rl_sar-main/cmake_build/ament_cmake_environment_hooks) by extensions ['python_setup_py']
[0.844s] [34mcolcon.colcon_core.package_identification[0m [1;30mLevel 1[0m _identify(rl_sar-main/cmake_build/ament_cmake_environment_hooks) by extension 'python_setup_py'
[0.844s] [34mcolcon.colcon_core.package_identification[0m [1;30mLevel 1[0m _identify(rl_sar-main/cmake_build/ament_cmake_index) by extensions ['ignore', 'ignore_ament_install']
[0.844s] [34mcolcon.colcon_core.package_identification[0m [1;30mLevel 1[0m _identify(rl_sar-main/cmake_build/ament_cmake_index) by extension 'ignore'
[0.845s] [34mcolcon.colcon_core.package_identification[0m [1;30mLevel 1[0m _identify(rl_sar-main/cmake_build/ament_cmake_index) by extension 'ignore_ament_install'
[0.845s] [34mcolcon.colcon_core.package_identification[0m [1;30mLevel 1[0m _identify(rl_sar-main/cmake_build/ament_cmake_index) by extensions ['colcon_pkg']
[0.845s] [34mcolcon.colcon_core.package_identification[0m [1;30mLevel 1[0m _identify(rl_sar-main/cmake_build/ament_cmake_index) by extension 'colcon_pkg'
[0.845s] [34mcolcon.colcon_core.package_identification[0m [1;30mLevel 1[0m _identify(rl_sar-main/cmake_build/ament_cmake_index) by extensions ['colcon_meta']
[0.845s] [34mcolcon.colcon_core.package_identification[0m [1;30mLevel 1[0m _identify(rl_sar-main/cmake_build/ament_cmake_index) by extension 'colcon_meta'
[0.845s] [34mcolcon.colcon_core.package_identification[0m [1;30mLevel 1[0m _identify(rl_sar-main/cmake_build/ament_cmake_index) by extensions ['ros']
[0.845s] [34mcolcon.colcon_core.package_identification[0m [1;30mLevel 1[0m _identify(rl_sar-main/cmake_build/ament_cmake_index) by extension 'ros'
[0.845s] [34mcolcon.colcon_core.package_identification[0m [1;30mLevel 1[0m _identify(rl_sar-main/cmake_build/ament_cmake_index) by extensions ['cmake', 'python']
[0.845s] [34mcolcon.colcon_core.package_identification[0m [1;30mLevel 1[0m _identify(rl_sar-main/cmake_build/ament_cmake_index) by extension 'cmake'
[0.846s] [34mcolcon.colcon_core.package_identification[0m [1;30mLevel 1[0m _identify(rl_sar-main/cmake_build/ament_cmake_index) by extension 'python'
[0.846s] [34mcolcon.colcon_core.package_identification[0m [1;30mLevel 1[0m _identify(rl_sar-main/cmake_build/ament_cmake_index) by extensions ['python_setup_py']
[0.846s] [34mcolcon.colcon_core.package_identification[0m [1;30mLevel 1[0m _identify(rl_sar-main/cmake_build/ament_cmake_index) by extension 'python_setup_py'
[0.846s] [34mcolcon.colcon_core.package_identification[0m [1;30mLevel 1[0m _identify(rl_sar-main/cmake_build/ament_cmake_index/share) by extensions ['ignore', 'ignore_ament_install']
[0.846s] [34mcolcon.colcon_core.package_identification[0m [1;30mLevel 1[0m _identify(rl_sar-main/cmake_build/ament_cmake_index/share) by extension 'ignore'
[0.846s] [34mcolcon.colcon_core.package_identification[0m [1;30mLevel 1[0m _identify(rl_sar-main/cmake_build/ament_cmake_index/share) by extension 'ignore_ament_install'
[0.846s] [34mcolcon.colcon_core.package_identification[0m [1;30mLevel 1[0m _identify(rl_sar-main/cmake_build/ament_cmake_index/share) by extensions ['colcon_pkg']
[0.846s] [34mcolcon.colcon_core.package_identification[0m [1;30mLevel 1[0m _identify(rl_sar-main/cmake_build/ament_cmake_index/share) by extension 'colcon_pkg'
[0.847s] [34mcolcon.colcon_core.package_identification[0m [1;30mLevel 1[0m _identify(rl_sar-main/cmake_build/ament_cmake_index/share) by extensions ['colcon_meta']
[0.847s] [34mcolcon.colcon_core.package_identification[0m [1;30mLevel 1[0m _identify(rl_sar-main/cmake_build/ament_cmake_index/share) by extension 'colcon_meta'
[0.847s] [34mcolcon.colcon_core.package_identification[0m [1;30mLevel 1[0m _identify(rl_sar-main/cmake_build/ament_cmake_index/share) by extensions ['ros']
[0.847s] [34mcolcon.colcon_core.package_identification[0m [1;30mLevel 1[0m _identify(rl_sar-main/cmake_build/ament_cmake_index/share) by extension 'ros'
[0.847s] [34mcolcon.colcon_core.package_identification[0m [1;30mLevel 1[0m _identify(rl_sar-main/cmake_build/ament_cmake_index/share) by extensions ['cmake', 'python']
[0.847s] [34mcolcon.colcon_core.package_identification[0m [1;30mLevel 1[0m _identify(rl_sar-main/cmake_build/ament_cmake_index/share) by extension 'cmake'
[0.847s] [34mcolcon.colcon_core.package_identification[0m [1;30mLevel 1[0m _identify(rl_sar-main/cmake_build/ament_cmake_index/share) by extension 'python'
[0.847s] [34mcolcon.colcon_core.package_identification[0m [1;30mLevel 1[0m _identify(rl_sar-main/cmake_build/ament_cmake_index/share) by extensions ['python_setup_py']
[0.847s] [34mcolcon.colcon_core.package_identification[0m [1;30mLevel 1[0m _identify(rl_sar-main/cmake_build/ament_cmake_index/share) by extension 'python_setup_py'
[0.848s] [34mcolcon.colcon_core.package_identification[0m [1;30mLevel 1[0m _identify(rl_sar-main/cmake_build/ament_cmake_index/share/ament_index) by extensions ['ignore', 'ignore_ament_install']
[0.848s] [34mcolcon.colcon_core.package_identification[0m [1;30mLevel 1[0m _identify(rl_sar-main/cmake_build/ament_cmake_index/share/ament_index) by extension 'ignore'
[0.848s] [34mcolcon.colcon_core.package_identification[0m [1;30mLevel 1[0m _identify(rl_sar-main/cmake_build/ament_cmake_index/share/ament_index) by extension 'ignore_ament_install'
[0.848s] [34mcolcon.colcon_core.package_identification[0m [1;30mLevel 1[0m _identify(rl_sar-main/cmake_build/ament_cmake_index/share/ament_index) by extensions ['colcon_pkg']
[0.848s] [34mcolcon.colcon_core.package_identification[0m [1;30mLevel 1[0m _identify(rl_sar-main/cmake_build/ament_cmake_index/share/ament_index) by extension 'colcon_pkg'
[0.848s] [34mcolcon.colcon_core.package_identification[0m [1;30mLevel 1[0m _identify(rl_sar-main/cmake_build/ament_cmake_index/share/ament_index) by extensions ['colcon_meta']
[0.848s] [34mcolcon.colcon_core.package_identification[0m [1;30mLevel 1[0m _identify(rl_sar-main/cmake_build/ament_cmake_index/share/ament_index) by extension 'colcon_meta'
[0.849s] [34mcolcon.colcon_core.package_identification[0m [1;30mLevel 1[0m _identify(rl_sar-main/cmake_build/ament_cmake_index/share/ament_index) by extensions ['ros']
[0.849s] [34mcolcon.colcon_core.package_identification[0m [1;30mLevel 1[0m _identify(rl_sar-main/cmake_build/ament_cmake_index/share/ament_index) by extension 'ros'
[0.849s] [34mcolcon.colcon_core.package_identification[0m [1;30mLevel 1[0m _identify(rl_sar-main/cmake_build/ament_cmake_index/share/ament_index) by extensions ['cmake', 'python']
[0.849s] [34mcolcon.colcon_core.package_identification[0m [1;30mLevel 1[0m _identify(rl_sar-main/cmake_build/ament_cmake_index/share/ament_index) by extension 'cmake'
[0.849s] [34mcolcon.colcon_core.package_identification[0m [1;30mLevel 1[0m _identify(rl_sar-main/cmake_build/ament_cmake_index/share/ament_index) by extension 'python'
[0.849s] [34mcolcon.colcon_core.package_identification[0m [1;30mLevel 1[0m _identify(rl_sar-main/cmake_build/ament_cmake_index/share/ament_index) by extensions ['python_setup_py']
[0.849s] [34mcolcon.colcon_core.package_identification[0m [1;30mLevel 1[0m _identify(rl_sar-main/cmake_build/ament_cmake_index/share/ament_index) by extension 'python_setup_py'
[0.849s] [34mcolcon.colcon_core.package_identification[0m [1;30mLevel 1[0m _identify(rl_sar-main/cmake_build/ament_cmake_index/share/ament_index/resource_index) by extensions ['ignore', 'ignore_ament_install']
[0.850s] [34mcolcon.colcon_core.package_identification[0m [1;30mLevel 1[0m _identify(rl_sar-main/cmake_build/ament_cmake_index/share/ament_index/resource_index) by extension 'ignore'
[0.850s] [34mcolcon.colcon_core.package_identification[0m [1;30mLevel 1[0m _identify(rl_sar-main/cmake_build/ament_cmake_index/share/ament_index/resource_index) by extension 'ignore_ament_install'
[0.850s] [34mcolcon.colcon_core.package_identification[0m [1;30mLevel 1[0m _identify(rl_sar-main/cmake_build/ament_cmake_index/share/ament_index/resource_index) by extensions ['colcon_pkg']
[0.850s] [34mcolcon.colcon_core.package_identification[0m [1;30mLevel 1[0m _identify(rl_sar-main/cmake_build/ament_cmake_index/share/ament_index/resource_index) by extension 'colcon_pkg'
[0.850s] [34mcolcon.colcon_core.package_identification[0m [1;30mLevel 1[0m _identify(rl_sar-main/cmake_build/ament_cmake_index/share/ament_index/resource_index) by extensions ['colcon_meta']
[0.850s] [34mcolcon.colcon_core.package_identification[0m [1;30mLevel 1[0m _identify(rl_sar-main/cmake_build/ament_cmake_index/share/ament_index/resource_index) by extension 'colcon_meta'
[0.850s] [34mcolcon.colcon_core.package_identification[0m [1;30mLevel 1[0m _identify(rl_sar-main/cmake_build/ament_cmake_index/share/ament_index/resource_index) by extensions ['ros']
[0.850s] [34mcolcon.colcon_core.package_identification[0m [1;30mLevel 1[0m _identify(rl_sar-main/cmake_build/ament_cmake_index/share/ament_index/resource_index) by extension 'ros'
[0.851s] [34mcolcon.colcon_core.package_identification[0m [1;30mLevel 1[0m _identify(rl_sar-main/cmake_build/ament_cmake_index/share/ament_index/resource_index) by extensions ['cmake', 'python']
[0.851s] [34mcolcon.colcon_core.package_identification[0m [1;30mLevel 1[0m _identify(rl_sar-main/cmake_build/ament_cmake_index/share/ament_index/resource_index) by extension 'cmake'
[0.851s] [34mcolcon.colcon_core.package_identification[0m [1;30mLevel 1[0m _identify(rl_sar-main/cmake_build/ament_cmake_index/share/ament_index/resource_index) by extension 'python'
[0.851s] [34mcolcon.colcon_core.package_identification[0m [1;30mLevel 1[0m _identify(rl_sar-main/cmake_build/ament_cmake_index/share/ament_index/resource_index) by extensions ['python_setup_py']
[0.851s] [34mcolcon.colcon_core.package_identification[0m [1;30mLevel 1[0m _identify(rl_sar-main/cmake_build/ament_cmake_index/share/ament_index/resource_index) by extension 'python_setup_py'
[0.851s] [34mcolcon.colcon_core.package_identification[0m [1;30mLevel 1[0m _identify(rl_sar-main/cmake_build/ament_cmake_index/share/ament_index/resource_index/package_run_dependencies) by extensions ['ignore', 'ignore_ament_install']
[0.851s] [34mcolcon.colcon_core.package_identification[0m [1;30mLevel 1[0m _identify(rl_sar-main/cmake_build/ament_cmake_index/share/ament_index/resource_index/package_run_dependencies) by extension 'ignore'
[0.852s] [34mcolcon.colcon_core.package_identification[0m [1;30mLevel 1[0m _identify(rl_sar-main/cmake_build/ament_cmake_index/share/ament_index/resource_index/package_run_dependencies) by extension 'ignore_ament_install'
[0.852s] [34mcolcon.colcon_core.package_identification[0m [1;30mLevel 1[0m _identify(rl_sar-main/cmake_build/ament_cmake_index/share/ament_index/resource_index/package_run_dependencies) by extensions ['colcon_pkg']
[0.852s] [34mcolcon.colcon_core.package_identification[0m [1;30mLevel 1[0m _identify(rl_sar-main/cmake_build/ament_cmake_index/share/ament_index/resource_index/package_run_dependencies) by extension 'colcon_pkg'
[0.852s] [34mcolcon.colcon_core.package_identification[0m [1;30mLevel 1[0m _identify(rl_sar-main/cmake_build/ament_cmake_index/share/ament_index/resource_index/package_run_dependencies) by extensions ['colcon_meta']
[0.852s] [34mcolcon.colcon_core.package_identification[0m [1;30mLevel 1[0m _identify(rl_sar-main/cmake_build/ament_cmake_index/share/ament_index/resource_index/package_run_dependencies) by extension 'colcon_meta'
[0.852s] [34mcolcon.colcon_core.package_identification[0m [1;30mLevel 1[0m _identify(rl_sar-main/cmake_build/ament_cmake_index/share/ament_index/resource_index/package_run_dependencies) by extensions ['ros']
[0.852s] [34mcolcon.colcon_core.package_identification[0m [1;30mLevel 1[0m _identify(rl_sar-main/cmake_build/ament_cmake_index/share/ament_index/resource_index/package_run_dependencies) by extension 'ros'
[0.852s] [34mcolcon.colcon_core.package_identification[0m [1;30mLevel 1[0m _identify(rl_sar-main/cmake_build/ament_cmake_index/share/ament_index/resource_index/package_run_dependencies) by extensions ['cmake', 'python']
[0.853s] [34mcolcon.colcon_core.package_identification[0m [1;30mLevel 1[0m _identify(rl_sar-main/cmake_build/ament_cmake_index/share/ament_index/resource_index/package_run_dependencies) by extension 'cmake'
[0.853s] [34mcolcon.colcon_core.package_identification[0m [1;30mLevel 1[0m _identify(rl_sar-main/cmake_build/ament_cmake_index/share/ament_index/resource_index/package_run_dependencies) by extension 'python'
[0.853s] [34mcolcon.colcon_core.package_identification[0m [1;30mLevel 1[0m _identify(rl_sar-main/cmake_build/ament_cmake_index/share/ament_index/resource_index/package_run_dependencies) by extensions ['python_setup_py']
[0.853s] [34mcolcon.colcon_core.package_identification[0m [1;30mLevel 1[0m _identify(rl_sar-main/cmake_build/ament_cmake_index/share/ament_index/resource_index/package_run_dependencies) by extension 'python_setup_py'
[0.853s] [34mcolcon.colcon_core.package_identification[0m [1;30mLevel 1[0m _identify(rl_sar-main/cmake_build/ament_cmake_index/share/ament_index/resource_index/packages) by extensions ['ignore', 'ignore_ament_install']
[0.853s] [34mcolcon.colcon_core.package_identification[0m [1;30mLevel 1[0m _identify(rl_sar-main/cmake_build/ament_cmake_index/share/ament_index/resource_index/packages) by extension 'ignore'
[0.853s] [34mcolcon.colcon_core.package_identification[0m [1;30mLevel 1[0m _identify(rl_sar-main/cmake_build/ament_cmake_index/share/ament_index/resource_index/packages) by extension 'ignore_ament_install'
[0.854s] [34mcolcon.colcon_core.package_identification[0m [1;30mLevel 1[0m _identify(rl_sar-main/cmake_build/ament_cmake_index/share/ament_index/resource_index/packages) by extensions ['colcon_pkg']
[0.854s] [34mcolcon.colcon_core.package_identification[0m [1;30mLevel 1[0m _identify(rl_sar-main/cmake_build/ament_cmake_index/share/ament_index/resource_index/packages) by extension 'colcon_pkg'
[0.854s] [34mcolcon.colcon_core.package_identification[0m [1;30mLevel 1[0m _identify(rl_sar-main/cmake_build/ament_cmake_index/share/ament_index/resource_index/packages) by extensions ['colcon_meta']
[0.854s] [34mcolcon.colcon_core.package_identification[0m [1;30mLevel 1[0m _identify(rl_sar-main/cmake_build/ament_cmake_index/share/ament_index/resource_index/packages) by extension 'colcon_meta'
[0.854s] [34mcolcon.colcon_core.package_identification[0m [1;30mLevel 1[0m _identify(rl_sar-main/cmake_build/ament_cmake_index/share/ament_index/resource_index/packages) by extensions ['ros']
[0.854s] [34mcolcon.colcon_core.package_identification[0m [1;30mLevel 1[0m _identify(rl_sar-main/cmake_build/ament_cmake_index/share/ament_index/resource_index/packages) by extension 'ros'
[0.854s] [34mcolcon.colcon_core.package_identification[0m [1;30mLevel 1[0m _identify(rl_sar-main/cmake_build/ament_cmake_index/share/ament_index/resource_index/packages) by extensions ['cmake', 'python']
[0.854s] [34mcolcon.colcon_core.package_identification[0m [1;30mLevel 1[0m _identify(rl_sar-main/cmake_build/ament_cmake_index/share/ament_index/resource_index/packages) by extension 'cmake'
[0.854s] [34mcolcon.colcon_core.package_identification[0m [1;30mLevel 1[0m _identify(rl_sar-main/cmake_build/ament_cmake_index/share/ament_index/resource_index/packages) by extension 'python'
[0.855s] [34mcolcon.colcon_core.package_identification[0m [1;30mLevel 1[0m _identify(rl_sar-main/cmake_build/ament_cmake_index/share/ament_index/resource_index/packages) by extensions ['python_setup_py']
[0.855s] [34mcolcon.colcon_core.package_identification[0m [1;30mLevel 1[0m _identify(rl_sar-main/cmake_build/ament_cmake_index/share/ament_index/resource_index/packages) by extension 'python_setup_py'
[0.855s] [34mcolcon.colcon_core.package_identification[0m [1;30mLevel 1[0m _identify(rl_sar-main/cmake_build/ament_cmake_index/share/ament_index/resource_index/parent_prefix_path) by extensions ['ignore', 'ignore_ament_install']
[0.855s] [34mcolcon.colcon_core.package_identification[0m [1;30mLevel 1[0m _identify(rl_sar-main/cmake_build/ament_cmake_index/share/ament_index/resource_index/parent_prefix_path) by extension 'ignore'
[0.855s] [34mcolcon.colcon_core.package_identification[0m [1;30mLevel 1[0m _identify(rl_sar-main/cmake_build/ament_cmake_index/share/ament_index/resource_index/parent_prefix_path) by extension 'ignore_ament_install'
[0.855s] [34mcolcon.colcon_core.package_identification[0m [1;30mLevel 1[0m _identify(rl_sar-main/cmake_build/ament_cmake_index/share/ament_index/resource_index/parent_prefix_path) by extensions ['colcon_pkg']
[0.855s] [34mcolcon.colcon_core.package_identification[0m [1;30mLevel 1[0m _identify(rl_sar-main/cmake_build/ament_cmake_index/share/ament_index/resource_index/parent_prefix_path) by extension 'colcon_pkg'
[0.855s] [34mcolcon.colcon_core.package_identification[0m [1;30mLevel 1[0m _identify(rl_sar-main/cmake_build/ament_cmake_index/share/ament_index/resource_index/parent_prefix_path) by extensions ['colcon_meta']
[0.856s] [34mcolcon.colcon_core.package_identification[0m [1;30mLevel 1[0m _identify(rl_sar-main/cmake_build/ament_cmake_index/share/ament_index/resource_index/parent_prefix_path) by extension 'colcon_meta'
[0.856s] [34mcolcon.colcon_core.package_identification[0m [1;30mLevel 1[0m _identify(rl_sar-main/cmake_build/ament_cmake_index/share/ament_index/resource_index/parent_prefix_path) by extensions ['ros']
[0.856s] [34mcolcon.colcon_core.package_identification[0m [1;30mLevel 1[0m _identify(rl_sar-main/cmake_build/ament_cmake_index/share/ament_index/resource_index/parent_prefix_path) by extension 'ros'
[0.856s] [34mcolcon.colcon_core.package_identification[0m [1;30mLevel 1[0m _identify(rl_sar-main/cmake_build/ament_cmake_index/share/ament_index/resource_index/parent_prefix_path) by extensions ['cmake', 'python']
[0.856s] [34mcolcon.colcon_core.package_identification[0m [1;30mLevel 1[0m _identify(rl_sar-main/cmake_build/ament_cmake_index/share/ament_index/resource_index/parent_prefix_path) by extension 'cmake'
[0.856s] [34mcolcon.colcon_core.package_identification[0m [1;30mLevel 1[0m _identify(rl_sar-main/cmake_build/ament_cmake_index/share/ament_index/resource_index/parent_prefix_path) by extension 'python'
[0.856s] [34mcolcon.colcon_core.package_identification[0m [1;30mLevel 1[0m _identify(rl_sar-main/cmake_build/ament_cmake_index/share/ament_index/resource_index/parent_prefix_path) by extensions ['python_setup_py']
[0.856s] [34mcolcon.colcon_core.package_identification[0m [1;30mLevel 1[0m _identify(rl_sar-main/cmake_build/ament_cmake_index/share/ament_index/resource_index/parent_prefix_path) by extension 'python_setup_py'
[0.857s] [34mcolcon.colcon_core.package_identification[0m [1;30mLevel 1[0m _identify(rl_sar-main/cmake_build/ament_cmake_package_templates) by extensions ['ignore', 'ignore_ament_install']
[0.857s] [34mcolcon.colcon_core.package_identification[0m [1;30mLevel 1[0m _identify(rl_sar-main/cmake_build/ament_cmake_package_templates) by extension 'ignore'
[0.857s] [34mcolcon.colcon_core.package_identification[0m [1;30mLevel 1[0m _identify(rl_sar-main/cmake_build/ament_cmake_package_templates) by extension 'ignore_ament_install'
[0.857s] [34mcolcon.colcon_core.package_identification[0m [1;30mLevel 1[0m _identify(rl_sar-main/cmake_build/ament_cmake_package_templates) by extensions ['colcon_pkg']
[0.857s] [34mcolcon.colcon_core.package_identification[0m [1;30mLevel 1[0m _identify(rl_sar-main/cmake_build/ament_cmake_package_templates) by extension 'colcon_pkg'
[0.857s] [34mcolcon.colcon_core.package_identification[0m [1;30mLevel 1[0m _identify(rl_sar-main/cmake_build/ament_cmake_package_templates) by extensions ['colcon_meta']
[0.857s] [34mcolcon.colcon_core.package_identification[0m [1;30mLevel 1[0m _identify(rl_sar-main/cmake_build/ament_cmake_package_templates) by extension 'colcon_meta'
[0.858s] [34mcolcon.colcon_core.package_identification[0m [1;30mLevel 1[0m _identify(rl_sar-main/cmake_build/ament_cmake_package_templates) by extensions ['ros']
[0.858s] [34mcolcon.colcon_core.package_identification[0m [1;30mLevel 1[0m _identify(rl_sar-main/cmake_build/ament_cmake_package_templates) by extension 'ros'
[0.858s] [34mcolcon.colcon_core.package_identification[0m [1;30mLevel 1[0m _identify(rl_sar-main/cmake_build/ament_cmake_package_templates) by extensions ['cmake', 'python']
[0.858s] [34mcolcon.colcon_core.package_identification[0m [1;30mLevel 1[0m _identify(rl_sar-main/cmake_build/ament_cmake_package_templates) by extension 'cmake'
[0.858s] [34mcolcon.colcon_core.package_identification[0m [1;30mLevel 1[0m _identify(rl_sar-main/cmake_build/ament_cmake_package_templates) by extension 'python'
[0.858s] [34mcolcon.colcon_core.package_identification[0m [1;30mLevel 1[0m _identify(rl_sar-main/cmake_build/ament_cmake_package_templates) by extensions ['python_setup_py']
[0.858s] [34mcolcon.colcon_core.package_identification[0m [1;30mLevel 1[0m _identify(rl_sar-main/cmake_build/ament_cmake_package_templates) by extension 'python_setup_py'
[0.858s] [34mcolcon.colcon_core.package_identification[0m [1;30mLevel 1[0m _identify(rl_sar-main/cmake_build/ament_cmake_uninstall_target) by extensions ['ignore', 'ignore_ament_install']
[0.859s] [34mcolcon.colcon_core.package_identification[0m [1;30mLevel 1[0m _identify(rl_sar-main/cmake_build/ament_cmake_uninstall_target) by extension 'ignore'
[0.859s] [34mcolcon.colcon_core.package_identification[0m [1;30mLevel 1[0m _identify(rl_sar-main/cmake_build/ament_cmake_uninstall_target) by extension 'ignore_ament_install'
[0.859s] [34mcolcon.colcon_core.package_identification[0m [1;30mLevel 1[0m _identify(rl_sar-main/cmake_build/ament_cmake_uninstall_target) by extensions ['colcon_pkg']
[0.859s] [34mcolcon.colcon_core.package_identification[0m [1;30mLevel 1[0m _identify(rl_sar-main/cmake_build/ament_cmake_uninstall_target) by extension 'colcon_pkg'
[0.859s] [34mcolcon.colcon_core.package_identification[0m [1;30mLevel 1[0m _identify(rl_sar-main/cmake_build/ament_cmake_uninstall_target) by extensions ['colcon_meta']
[0.859s] [34mcolcon.colcon_core.package_identification[0m [1;30mLevel 1[0m _identify(rl_sar-main/cmake_build/ament_cmake_uninstall_target) by extension 'colcon_meta'
[0.859s] [34mcolcon.colcon_core.package_identification[0m [1;30mLevel 1[0m _identify(rl_sar-main/cmake_build/ament_cmake_uninstall_target) by extensions ['ros']
[0.859s] [34mcolcon.colcon_core.package_identification[0m [1;30mLevel 1[0m _identify(rl_sar-main/cmake_build/ament_cmake_uninstall_target) by extension 'ros'
[0.860s] [34mcolcon.colcon_core.package_identification[0m [1;30mLevel 1[0m _identify(rl_sar-main/cmake_build/ament_cmake_uninstall_target) by extensions ['cmake', 'python']
[0.860s] [34mcolcon.colcon_core.package_identification[0m [1;30mLevel 1[0m _identify(rl_sar-main/cmake_build/ament_cmake_uninstall_target) by extension 'cmake'
[0.860s] [34mcolcon.colcon_core.package_identification[0m [1;30mLevel 1[0m _identify(rl_sar-main/cmake_build/ament_cmake_uninstall_target) by extension 'python'
[0.860s] [34mcolcon.colcon_core.package_identification[0m [1;30mLevel 1[0m _identify(rl_sar-main/cmake_build/ament_cmake_uninstall_target) by extensions ['python_setup_py']
[0.860s] [34mcolcon.colcon_core.package_identification[0m [1;30mLevel 1[0m _identify(rl_sar-main/cmake_build/ament_cmake_uninstall_target) by extension 'python_setup_py'
[0.860s] [34mcolcon.colcon_core.package_identification[0m [1;30mLevel 1[0m _identify(rl_sar-main/cmake_build/bin) by extensions ['ignore', 'ignore_ament_install']
[0.860s] [34mcolcon.colcon_core.package_identification[0m [1;30mLevel 1[0m _identify(rl_sar-main/cmake_build/bin) by extension 'ignore'
[0.860s] [34mcolcon.colcon_core.package_identification[0m [1;30mLevel 1[0m _identify(rl_sar-main/cmake_build/bin) by extension 'ignore_ament_install'
[0.861s] [34mcolcon.colcon_core.package_identification[0m [1;30mLevel 1[0m _identify(rl_sar-main/cmake_build/bin) by extensions ['colcon_pkg']
[0.861s] [34mcolcon.colcon_core.package_identification[0m [1;30mLevel 1[0m _identify(rl_sar-main/cmake_build/bin) by extension 'colcon_pkg'
[0.861s] [34mcolcon.colcon_core.package_identification[0m [1;30mLevel 1[0m _identify(rl_sar-main/cmake_build/bin) by extensions ['colcon_meta']
[0.861s] [34mcolcon.colcon_core.package_identification[0m [1;30mLevel 1[0m _identify(rl_sar-main/cmake_build/bin) by extension 'colcon_meta'
[0.861s] [34mcolcon.colcon_core.package_identification[0m [1;30mLevel 1[0m _identify(rl_sar-main/cmake_build/bin) by extensions ['ros']
[0.861s] [34mcolcon.colcon_core.package_identification[0m [1;30mLevel 1[0m _identify(rl_sar-main/cmake_build/bin) by extension 'ros'
[0.861s] [34mcolcon.colcon_core.package_identification[0m [1;30mLevel 1[0m _identify(rl_sar-main/cmake_build/bin) by extensions ['cmake', 'python']
[0.861s] [34mcolcon.colcon_core.package_identification[0m [1;30mLevel 1[0m _identify(rl_sar-main/cmake_build/bin) by extension 'cmake'
[0.861s] [34mcolcon.colcon_core.package_identification[0m [1;30mLevel 1[0m _identify(rl_sar-main/cmake_build/bin) by extension 'python'
[0.862s] [34mcolcon.colcon_core.package_identification[0m [1;30mLevel 1[0m _identify(rl_sar-main/cmake_build/bin) by extensions ['python_setup_py']
[0.862s] [34mcolcon.colcon_core.package_identification[0m [1;30mLevel 1[0m _identify(rl_sar-main/cmake_build/bin) by extension 'python_setup_py'
[0.862s] [34mcolcon.colcon_core.package_identification[0m [1;30mLevel 1[0m _identify(rl_sar-main/cmake_build/lib) by extensions ['ignore', 'ignore_ament_install']
[0.862s] [34mcolcon.colcon_core.package_identification[0m [1;30mLevel 1[0m _identify(rl_sar-main/cmake_build/lib) by extension 'ignore'
[0.862s] [34mcolcon.colcon_core.package_identification[0m [1;30mLevel 1[0m _identify(rl_sar-main/cmake_build/lib) by extension 'ignore_ament_install'
[0.862s] [34mcolcon.colcon_core.package_identification[0m [1;30mLevel 1[0m _identify(rl_sar-main/cmake_build/lib) by extensions ['colcon_pkg']
[0.862s] [34mcolcon.colcon_core.package_identification[0m [1;30mLevel 1[0m _identify(rl_sar-main/cmake_build/lib) by extension 'colcon_pkg'
[0.862s] [34mcolcon.colcon_core.package_identification[0m [1;30mLevel 1[0m _identify(rl_sar-main/cmake_build/lib) by extensions ['colcon_meta']
[0.863s] [34mcolcon.colcon_core.package_identification[0m [1;30mLevel 1[0m _identify(rl_sar-main/cmake_build/lib) by extension 'colcon_meta'
[0.863s] [34mcolcon.colcon_core.package_identification[0m [1;30mLevel 1[0m _identify(rl_sar-main/cmake_build/lib) by extensions ['ros']
[0.863s] [34mcolcon.colcon_core.package_identification[0m [1;30mLevel 1[0m _identify(rl_sar-main/cmake_build/lib) by extension 'ros'
[0.863s] [34mcolcon.colcon_core.package_identification[0m [1;30mLevel 1[0m _identify(rl_sar-main/cmake_build/lib) by extensions ['cmake', 'python']
[0.863s] [34mcolcon.colcon_core.package_identification[0m [1;30mLevel 1[0m _identify(rl_sar-main/cmake_build/lib) by extension 'cmake'
[0.863s] [34mcolcon.colcon_core.package_identification[0m [1;30mLevel 1[0m _identify(rl_sar-main/cmake_build/lib) by extension 'python'
[0.863s] [34mcolcon.colcon_core.package_identification[0m [1;30mLevel 1[0m _identify(rl_sar-main/cmake_build/lib) by extensions ['python_setup_py']
[0.863s] [34mcolcon.colcon_core.package_identification[0m [1;30mLevel 1[0m _identify(rl_sar-main/cmake_build/lib) by extension 'python_setup_py'
[0.864s] [34mcolcon.colcon_core.package_identification[0m [1;30mLevel 1[0m _identify(rl_sar-main/docker) by extensions ['ignore', 'ignore_ament_install']
[0.864s] [34mcolcon.colcon_core.package_identification[0m [1;30mLevel 1[0m _identify(rl_sar-main/docker) by extension 'ignore'
[0.864s] [34mcolcon.colcon_core.package_identification[0m [1;30mLevel 1[0m _identify(rl_sar-main/docker) by extension 'ignore_ament_install'
[0.864s] [34mcolcon.colcon_core.package_identification[0m [1;30mLevel 1[0m _identify(rl_sar-main/docker) by extensions ['colcon_pkg']
[0.864s] [34mcolcon.colcon_core.package_identification[0m [1;30mLevel 1[0m _identify(rl_sar-main/docker) by extension 'colcon_pkg'
[0.864s] [34mcolcon.colcon_core.package_identification[0m [1;30mLevel 1[0m _identify(rl_sar-main/docker) by extensions ['colcon_meta']
[0.864s] [34mcolcon.colcon_core.package_identification[0m [1;30mLevel 1[0m _identify(rl_sar-main/docker) by extension 'colcon_meta'
[0.864s] [34mcolcon.colcon_core.package_identification[0m [1;30mLevel 1[0m _identify(rl_sar-main/docker) by extensions ['ros']
[0.864s] [34mcolcon.colcon_core.package_identification[0m [1;30mLevel 1[0m _identify(rl_sar-main/docker) by extension 'ros'
[0.865s] [34mcolcon.colcon_core.package_identification[0m [1;30mLevel 1[0m _identify(rl_sar-main/docker) by extensions ['cmake', 'python']
[0.865s] [34mcolcon.colcon_core.package_identification[0m [1;30mLevel 1[0m _identify(rl_sar-main/docker) by extension 'cmake'
[0.865s] [34mcolcon.colcon_core.package_identification[0m [1;30mLevel 1[0m _identify(rl_sar-main/docker) by extension 'python'
[0.865s] [34mcolcon.colcon_core.package_identification[0m [1;30mLevel 1[0m _identify(rl_sar-main/docker) by extensions ['python_setup_py']
[0.865s] [34mcolcon.colcon_core.package_identification[0m [1;30mLevel 1[0m _identify(rl_sar-main/docker) by extension 'python_setup_py'
[0.865s] [34mcolcon.colcon_core.package_identification[0m [1;30mLevel 1[0m _identify(rl_sar-main/install) by extensions ['ignore', 'ignore_ament_install']
[0.865s] [34mcolcon.colcon_core.package_identification[0m [1;30mLevel 1[0m _identify(rl_sar-main/install) by extension 'ignore'
[0.866s] [34mcolcon.colcon_core.package_identification[0m [1;30mLevel 1[0m _identify(rl_sar-main/install) ignored
[0.866s] [34mcolcon.colcon_core.package_identification[0m [1;30mLevel 1[0m _identify(rl_sar-main/library) by extensions ['ignore', 'ignore_ament_install']
[0.866s] [34mcolcon.colcon_core.package_identification[0m [1;30mLevel 1[0m _identify(rl_sar-main/library) by extension 'ignore'
[0.866s] [34mcolcon.colcon_core.package_identification[0m [1;30mLevel 1[0m _identify(rl_sar-main/library) by extension 'ignore_ament_install'
[0.866s] [34mcolcon.colcon_core.package_identification[0m [1;30mLevel 1[0m _identify(rl_sar-main/library) by extensions ['colcon_pkg']
[0.866s] [34mcolcon.colcon_core.package_identification[0m [1;30mLevel 1[0m _identify(rl_sar-main/library) by extension 'colcon_pkg'
[0.866s] [34mcolcon.colcon_core.package_identification[0m [1;30mLevel 1[0m _identify(rl_sar-main/library) by extensions ['colcon_meta']
[0.866s] [34mcolcon.colcon_core.package_identification[0m [1;30mLevel 1[0m _identify(rl_sar-main/library) by extension 'colcon_meta'
[0.867s] [34mcolcon.colcon_core.package_identification[0m [1;30mLevel 1[0m _identify(rl_sar-main/library) by extensions ['ros']
[0.867s] [34mcolcon.colcon_core.package_identification[0m [1;30mLevel 1[0m _identify(rl_sar-main/library) by extension 'ros'
[0.867s] [34mcolcon.colcon_core.package_identification[0m [1;30mLevel 1[0m _identify(rl_sar-main/library) by extensions ['cmake', 'python']
[0.867s] [34mcolcon.colcon_core.package_identification[0m [1;30mLevel 1[0m _identify(rl_sar-main/library) by extension 'cmake'
[0.867s] [34mcolcon.colcon_core.package_identification[0m [1;30mLevel 1[0m _identify(rl_sar-main/library) by extension 'python'
[0.867s] [34mcolcon.colcon_core.package_identification[0m [1;30mLevel 1[0m _identify(rl_sar-main/library) by extensions ['python_setup_py']
[0.867s] [34mcolcon.colcon_core.package_identification[0m [1;30mLevel 1[0m _identify(rl_sar-main/library) by extension 'python_setup_py'
[0.867s] [34mcolcon.colcon_core.package_identification[0m [1;30mLevel 1[0m _identify(rl_sar-main/library/inference_runtime) by extensions ['ignore', 'ignore_ament_install']
[0.868s] [34mcolcon.colcon_core.package_identification[0m [1;30mLevel 1[0m _identify(rl_sar-main/library/inference_runtime) by extension 'ignore'
[0.868s] [34mcolcon.colcon_core.package_identification[0m [1;30mLevel 1[0m _identify(rl_sar-main/library/inference_runtime) by extension 'ignore_ament_install'
[0.868s] [34mcolcon.colcon_core.package_identification[0m [1;30mLevel 1[0m _identify(rl_sar-main/library/inference_runtime) by extensions ['colcon_pkg']
[0.868s] [34mcolcon.colcon_core.package_identification[0m [1;30mLevel 1[0m _identify(rl_sar-main/library/inference_runtime) by extension 'colcon_pkg'
[0.868s] [34mcolcon.colcon_core.package_identification[0m [1;30mLevel 1[0m _identify(rl_sar-main/library/inference_runtime) by extensions ['colcon_meta']
[0.868s] [34mcolcon.colcon_core.package_identification[0m [1;30mLevel 1[0m _identify(rl_sar-main/library/inference_runtime) by extension 'colcon_meta'
[0.868s] [34mcolcon.colcon_core.package_identification[0m [1;30mLevel 1[0m _identify(rl_sar-main/library/inference_runtime) by extensions ['ros']
[0.868s] [34mcolcon.colcon_core.package_identification[0m [1;30mLevel 1[0m _identify(rl_sar-main/library/inference_runtime) by extension 'ros'
[0.869s] [34mcolcon.colcon_core.package_identification[0m [1;30mLevel 1[0m _identify(rl_sar-main/library/inference_runtime) by extensions ['cmake', 'python']
[0.869s] [34mcolcon.colcon_core.package_identification[0m [1;30mLevel 1[0m _identify(rl_sar-main/library/inference_runtime) by extension 'cmake'
[0.869s] [34mcolcon.colcon_core.package_identification[0m [1;30mLevel 1[0m _identify(rl_sar-main/library/inference_runtime) by extension 'python'
[0.869s] [34mcolcon.colcon_core.package_identification[0m [1;30mLevel 1[0m _identify(rl_sar-main/library/inference_runtime) by extensions ['python_setup_py']
[0.869s] [34mcolcon.colcon_core.package_identification[0m [1;30mLevel 1[0m _identify(rl_sar-main/library/inference_runtime) by extension 'python_setup_py'
[0.869s] [34mcolcon.colcon_core.package_identification[0m [1;30mLevel 1[0m _identify(rl_sar-main/library/inference_runtime/onnxruntime) by extensions ['ignore', 'ignore_ament_install']
[0.869s] [34mcolcon.colcon_core.package_identification[0m [1;30mLevel 1[0m _identify(rl_sar-main/library/inference_runtime/onnxruntime) by extension 'ignore'
[0.869s] [34mcolcon.colcon_core.package_identification[0m [1;30mLevel 1[0m _identify(rl_sar-main/library/inference_runtime/onnxruntime) by extension 'ignore_ament_install'
[0.870s] [34mcolcon.colcon_core.package_identification[0m [1;30mLevel 1[0m _identify(rl_sar-main/library/inference_runtime/onnxruntime) by extensions ['colcon_pkg']
[0.870s] [34mcolcon.colcon_core.package_identification[0m [1;30mLevel 1[0m _identify(rl_sar-main/library/inference_runtime/onnxruntime) by extension 'colcon_pkg'
[0.870s] [34mcolcon.colcon_core.package_identification[0m [1;30mLevel 1[0m _identify(rl_sar-main/library/inference_runtime/onnxruntime) by extensions ['colcon_meta']
[0.870s] [34mcolcon.colcon_core.package_identification[0m [1;30mLevel 1[0m _identify(rl_sar-main/library/inference_runtime/onnxruntime) by extension 'colcon_meta'
[0.870s] [34mcolcon.colcon_core.package_identification[0m [1;30mLevel 1[0m _identify(rl_sar-main/library/inference_runtime/onnxruntime) by extensions ['ros']
[0.870s] [34mcolcon.colcon_core.package_identification[0m [1;30mLevel 1[0m _identify(rl_sar-main/library/inference_runtime/onnxruntime) by extension 'ros'
[0.870s] [34mcolcon.colcon_core.package_identification[0m [1;30mLevel 1[0m _identify(rl_sar-main/library/inference_runtime/onnxruntime) by extensions ['cmake', 'python']
[0.870s] [34mcolcon.colcon_core.package_identification[0m [1;30mLevel 1[0m _identify(rl_sar-main/library/inference_runtime/onnxruntime) by extension 'cmake'
[0.870s] [34mcolcon.colcon_core.package_identification[0m [1;30mLevel 1[0m _identify(rl_sar-main/library/inference_runtime/onnxruntime) by extension 'python'
[0.871s] [34mcolcon.colcon_core.package_identification[0m [1;30mLevel 1[0m _identify(rl_sar-main/library/inference_runtime/onnxruntime) by extensions ['python_setup_py']
[0.871s] [34mcolcon.colcon_core.package_identification[0m [1;30mLevel 1[0m _identify(rl_sar-main/library/inference_runtime/onnxruntime) by extension 'python_setup_py'
[0.871s] [34mcolcon.colcon_core.package_identification[0m [1;30mLevel 1[0m _identify(rl_sar-main/library/inference_runtime/onnxruntime/include) by extensions ['ignore', 'ignore_ament_install']
[0.871s] [34mcolcon.colcon_core.package_identification[0m [1;30mLevel 1[0m _identify(rl_sar-main/library/inference_runtime/onnxruntime/include) by extension 'ignore'
[0.871s] [34mcolcon.colcon_core.package_identification[0m [1;30mLevel 1[0m _identify(rl_sar-main/library/inference_runtime/onnxruntime/include) by extension 'ignore_ament_install'
[0.871s] [34mcolcon.colcon_core.package_identification[0m [1;30mLevel 1[0m _identify(rl_sar-main/library/inference_runtime/onnxruntime/include) by extensions ['colcon_pkg']
[0.871s] [34mcolcon.colcon_core.package_identification[0m [1;30mLevel 1[0m _identify(rl_sar-main/library/inference_runtime/onnxruntime/include) by extension 'colcon_pkg'
[0.871s] [34mcolcon.colcon_core.package_identification[0m [1;30mLevel 1[0m _identify(rl_sar-main/library/inference_runtime/onnxruntime/include) by extensions ['colcon_meta']
[0.872s] [34mcolcon.colcon_core.package_identification[0m [1;30mLevel 1[0m _identify(rl_sar-main/library/inference_runtime/onnxruntime/include) by extension 'colcon_meta'
[0.872s] [34mcolcon.colcon_core.package_identification[0m [1;30mLevel 1[0m _identify(rl_sar-main/library/inference_runtime/onnxruntime/include) by extensions ['ros']
[0.872s] [34mcolcon.colcon_core.package_identification[0m [1;30mLevel 1[0m _identify(rl_sar-main/library/inference_runtime/onnxruntime/include) by extension 'ros'
[0.872s] [34mcolcon.colcon_core.package_identification[0m [1;30mLevel 1[0m _identify(rl_sar-main/library/inference_runtime/onnxruntime/include) by extensions ['cmake', 'python']
[0.872s] [34mcolcon.colcon_core.package_identification[0m [1;30mLevel 1[0m _identify(rl_sar-main/library/inference_runtime/onnxruntime/include) by extension 'cmake'
[0.872s] [34mcolcon.colcon_core.package_identification[0m [1;30mLevel 1[0m _identify(rl_sar-main/library/inference_runtime/onnxruntime/include) by extension 'python'
[0.872s] [34mcolcon.colcon_core.package_identification[0m [1;30mLevel 1[0m _identify(rl_sar-main/library/inference_runtime/onnxruntime/include) by extensions ['python_setup_py']
[0.872s] [34mcolcon.colcon_core.package_identification[0m [1;30mLevel 1[0m _identify(rl_sar-main/library/inference_runtime/onnxruntime/include) by extension 'python_setup_py'
[0.873s] [34mcolcon.colcon_core.package_identification[0m [1;30mLevel 1[0m _identify(rl_sar-main/library/inference_runtime/onnxruntime/include/core) by extensions ['ignore', 'ignore_ament_install']
[0.873s] [34mcolcon.colcon_core.package_identification[0m [1;30mLevel 1[0m _identify(rl_sar-main/library/inference_runtime/onnxruntime/include/core) by extension 'ignore'
[0.873s] [34mcolcon.colcon_core.package_identification[0m [1;30mLevel 1[0m _identify(rl_sar-main/library/inference_runtime/onnxruntime/include/core) by extension 'ignore_ament_install'
[0.873s] [34mcolcon.colcon_core.package_identification[0m [1;30mLevel 1[0m _identify(rl_sar-main/library/inference_runtime/onnxruntime/include/core) by extensions ['colcon_pkg']
[0.873s] [34mcolcon.colcon_core.package_identification[0m [1;30mLevel 1[0m _identify(rl_sar-main/library/inference_runtime/onnxruntime/include/core) by extension 'colcon_pkg'
[0.873s] [34mcolcon.colcon_core.package_identification[0m [1;30mLevel 1[0m _identify(rl_sar-main/library/inference_runtime/onnxruntime/include/core) by extensions ['colcon_meta']
[0.873s] [34mcolcon.colcon_core.package_identification[0m [1;30mLevel 1[0m _identify(rl_sar-main/library/inference_runtime/onnxruntime/include/core) by extension 'colcon_meta'
[0.873s] [34mcolcon.colcon_core.package_identification[0m [1;30mLevel 1[0m _identify(rl_sar-main/library/inference_runtime/onnxruntime/include/core) by extensions ['ros']
[0.874s] [34mcolcon.colcon_core.package_identification[0m [1;30mLevel 1[0m _identify(rl_sar-main/library/inference_runtime/onnxruntime/include/core) by extension 'ros'
[0.874s] [34mcolcon.colcon_core.package_identification[0m [1;30mLevel 1[0m _identify(rl_sar-main/library/inference_runtime/onnxruntime/include/core) by extensions ['cmake', 'python']
[0.874s] [34mcolcon.colcon_core.package_identification[0m [1;30mLevel 1[0m _identify(rl_sar-main/library/inference_runtime/onnxruntime/include/core) by extension 'cmake'
[0.874s] [34mcolcon.colcon_core.package_identification[0m [1;30mLevel 1[0m _identify(rl_sar-main/library/inference_runtime/onnxruntime/include/core) by extension 'python'
[0.874s] [34mcolcon.colcon_core.package_identification[0m [1;30mLevel 1[0m _identify(rl_sar-main/library/inference_runtime/onnxruntime/include/core) by extensions ['python_setup_py']
[0.874s] [34mcolcon.colcon_core.package_identification[0m [1;30mLevel 1[0m _identify(rl_sar-main/library/inference_runtime/onnxruntime/include/core) by extension 'python_setup_py'
[0.874s] [34mcolcon.colcon_core.package_identification[0m [1;30mLevel 1[0m _identify(rl_sar-main/library/inference_runtime/onnxruntime/include/core/providers) by extensions ['ignore', 'ignore_ament_install']
[0.875s] [34mcolcon.colcon_core.package_identification[0m [1;30mLevel 1[0m _identify(rl_sar-main/library/inference_runtime/onnxruntime/include/core/providers) by extension 'ignore'
[0.875s] [34mcolcon.colcon_core.package_identification[0m [1;30mLevel 1[0m _identify(rl_sar-main/library/inference_runtime/onnxruntime/include/core/providers) by extension 'ignore_ament_install'
[0.875s] [34mcolcon.colcon_core.package_identification[0m [1;30mLevel 1[0m _identify(rl_sar-main/library/inference_runtime/onnxruntime/include/core/providers) by extensions ['colcon_pkg']
[0.875s] [34mcolcon.colcon_core.package_identification[0m [1;30mLevel 1[0m _identify(rl_sar-main/library/inference_runtime/onnxruntime/include/core/providers) by extension 'colcon_pkg'
[0.875s] [34mcolcon.colcon_core.package_identification[0m [1;30mLevel 1[0m _identify(rl_sar-main/library/inference_runtime/onnxruntime/include/core/providers) by extensions ['colcon_meta']
[0.875s] [34mcolcon.colcon_core.package_identification[0m [1;30mLevel 1[0m _identify(rl_sar-main/library/inference_runtime/onnxruntime/include/core/providers) by extension 'colcon_meta'
[0.875s] [34mcolcon.colcon_core.package_identification[0m [1;30mLevel 1[0m _identify(rl_sar-main/library/inference_runtime/onnxruntime/include/core/providers) by extensions ['ros']
[0.875s] [34mcolcon.colcon_core.package_identification[0m [1;30mLevel 1[0m _identify(rl_sar-main/library/inference_runtime/onnxruntime/include/core/providers) by extension 'ros'
[0.875s] [34mcolcon.colcon_core.package_identification[0m [1;30mLevel 1[0m _identify(rl_sar-main/library/inference_runtime/onnxruntime/include/core/providers) by extensions ['cmake', 'python']
[0.876s] [34mcolcon.colcon_core.package_identification[0m [1;30mLevel 1[0m _identify(rl_sar-main/library/inference_runtime/onnxruntime/include/core/providers) by extension 'cmake'
[0.876s] [34mcolcon.colcon_core.package_identification[0m [1;30mLevel 1[0m _identify(rl_sar-main/library/inference_runtime/onnxruntime/include/core/providers) by extension 'python'
[0.876s] [34mcolcon.colcon_core.package_identification[0m [1;30mLevel 1[0m _identify(rl_sar-main/library/inference_runtime/onnxruntime/include/core/providers) by extensions ['python_setup_py']
[0.876s] [34mcolcon.colcon_core.package_identification[0m [1;30mLevel 1[0m _identify(rl_sar-main/library/inference_runtime/onnxruntime/include/core/providers) by extension 'python_setup_py'
[0.876s] [34mcolcon.colcon_core.package_identification[0m [1;30mLevel 1[0m _identify(rl_sar-main/library/inference_runtime/onnxruntime/lib) by extensions ['ignore', 'ignore_ament_install']
[0.876s] [34mcolcon.colcon_core.package_identification[0m [1;30mLevel 1[0m _identify(rl_sar-main/library/inference_runtime/onnxruntime/lib) by extension 'ignore'
[0.876s] [34mcolcon.colcon_core.package_identification[0m [1;30mLevel 1[0m _identify(rl_sar-main/library/inference_runtime/onnxruntime/lib) by extension 'ignore_ament_install'
[0.877s] [34mcolcon.colcon_core.package_identification[0m [1;30mLevel 1[0m _identify(rl_sar-main/library/inference_runtime/onnxruntime/lib) by extensions ['colcon_pkg']
[0.877s] [34mcolcon.colcon_core.package_identification[0m [1;30mLevel 1[0m _identify(rl_sar-main/library/inference_runtime/onnxruntime/lib) by extension 'colcon_pkg'
[0.877s] [34mcolcon.colcon_core.package_identification[0m [1;30mLevel 1[0m _identify(rl_sar-main/library/inference_runtime/onnxruntime/lib) by extensions ['colcon_meta']
[0.877s] [34mcolcon.colcon_core.package_identification[0m [1;30mLevel 1[0m _identify(rl_sar-main/library/inference_runtime/onnxruntime/lib) by extension 'colcon_meta'
[0.877s] [34mcolcon.colcon_core.package_identification[0m [1;30mLevel 1[0m _identify(rl_sar-main/library/inference_runtime/onnxruntime/lib) by extensions ['ros']
[0.877s] [34mcolcon.colcon_core.package_identification[0m [1;30mLevel 1[0m _identify(rl_sar-main/library/inference_runtime/onnxruntime/lib) by extension 'ros'
[0.877s] [34mcolcon.colcon_core.package_identification[0m [1;30mLevel 1[0m _identify(rl_sar-main/library/inference_runtime/onnxruntime/lib) by extensions ['cmake', 'python']
[0.877s] [34mcolcon.colcon_core.package_identification[0m [1;30mLevel 1[0m _identify(rl_sar-main/library/inference_runtime/onnxruntime/lib) by extension 'cmake'
[0.877s] [34mcolcon.colcon_core.package_identification[0m [1;30mLevel 1[0m _identify(rl_sar-main/library/inference_runtime/onnxruntime/lib) by extension 'python'
[0.878s] [34mcolcon.colcon_core.package_identification[0m [1;30mLevel 1[0m _identify(rl_sar-main/library/inference_runtime/onnxruntime/lib) by extensions ['python_setup_py']
[0.878s] [34mcolcon.colcon_core.package_identification[0m [1;30mLevel 1[0m _identify(rl_sar-main/library/inference_runtime/onnxruntime/lib) by extension 'python_setup_py'
[0.878s] [34mcolcon.colcon_core.package_identification[0m [1;30mLevel 1[0m _identify(rl_sar-main/library/inference_runtime/onnxruntime/lib/cmake) by extensions ['ignore', 'ignore_ament_install']
[0.878s] [34mcolcon.colcon_core.package_identification[0m [1;30mLevel 1[0m _identify(rl_sar-main/library/inference_runtime/onnxruntime/lib/cmake) by extension 'ignore'
[0.878s] [34mcolcon.colcon_core.package_identification[0m [1;30mLevel 1[0m _identify(rl_sar-main/library/inference_runtime/onnxruntime/lib/cmake) by extension 'ignore_ament_install'
[0.878s] [34mcolcon.colcon_core.package_identification[0m [1;30mLevel 1[0m _identify(rl_sar-main/library/inference_runtime/onnxruntime/lib/cmake) by extensions ['colcon_pkg']
[0.878s] [34mcolcon.colcon_core.package_identification[0m [1;30mLevel 1[0m _identify(rl_sar-main/library/inference_runtime/onnxruntime/lib/cmake) by extension 'colcon_pkg'
[0.878s] [34mcolcon.colcon_core.package_identification[0m [1;30mLevel 1[0m _identify(rl_sar-main/library/inference_runtime/onnxruntime/lib/cmake) by extensions ['colcon_meta']
[0.879s] [34mcolcon.colcon_core.package_identification[0m [1;30mLevel 1[0m _identify(rl_sar-main/library/inference_runtime/onnxruntime/lib/cmake) by extension 'colcon_meta'
[0.879s] [34mcolcon.colcon_core.package_identification[0m [1;30mLevel 1[0m _identify(rl_sar-main/library/inference_runtime/onnxruntime/lib/cmake) by extensions ['ros']
[0.879s] [34mcolcon.colcon_core.package_identification[0m [1;30mLevel 1[0m _identify(rl_sar-main/library/inference_runtime/onnxruntime/lib/cmake) by extension 'ros'
[0.879s] [34mcolcon.colcon_core.package_identification[0m [1;30mLevel 1[0m _identify(rl_sar-main/library/inference_runtime/onnxruntime/lib/cmake) by extensions ['cmake', 'python']
[0.879s] [34mcolcon.colcon_core.package_identification[0m [1;30mLevel 1[0m _identify(rl_sar-main/library/inference_runtime/onnxruntime/lib/cmake) by extension 'cmake'
[0.879s] [34mcolcon.colcon_core.package_identification[0m [1;30mLevel 1[0m _identify(rl_sar-main/library/inference_runtime/onnxruntime/lib/cmake) by extension 'python'
[0.879s] [34mcolcon.colcon_core.package_identification[0m [1;30mLevel 1[0m _identify(rl_sar-main/library/inference_runtime/onnxruntime/lib/cmake) by extensions ['python_setup_py']
[0.879s] [34mcolcon.colcon_core.package_identification[0m [1;30mLevel 1[0m _identify(rl_sar-main/library/inference_runtime/onnxruntime/lib/cmake) by extension 'python_setup_py'
[0.880s] [34mcolcon.colcon_core.package_identification[0m [1;30mLevel 1[0m _identify(rl_sar-main/library/inference_runtime/onnxruntime/lib/cmake/onnxruntime) by extensions ['ignore', 'ignore_ament_install']
[0.880s] [34mcolcon.colcon_core.package_identification[0m [1;30mLevel 1[0m _identify(rl_sar-main/library/inference_runtime/onnxruntime/lib/cmake/onnxruntime) by extension 'ignore'
[0.880s] [34mcolcon.colcon_core.package_identification[0m [1;30mLevel 1[0m _identify(rl_sar-main/library/inference_runtime/onnxruntime/lib/cmake/onnxruntime) by extension 'ignore_ament_install'
[0.880s] [34mcolcon.colcon_core.package_identification[0m [1;30mLevel 1[0m _identify(rl_sar-main/library/inference_runtime/onnxruntime/lib/cmake/onnxruntime) by extensions ['colcon_pkg']
[0.880s] [34mcolcon.colcon_core.package_identification[0m [1;30mLevel 1[0m _identify(rl_sar-main/library/inference_runtime/onnxruntime/lib/cmake/onnxruntime) by extension 'colcon_pkg'
[0.880s] [34mcolcon.colcon_core.package_identification[0m [1;30mLevel 1[0m _identify(rl_sar-main/library/inference_runtime/onnxruntime/lib/cmake/onnxruntime) by extensions ['colcon_meta']
[0.880s] [34mcolcon.colcon_core.package_identification[0m [1;30mLevel 1[0m _identify(rl_sar-main/library/inference_runtime/onnxruntime/lib/cmake/onnxruntime) by extension 'colcon_meta'
[0.880s] [34mcolcon.colcon_core.package_identification[0m [1;30mLevel 1[0m _identify(rl_sar-main/library/inference_runtime/onnxruntime/lib/cmake/onnxruntime) by extensions ['ros']
[0.881s] [34mcolcon.colcon_core.package_identification[0m [1;30mLevel 1[0m _identify(rl_sar-main/library/inference_runtime/onnxruntime/lib/cmake/onnxruntime) by extension 'ros'
[0.881s] [34mcolcon.colcon_core.package_identification[0m [1;30mLevel 1[0m _identify(rl_sar-main/library/inference_runtime/onnxruntime/lib/cmake/onnxruntime) by extensions ['cmake', 'python']
[0.881s] [34mcolcon.colcon_core.package_identification[0m [1;30mLevel 1[0m _identify(rl_sar-main/library/inference_runtime/onnxruntime/lib/cmake/onnxruntime) by extension 'cmake'
[0.881s] [34mcolcon.colcon_core.package_identification[0m [1;30mLevel 1[0m _identify(rl_sar-main/library/inference_runtime/onnxruntime/lib/cmake/onnxruntime) by extension 'python'
[0.881s] [34mcolcon.colcon_core.package_identification[0m [1;30mLevel 1[0m _identify(rl_sar-main/library/inference_runtime/onnxruntime/lib/cmake/onnxruntime) by extensions ['python_setup_py']
[0.881s] [34mcolcon.colcon_core.package_identification[0m [1;30mLevel 1[0m _identify(rl_sar-main/library/inference_runtime/onnxruntime/lib/cmake/onnxruntime) by extension 'python_setup_py'
[0.881s] [34mcolcon.colcon_core.package_identification[0m [1;30mLevel 1[0m _identify(rl_sar-main/library/inference_runtime/onnxruntime/lib/pkgconfig) by extensions ['ignore', 'ignore_ament_install']
[0.882s] [34mcolcon.colcon_core.package_identification[0m [1;30mLevel 1[0m _identify(rl_sar-main/library/inference_runtime/onnxruntime/lib/pkgconfig) by extension 'ignore'
[0.882s] [34mcolcon.colcon_core.package_identification[0m [1;30mLevel 1[0m _identify(rl_sar-main/library/inference_runtime/onnxruntime/lib/pkgconfig) by extension 'ignore_ament_install'
[0.882s] [34mcolcon.colcon_core.package_identification[0m [1;30mLevel 1[0m _identify(rl_sar-main/library/inference_runtime/onnxruntime/lib/pkgconfig) by extensions ['colcon_pkg']
[0.882s] [34mcolcon.colcon_core.package_identification[0m [1;30mLevel 1[0m _identify(rl_sar-main/library/inference_runtime/onnxruntime/lib/pkgconfig) by extension 'colcon_pkg'
[0.882s] [34mcolcon.colcon_core.package_identification[0m [1;30mLevel 1[0m _identify(rl_sar-main/library/inference_runtime/onnxruntime/lib/pkgconfig) by extensions ['colcon_meta']
[0.882s] [34mcolcon.colcon_core.package_identification[0m [1;30mLevel 1[0m _identify(rl_sar-main/library/inference_runtime/onnxruntime/lib/pkgconfig) by extension 'colcon_meta'
[0.882s] [34mcolcon.colcon_core.package_identification[0m [1;30mLevel 1[0m _identify(rl_sar-main/library/inference_runtime/onnxruntime/lib/pkgconfig) by extensions ['ros']
[0.882s] [34mcolcon.colcon_core.package_identification[0m [1;30mLevel 1[0m _identify(rl_sar-main/library/inference_runtime/onnxruntime/lib/pkgconfig) by extension 'ros'
[0.883s] [34mcolcon.colcon_core.package_identification[0m [1;30mLevel 1[0m _identify(rl_sar-main/library/inference_runtime/onnxruntime/lib/pkgconfig) by extensions ['cmake', 'python']
[0.883s] [34mcolcon.colcon_core.package_identification[0m [1;30mLevel 1[0m _identify(rl_sar-main/library/inference_runtime/onnxruntime/lib/pkgconfig) by extension 'cmake'
[0.883s] [34mcolcon.colcon_core.package_identification[0m [1;30mLevel 1[0m _identify(rl_sar-main/library/inference_runtime/onnxruntime/lib/pkgconfig) by extension 'python'
[0.883s] [34mcolcon.colcon_core.package_identification[0m [1;30mLevel 1[0m _identify(rl_sar-main/library/inference_runtime/onnxruntime/lib/pkgconfig) by extensions ['python_setup_py']
[0.883s] [34mcolcon.colcon_core.package_identification[0m [1;30mLevel 1[0m _identify(rl_sar-main/library/inference_runtime/onnxruntime/lib/pkgconfig) by extension 'python_setup_py'
[0.883s] [34mcolcon.colcon_core.package_identification[0m [1;30mLevel 1[0m _identify(rl_sar-main/log) by extensions ['ignore', 'ignore_ament_install']
[0.883s] [34mcolcon.colcon_core.package_identification[0m [1;30mLevel 1[0m _identify(rl_sar-main/log) by extension 'ignore'
[0.883s] [34mcolcon.colcon_core.package_identification[0m [1;30mLevel 1[0m _identify(rl_sar-main/log) ignored
[0.884s] [34mcolcon.colcon_core.package_identification[0m [1;30mLevel 1[0m _identify(rl_sar-main/policy) by extensions ['ignore', 'ignore_ament_install']
[0.884s] [34mcolcon.colcon_core.package_identification[0m [1;30mLevel 1[0m _identify(rl_sar-main/policy) by extension 'ignore'
[0.884s] [34mcolcon.colcon_core.package_identification[0m [1;30mLevel 1[0m _identify(rl_sar-main/policy) by extension 'ignore_ament_install'
[0.884s] [34mcolcon.colcon_core.package_identification[0m [1;30mLevel 1[0m _identify(rl_sar-main/policy) by extensions ['colcon_pkg']
[0.884s] [34mcolcon.colcon_core.package_identification[0m [1;30mLevel 1[0m _identify(rl_sar-main/policy) by extension 'colcon_pkg'
[0.884s] [34mcolcon.colcon_core.package_identification[0m [1;30mLevel 1[0m _identify(rl_sar-main/policy) by extensions ['colcon_meta']
[0.884s] [34mcolcon.colcon_core.package_identification[0m [1;30mLevel 1[0m _identify(rl_sar-main/policy) by extension 'colcon_meta'
[0.884s] [34mcolcon.colcon_core.package_identification[0m [1;30mLevel 1[0m _identify(rl_sar-main/policy) by extensions ['ros']
[0.885s] [34mcolcon.colcon_core.package_identification[0m [1;30mLevel 1[0m _identify(rl_sar-main/policy) by extension 'ros'
[0.885s] [34mcolcon.colcon_core.package_identification[0m [1;30mLevel 1[0m _identify(rl_sar-main/policy) by extensions ['cmake', 'python']
[0.885s] [34mcolcon.colcon_core.package_identification[0m [1;30mLevel 1[0m _identify(rl_sar-main/policy) by extension 'cmake'
[0.885s] [34mcolcon.colcon_core.package_identification[0m [1;30mLevel 1[0m _identify(rl_sar-main/policy) by extension 'python'
[0.885s] [34mcolcon.colcon_core.package_identification[0m [1;30mLevel 1[0m _identify(rl_sar-main/policy) by extensions ['python_setup_py']
[0.885s] [34mcolcon.colcon_core.package_identification[0m [1;30mLevel 1[0m _identify(rl_sar-main/policy) by extension 'python_setup_py'
[0.885s] [34mcolcon.colcon_core.package_identification[0m [1;30mLevel 1[0m _identify(rl_sar-main/policy/uika) by extensions ['ignore', 'ignore_ament_install']
[0.886s] [34mcolcon.colcon_core.package_identification[0m [1;30mLevel 1[0m _identify(rl_sar-main/policy/uika) by extension 'ignore'
[0.886s] [34mcolcon.colcon_core.package_identification[0m [1;30mLevel 1[0m _identify(rl_sar-main/policy/uika) by extension 'ignore_ament_install'
[0.886s] [34mcolcon.colcon_core.package_identification[0m [1;30mLevel 1[0m _identify(rl_sar-main/policy/uika) by extensions ['colcon_pkg']
[0.886s] [34mcolcon.colcon_core.package_identification[0m [1;30mLevel 1[0m _identify(rl_sar-main/policy/uika) by extension 'colcon_pkg'
[0.886s] [34mcolcon.colcon_core.package_identification[0m [1;30mLevel 1[0m _identify(rl_sar-main/policy/uika) by extensions ['colcon_meta']
[0.886s] [34mcolcon.colcon_core.package_identification[0m [1;30mLevel 1[0m _identify(rl_sar-main/policy/uika) by extension 'colcon_meta'
[0.886s] [34mcolcon.colcon_core.package_identification[0m [1;30mLevel 1[0m _identify(rl_sar-main/policy/uika) by extensions ['ros']
[0.886s] [34mcolcon.colcon_core.package_identification[0m [1;30mLevel 1[0m _identify(rl_sar-main/policy/uika) by extension 'ros'
[0.886s] [34mcolcon.colcon_core.package_identification[0m [1;30mLevel 1[0m _identify(rl_sar-main/policy/uika) by extensions ['cmake', 'python']
[0.887s] [34mcolcon.colcon_core.package_identification[0m [1;30mLevel 1[0m _identify(rl_sar-main/policy/uika) by extension 'cmake'
[0.887s] [34mcolcon.colcon_core.package_identification[0m [1;30mLevel 1[0m _identify(rl_sar-main/policy/uika) by extension 'python'
[0.887s] [34mcolcon.colcon_core.package_identification[0m [1;30mLevel 1[0m _identify(rl_sar-main/policy/uika) by extensions ['python_setup_py']
[0.887s] [34mcolcon.colcon_core.package_identification[0m [1;30mLevel 1[0m _identify(rl_sar-main/policy/uika) by extension 'python_setup_py'
[0.887s] [34mcolcon.colcon_core.package_identification[0m [1;30mLevel 1[0m _identify(rl_sar-main/policy/uika/himloco) by extensions ['ignore', 'ignore_ament_install']
[0.887s] [34mcolcon.colcon_core.package_identification[0m [1;30mLevel 1[0m _identify(rl_sar-main/policy/uika/himloco) by extension 'ignore'
[0.887s] [34mcolcon.colcon_core.package_identification[0m [1;30mLevel 1[0m _identify(rl_sar-main/policy/uika/himloco) by extension 'ignore_ament_install'
[0.887s] [34mcolcon.colcon_core.package_identification[0m [1;30mLevel 1[0m _identify(rl_sar-main/policy/uika/himloco) by extensions ['colcon_pkg']
[0.888s] [34mcolcon.colcon_core.package_identification[0m [1;30mLevel 1[0m _identify(rl_sar-main/policy/uika/himloco) by extension 'colcon_pkg'
[0.888s] [34mcolcon.colcon_core.package_identification[0m [1;30mLevel 1[0m _identify(rl_sar-main/policy/uika/himloco) by extensions ['colcon_meta']
[0.888s] [34mcolcon.colcon_core.package_identification[0m [1;30mLevel 1[0m _identify(rl_sar-main/policy/uika/himloco) by extension 'colcon_meta'
[0.888s] [34mcolcon.colcon_core.package_identification[0m [1;30mLevel 1[0m _identify(rl_sar-main/policy/uika/himloco) by extensions ['ros']
[0.888s] [34mcolcon.colcon_core.package_identification[0m [1;30mLevel 1[0m _identify(rl_sar-main/policy/uika/himloco) by extension 'ros'
[0.888s] [34mcolcon.colcon_core.package_identification[0m [1;30mLevel 1[0m _identify(rl_sar-main/policy/uika/himloco) by extensions ['cmake', 'python']
[0.888s] [34mcolcon.colcon_core.package_identification[0m [1;30mLevel 1[0m _identify(rl_sar-main/policy/uika/himloco) by extension 'cmake'
[0.888s] [34mcolcon.colcon_core.package_identification[0m [1;30mLevel 1[0m _identify(rl_sar-main/policy/uika/himloco) by extension 'python'
[0.888s] [34mcolcon.colcon_core.package_identification[0m [1;30mLevel 1[0m _identify(rl_sar-main/policy/uika/himloco) by extensions ['python_setup_py']
[0.889s] [34mcolcon.colcon_core.package_identification[0m [1;30mLevel 1[0m _identify(rl_sar-main/policy/uika/himloco) by extension 'python_setup_py'
[0.889s] [34mcolcon.colcon_core.package_identification[0m [1;30mLevel 1[0m _identify(rl_sar-main/scripts) by extensions ['ignore', 'ignore_ament_install']
[0.889s] [34mcolcon.colcon_core.package_identification[0m [1;30mLevel 1[0m _identify(rl_sar-main/scripts) by extension 'ignore'
[0.889s] [34mcolcon.colcon_core.package_identification[0m [1;30mLevel 1[0m _identify(rl_sar-main/scripts) by extension 'ignore_ament_install'
[0.889s] [34mcolcon.colcon_core.package_identification[0m [1;30mLevel 1[0m _identify(rl_sar-main/scripts) by extensions ['colcon_pkg']
[0.889s] [34mcolcon.colcon_core.package_identification[0m [1;30mLevel 1[0m _identify(rl_sar-main/scripts) by extension 'colcon_pkg'
[0.889s] [34mcolcon.colcon_core.package_identification[0m [1;30mLevel 1[0m _identify(rl_sar-main/scripts) by extensions ['colcon_meta']
[0.889s] [34mcolcon.colcon_core.package_identification[0m [1;30mLevel 1[0m _identify(rl_sar-main/scripts) by extension 'colcon_meta'
[0.890s] [34mcolcon.colcon_core.package_identification[0m [1;30mLevel 1[0m _identify(rl_sar-main/scripts) by extensions ['ros']
[0.890s] [34mcolcon.colcon_core.package_identification[0m [1;30mLevel 1[0m _identify(rl_sar-main/scripts) by extension 'ros'
[0.890s] [34mcolcon.colcon_core.package_identification[0m [1;30mLevel 1[0m _identify(rl_sar-main/scripts) by extensions ['cmake', 'python']
[0.890s] [34mcolcon.colcon_core.package_identification[0m [1;30mLevel 1[0m _identify(rl_sar-main/scripts) by extension 'cmake'
[0.890s] [34mcolcon.colcon_core.package_identification[0m [1;30mLevel 1[0m _identify(rl_sar-main/scripts) by extension 'python'
[0.890s] [34mcolcon.colcon_core.package_identification[0m [1;30mLevel 1[0m _identify(rl_sar-main/scripts) by extensions ['python_setup_py']
[0.890s] [34mcolcon.colcon_core.package_identification[0m [1;30mLevel 1[0m _identify(rl_sar-main/scripts) by extension 'python_setup_py'
[0.890s] [34mcolcon.colcon_core.package_identification[0m [1;30mLevel 1[0m _identify(rl_sar-main/src) by extensions ['ignore', 'ignore_ament_install']
[0.891s] [34mcolcon.colcon_core.package_identification[0m [1;30mLevel 1[0m _identify(rl_sar-main/src) by extension 'ignore'
[0.891s] [34mcolcon.colcon_core.package_identification[0m [1;30mLevel 1[0m _identify(rl_sar-main/src) by extension 'ignore_ament_install'
[0.891s] [34mcolcon.colcon_core.package_identification[0m [1;30mLevel 1[0m _identify(rl_sar-main/src) by extensions ['colcon_pkg']
[0.891s] [34mcolcon.colcon_core.package_identification[0m [1;30mLevel 1[0m _identify(rl_sar-main/src) by extension 'colcon_pkg'
[0.891s] [34mcolcon.colcon_core.package_identification[0m [1;30mLevel 1[0m _identify(rl_sar-main/src) by extensions ['colcon_meta']
[0.891s] [34mcolcon.colcon_core.package_identification[0m [1;30mLevel 1[0m _identify(rl_sar-main/src) by extension 'colcon_meta'
[0.891s] [34mcolcon.colcon_core.package_identification[0m [1;30mLevel 1[0m _identify(rl_sar-main/src) by extensions ['ros']
[0.891s] [34mcolcon.colcon_core.package_identification[0m [1;30mLevel 1[0m _identify(rl_sar-main/src) by extension 'ros'
[0.891s] [34mcolcon.colcon_core.package_identification[0m [1;30mLevel 1[0m _identify(rl_sar-main/src) by extensions ['cmake', 'python']
[0.892s] [34mcolcon.colcon_core.package_identification[0m [1;30mLevel 1[0m _identify(rl_sar-main/src) by extension 'cmake'
[0.892s] [34mcolcon.colcon_core.package_identification[0m [1;30mLevel 1[0m _identify(rl_sar-main/src) by extension 'python'
[0.892s] [34mcolcon.colcon_core.package_identification[0m [1;30mLevel 1[0m _identify(rl_sar-main/src) by extensions ['python_setup_py']
[0.892s] [34mcolcon.colcon_core.package_identification[0m [1;30mLevel 1[0m _identify(rl_sar-main/src) by extension 'python_setup_py'
[0.892s] [34mcolcon.colcon_core.package_identification[0m [1;30mLevel 1[0m _identify(rl_sar-main/src/rl_sar) by extensions ['ignore', 'ignore_ament_install']
[0.892s] [34mcolcon.colcon_core.package_identification[0m [1;30mLevel 1[0m _identify(rl_sar-main/src/rl_sar) by extension 'ignore'
[0.892s] [34mcolcon.colcon_core.package_identification[0m [1;30mLevel 1[0m _identify(rl_sar-main/src/rl_sar) by extension 'ignore_ament_install'
[0.893s] [34mcolcon.colcon_core.package_identification[0m [1;30mLevel 1[0m _identify(rl_sar-main/src/rl_sar) by extensions ['colcon_pkg']
[0.893s] [34mcolcon.colcon_core.package_identification[0m [1;30mLevel 1[0m _identify(rl_sar-main/src/rl_sar) by extension 'colcon_pkg'
[0.893s] [34mcolcon.colcon_core.package_identification[0m [1;30mLevel 1[0m _identify(rl_sar-main/src/rl_sar) by extensions ['colcon_meta']
[0.893s] [34mcolcon.colcon_core.package_identification[0m [1;30mLevel 1[0m _identify(rl_sar-main/src/rl_sar) by extension 'colcon_meta'
[0.893s] [34mcolcon.colcon_core.package_identification[0m [1;30mLevel 1[0m _identify(rl_sar-main/src/rl_sar) by extensions ['ros']
[0.893s] [34mcolcon.colcon_core.package_identification[0m [1;30mLevel 1[0m _identify(rl_sar-main/src/rl_sar) by extension 'ros'
[0.899s] [34mcolcon.colcon_core.package_identification[0m [1;30mDEBUG[0m [32mPackage 'rl_sar-main/src/rl_sar' with type 'ros.ament_cmake' and name 'rl_sar'[0m
[0.899s] [34mcolcon.colcon_core.package_identification[0m [1;30mLevel 1[0m _identify(rl_sar-main/src/rl_sar_zoo) by extensions ['ignore', 'ignore_ament_install']
[0.899s] [34mcolcon.colcon_core.package_identification[0m [1;30mLevel 1[0m _identify(rl_sar-main/src/rl_sar_zoo) by extension 'ignore'
[0.899s] [34mcolcon.colcon_core.package_identification[0m [1;30mLevel 1[0m _identify(rl_sar-main/src/rl_sar_zoo) by extension 'ignore_ament_install'
[0.900s] [34mcolcon.colcon_core.package_identification[0m [1;30mLevel 1[0m _identify(rl_sar-main/src/rl_sar_zoo) by extensions ['colcon_pkg']
[0.900s] [34mcolcon.colcon_core.package_identification[0m [1;30mLevel 1[0m _identify(rl_sar-main/src/rl_sar_zoo) by extension 'colcon_pkg'
[0.900s] [34mcolcon.colcon_core.package_identification[0m [1;30mLevel 1[0m _identify(rl_sar-main/src/rl_sar_zoo) by extensions ['colcon_meta']
[0.900s] [34mcolcon.colcon_core.package_identification[0m [1;30mLevel 1[0m _identify(rl_sar-main/src/rl_sar_zoo) by extension 'colcon_meta'
[0.900s] [34mcolcon.colcon_core.package_identification[0m [1;30mLevel 1[0m _identify(rl_sar-main/src/rl_sar_zoo) by extensions ['ros']
[0.900s] [34mcolcon.colcon_core.package_identification[0m [1;30mLevel 1[0m _identify(rl_sar-main/src/rl_sar_zoo) by extension 'ros'
[0.900s] [34mcolcon.colcon_core.package_identification[0m [1;30mLevel 1[0m _identify(rl_sar-main/src/rl_sar_zoo) by extensions ['cmake', 'python']
[0.900s] [34mcolcon.colcon_core.package_identification[0m [1;30mLevel 1[0m _identify(rl_sar-main/src/rl_sar_zoo) by extension 'cmake'
[0.900s] [34mcolcon.colcon_core.package_identification[0m [1;30mLevel 1[0m _identify(rl_sar-main/src/rl_sar_zoo) by extension 'python'
[0.901s] [34mcolcon.colcon_core.package_identification[0m [1;30mLevel 1[0m _identify(rl_sar-main/src/rl_sar_zoo) by extensions ['python_setup_py']
[0.901s] [34mcolcon.colcon_core.package_identification[0m [1;30mLevel 1[0m _identify(rl_sar-main/src/rl_sar_zoo) by extension 'python_setup_py'
[0.901s] [34mcolcon.colcon_core.package_identification[0m [1;30mLevel 1[0m _identify(rl_sar-main/src/rl_sar_zoo/a1_description) by extensions ['ignore', 'ignore_ament_install']
[0.901s] [34mcolcon.colcon_core.package_identification[0m [1;30mLevel 1[0m _identify(rl_sar-main/src/rl_sar_zoo/a1_description) by extension 'ignore'
[0.901s] [34mcolcon.colcon_core.package_identification[0m [1;30mLevel 1[0m _identify(rl_sar-main/src/rl_sar_zoo/a1_description) by extension 'ignore_ament_install'
[0.901s] [34mcolcon.colcon_core.package_identification[0m [1;30mLevel 1[0m _identify(rl_sar-main/src/rl_sar_zoo/a1_description) by extensions ['colcon_pkg']
[0.902s] [34mcolcon.colcon_core.package_identification[0m [1;30mLevel 1[0m _identify(rl_sar-main/src/rl_sar_zoo/a1_description) by extension 'colcon_pkg'
[0.902s] [34mcolcon.colcon_core.package_identification[0m [1;30mLevel 1[0m _identify(rl_sar-main/src/rl_sar_zoo/a1_description) by extensions ['colcon_meta']
[0.902s] [34mcolcon.colcon_core.package_identification[0m [1;30mLevel 1[0m _identify(rl_sar-main/src/rl_sar_zoo/a1_description) by extension 'colcon_meta'
[0.902s] [34mcolcon.colcon_core.package_identification[0m [1;30mLevel 1[0m _identify(rl_sar-main/src/rl_sar_zoo/a1_description) by extensions ['ros']
[0.902s] [34mcolcon.colcon_core.package_identification[0m [1;30mLevel 1[0m _identify(rl_sar-main/src/rl_sar_zoo/a1_description) by extension 'ros'
[0.904s] [34mcolcon.colcon_core.package_identification[0m [1;30mDEBUG[0m [32mPackage 'rl_sar-main/src/rl_sar_zoo/a1_description' with type 'ros.ament_cmake' and name 'a1_description'[0m
[0.904s] [34mcolcon.colcon_core.package_identification[0m [1;30mLevel 1[0m _identify(rl_sar-main/src/rl_sar_zoo/b2_description) by extensions ['ignore', 'ignore_ament_install']
[0.904s] [34mcolcon.colcon_core.package_identification[0m [1;30mLevel 1[0m _identify(rl_sar-main/src/rl_sar_zoo/b2_description) by extension 'ignore'
[0.904s] [34mcolcon.colcon_core.package_identification[0m [1;30mLevel 1[0m _identify(rl_sar-main/src/rl_sar_zoo/b2_description) by extension 'ignore_ament_install'
[0.905s] [34mcolcon.colcon_core.package_identification[0m [1;30mLevel 1[0m _identify(rl_sar-main/src/rl_sar_zoo/b2_description) by extensions ['colcon_pkg']
[0.905s] [34mcolcon.colcon_core.package_identification[0m [1;30mLevel 1[0m _identify(rl_sar-main/src/rl_sar_zoo/b2_description) by extension 'colcon_pkg'
[0.905s] [34mcolcon.colcon_core.package_identification[0m [1;30mLevel 1[0m _identify(rl_sar-main/src/rl_sar_zoo/b2_description) by extensions ['colcon_meta']
[0.905s] [34mcolcon.colcon_core.package_identification[0m [1;30mLevel 1[0m _identify(rl_sar-main/src/rl_sar_zoo/b2_description) by extension 'colcon_meta'
[0.905s] [34mcolcon.colcon_core.package_identification[0m [1;30mLevel 1[0m _identify(rl_sar-main/src/rl_sar_zoo/b2_description) by extensions ['ros']
[0.905s] [34mcolcon.colcon_core.package_identification[0m [1;30mLevel 1[0m _identify(rl_sar-main/src/rl_sar_zoo/b2_description) by extension 'ros'
[0.907s] [34mcolcon.colcon_core.package_identification[0m [1;30mDEBUG[0m [32mPackage 'rl_sar-main/src/rl_sar_zoo/b2_description' with type 'ros.ament_cmake' and name 'b2_description'[0m
[0.907s] [34mcolcon.colcon_core.package_identification[0m [1;30mLevel 1[0m _identify(rl_sar-main/src/rl_sar_zoo/b2w_description) by extensions ['ignore', 'ignore_ament_install']
[0.907s] [34mcolcon.colcon_core.package_identification[0m [1;30mLevel 1[0m _identify(rl_sar-main/src/rl_sar_zoo/b2w_description) by extension 'ignore'
[0.908s] [34mcolcon.colcon_core.package_identification[0m [1;30mLevel 1[0m _identify(rl_sar-main/src/rl_sar_zoo/b2w_description) by extension 'ignore_ament_install'
[0.908s] [34mcolcon.colcon_core.package_identification[0m [1;30mLevel 1[0m _identify(rl_sar-main/src/rl_sar_zoo/b2w_description) by extensions ['colcon_pkg']
[0.908s] [34mcolcon.colcon_core.package_identification[0m [1;30mLevel 1[0m _identify(rl_sar-main/src/rl_sar_zoo/b2w_description) by extension 'colcon_pkg'
[0.908s] [34mcolcon.colcon_core.package_identification[0m [1;30mLevel 1[0m _identify(rl_sar-main/src/rl_sar_zoo/b2w_description) by extensions ['colcon_meta']
[0.908s] [34mcolcon.colcon_core.package_identification[0m [1;30mLevel 1[0m _identify(rl_sar-main/src/rl_sar_zoo/b2w_description) by extension 'colcon_meta'
[0.908s] [34mcolcon.colcon_core.package_identification[0m [1;30mLevel 1[0m _identify(rl_sar-main/src/rl_sar_zoo/b2w_description) by extensions ['ros']
[0.908s] [34mcolcon.colcon_core.package_identification[0m [1;30mLevel 1[0m _identify(rl_sar-main/src/rl_sar_zoo/b2w_description) by extension 'ros'
[0.910s] [34mcolcon.colcon_core.package_identification[0m [1;30mDEBUG[0m [32mPackage 'rl_sar-main/src/rl_sar_zoo/b2w_description' with type 'ros.ament_cmake' and name 'b2w_description'[0m
[0.910s] [34mcolcon.colcon_core.package_identification[0m [1;30mLevel 1[0m _identify(rl_sar-main/src/rl_sar_zoo/d1_description) by extensions ['ignore', 'ignore_ament_install']
[0.911s] [34mcolcon.colcon_core.package_identification[0m [1;30mLevel 1[0m _identify(rl_sar-main/src/rl_sar_zoo/d1_description) by extension 'ignore'
[0.911s] [34mcolcon.colcon_core.package_identification[0m [1;30mLevel 1[0m _identify(rl_sar-main/src/rl_sar_zoo/d1_description) by extension 'ignore_ament_install'
[0.911s] [34mcolcon.colcon_core.package_identification[0m [1;30mLevel 1[0m _identify(rl_sar-main/src/rl_sar_zoo/d1_description) by extensions ['colcon_pkg']
[0.911s] [34mcolcon.colcon_core.package_identification[0m [1;30mLevel 1[0m _identify(rl_sar-main/src/rl_sar_zoo/d1_description) by extension 'colcon_pkg'
[0.911s] [34mcolcon.colcon_core.package_identification[0m [1;30mLevel 1[0m _identify(rl_sar-main/src/rl_sar_zoo/d1_description) by extensions ['colcon_meta']
[0.911s] [34mcolcon.colcon_core.package_identification[0m [1;30mLevel 1[0m _identify(rl_sar-main/src/rl_sar_zoo/d1_description) by extension 'colcon_meta'
[0.911s] [34mcolcon.colcon_core.package_identification[0m [1;30mLevel 1[0m _identify(rl_sar-main/src/rl_sar_zoo/d1_description) by extensions ['ros']
[0.911s] [34mcolcon.colcon_core.package_identification[0m [1;30mLevel 1[0m _identify(rl_sar-main/src/rl_sar_zoo/d1_description) by extension 'ros'
[0.913s] [34mcolcon.colcon_core.package_identification[0m [1;30mDEBUG[0m [32mPackage 'rl_sar-main/src/rl_sar_zoo/d1_description' with type 'ros.ament_cmake' and name 'd1_description'[0m
[0.913s] [34mcolcon.colcon_core.package_identification[0m [1;30mLevel 1[0m _identify(rl_sar-main/src/rl_sar_zoo/g1_description) by extensions ['ignore', 'ignore_ament_install']
[0.913s] [34mcolcon.colcon_core.package_identification[0m [1;30mLevel 1[0m _identify(rl_sar-main/src/rl_sar_zoo/g1_description) by extension 'ignore'
[0.914s] [34mcolcon.colcon_core.package_identification[0m [1;30mLevel 1[0m _identify(rl_sar-main/src/rl_sar_zoo/g1_description) by extension 'ignore_ament_install'
[0.914s] [34mcolcon.colcon_core.package_identification[0m [1;30mLevel 1[0m _identify(rl_sar-main/src/rl_sar_zoo/g1_description) by extensions ['colcon_pkg']
[0.914s] [34mcolcon.colcon_core.package_identification[0m [1;30mLevel 1[0m _identify(rl_sar-main/src/rl_sar_zoo/g1_description) by extension 'colcon_pkg'
[0.914s] [34mcolcon.colcon_core.package_identification[0m [1;30mLevel 1[0m _identify(rl_sar-main/src/rl_sar_zoo/g1_description) by extensions ['colcon_meta']
[0.914s] [34mcolcon.colcon_core.package_identification[0m [1;30mLevel 1[0m _identify(rl_sar-main/src/rl_sar_zoo/g1_description) by extension 'colcon_meta'
[0.914s] [34mcolcon.colcon_core.package_identification[0m [1;30mLevel 1[0m _identify(rl_sar-main/src/rl_sar_zoo/g1_description) by extensions ['ros']
[0.914s] [34mcolcon.colcon_core.package_identification[0m [1;30mLevel 1[0m _identify(rl_sar-main/src/rl_sar_zoo/g1_description) by extension 'ros'
[0.916s] [34mcolcon.colcon_core.package_identification[0m [1;30mDEBUG[0m [32mPackage 'rl_sar-main/src/rl_sar_zoo/g1_description' with type 'ros.ament_cmake' and name 'g1_description'[0m
[0.916s] [34mcolcon.colcon_core.package_identification[0m [1;30mLevel 1[0m _identify(rl_sar-main/src/rl_sar_zoo/go2_description) by extensions ['ignore', 'ignore_ament_install']
[0.916s] [34mcolcon.colcon_core.package_identification[0m [1;30mLevel 1[0m _identify(rl_sar-main/src/rl_sar_zoo/go2_description) by extension 'ignore'
[0.917s] [34mcolcon.colcon_core.package_identification[0m [1;30mLevel 1[0m _identify(rl_sar-main/src/rl_sar_zoo/go2_description) by extension 'ignore_ament_install'
[0.917s] [34mcolcon.colcon_core.package_identification[0m [1;30mLevel 1[0m _identify(rl_sar-main/src/rl_sar_zoo/go2_description) by extensions ['colcon_pkg']
[0.917s] [34mcolcon.colcon_core.package_identification[0m [1;30mLevel 1[0m _identify(rl_sar-main/src/rl_sar_zoo/go2_description) by extension 'colcon_pkg'
[0.917s] [34mcolcon.colcon_core.package_identification[0m [1;30mLevel 1[0m _identify(rl_sar-main/src/rl_sar_zoo/go2_description) by extensions ['colcon_meta']
[0.917s] [34mcolcon.colcon_core.package_identification[0m [1;30mLevel 1[0m _identify(rl_sar-main/src/rl_sar_zoo/go2_description) by extension 'colcon_meta'
[0.917s] [34mcolcon.colcon_core.package_identification[0m [1;30mLevel 1[0m _identify(rl_sar-main/src/rl_sar_zoo/go2_description) by extensions ['ros']
[0.917s] [34mcolcon.colcon_core.package_identification[0m [1;30mLevel 1[0m _identify(rl_sar-main/src/rl_sar_zoo/go2_description) by extension 'ros'
[0.919s] [34mcolcon.colcon_core.package_identification[0m [1;30mDEBUG[0m [32mPackage 'rl_sar-main/src/rl_sar_zoo/go2_description' with type 'ros.ament_cmake' and name 'go2_description'[0m
[0.919s] [34mcolcon.colcon_core.package_identification[0m [1;30mLevel 1[0m _identify(rl_sar-main/src/rl_sar_zoo/go2w_description) by extensions ['ignore', 'ignore_ament_install']
[0.919s] [34mcolcon.colcon_core.package_identification[0m [1;30mLevel 1[0m _identify(rl_sar-main/src/rl_sar_zoo/go2w_description) by extension 'ignore'
[0.919s] [34mcolcon.colcon_core.package_identification[0m [1;30mLevel 1[0m _identify(rl_sar-main/src/rl_sar_zoo/go2w_description) by extension 'ignore_ament_install'
[0.920s] [34mcolcon.colcon_core.package_identification[0m [1;30mLevel 1[0m _identify(rl_sar-main/src/rl_sar_zoo/go2w_description) by extensions ['colcon_pkg']
[0.920s] [34mcolcon.colcon_core.package_identification[0m [1;30mLevel 1[0m _identify(rl_sar-main/src/rl_sar_zoo/go2w_description) by extension 'colcon_pkg'
[0.920s] [34mcolcon.colcon_core.package_identification[0m [1;30mLevel 1[0m _identify(rl_sar-main/src/rl_sar_zoo/go2w_description) by extensions ['colcon_meta']
[0.920s] [34mcolcon.colcon_core.package_identification[0m [1;30mLevel 1[0m _identify(rl_sar-main/src/rl_sar_zoo/go2w_description) by extension 'colcon_meta'
[0.920s] [34mcolcon.colcon_core.package_identification[0m [1;30mLevel 1[0m _identify(rl_sar-main/src/rl_sar_zoo/go2w_description) by extensions ['ros']
[0.920s] [34mcolcon.colcon_core.package_identification[0m [1;30mLevel 1[0m _identify(rl_sar-main/src/rl_sar_zoo/go2w_description) by extension 'ros'
[0.922s] [34mcolcon.colcon_core.package_identification[0m [1;30mDEBUG[0m [32mPackage 'rl_sar-main/src/rl_sar_zoo/go2w_description' with type 'ros.ament_cmake' and name 'go2w_description'[0m
[0.922s] [34mcolcon.colcon_core.package_identification[0m [1;30mLevel 1[0m _identify(rl_sar-main/src/rl_sar_zoo/gr1t1_description) by extensions ['ignore', 'ignore_ament_install']
[0.922s] [34mcolcon.colcon_core.package_identification[0m [1;30mLevel 1[0m _identify(rl_sar-main/src/rl_sar_zoo/gr1t1_description) by extension 'ignore'
[0.923s] [34mcolcon.colcon_core.package_identification[0m [1;30mLevel 1[0m _identify(rl_sar-main/src/rl_sar_zoo/gr1t1_description) by extension 'ignore_ament_install'
[0.923s] [34mcolcon.colcon_core.package_identification[0m [1;30mLevel 1[0m _identify(rl_sar-main/src/rl_sar_zoo/gr1t1_description) by extensions ['colcon_pkg']
[0.923s] [34mcolcon.colcon_core.package_identification[0m [1;30mLevel 1[0m _identify(rl_sar-main/src/rl_sar_zoo/gr1t1_description) by extension 'colcon_pkg'
[0.923s] [34mcolcon.colcon_core.package_identification[0m [1;30mLevel 1[0m _identify(rl_sar-main/src/rl_sar_zoo/gr1t1_description) by extensions ['colcon_meta']
[0.923s] [34mcolcon.colcon_core.package_identification[0m [1;30mLevel 1[0m _identify(rl_sar-main/src/rl_sar_zoo/gr1t1_description) by extension 'colcon_meta'
[0.923s] [34mcolcon.colcon_core.package_identification[0m [1;30mLevel 1[0m _identify(rl_sar-main/src/rl_sar_zoo/gr1t1_description) by extensions ['ros']
[0.923s] [34mcolcon.colcon_core.package_identification[0m [1;30mLevel 1[0m _identify(rl_sar-main/src/rl_sar_zoo/gr1t1_description) by extension 'ros'
[0.925s] [34mcolcon.colcon_core.package_identification[0m [1;30mDEBUG[0m [32mPackage 'rl_sar-main/src/rl_sar_zoo/gr1t1_description' with type 'ros.ament_cmake' and name 'gr1t1_description'[0m
[0.925s] [34mcolcon.colcon_core.package_identification[0m [1;30mLevel 1[0m _identify(rl_sar-main/src/rl_sar_zoo/gr1t2_description) by extensions ['ignore', 'ignore_ament_install']
[0.925s] [34mcolcon.colcon_core.package_identification[0m [1;30mLevel 1[0m _identify(rl_sar-main/src/rl_sar_zoo/gr1t2_description) by extension 'ignore'
[0.926s] [34mcolcon.colcon_core.package_identification[0m [1;30mLevel 1[0m _identify(rl_sar-main/src/rl_sar_zoo/gr1t2_description) by extension 'ignore_ament_install'
[0.926s] [34mcolcon.colcon_core.package_identification[0m [1;30mLevel 1[0m _identify(rl_sar-main/src/rl_sar_zoo/gr1t2_description) by extensions ['colcon_pkg']
[0.926s] [34mcolcon.colcon_core.package_identification[0m [1;30mLevel 1[0m _identify(rl_sar-main/src/rl_sar_zoo/gr1t2_description) by extension 'colcon_pkg'
[0.926s] [34mcolcon.colcon_core.package_identification[0m [1;30mLevel 1[0m _identify(rl_sar-main/src/rl_sar_zoo/gr1t2_description) by extensions ['colcon_meta']
[0.926s] [34mcolcon.colcon_core.package_identification[0m [1;30mLevel 1[0m _identify(rl_sar-main/src/rl_sar_zoo/gr1t2_description) by extension 'colcon_meta'
[0.926s] [34mcolcon.colcon_core.package_identification[0m [1;30mLevel 1[0m _identify(rl_sar-main/src/rl_sar_zoo/gr1t2_description) by extensions ['ros']
[0.926s] [34mcolcon.colcon_core.package_identification[0m [1;30mLevel 1[0m _identify(rl_sar-main/src/rl_sar_zoo/gr1t2_description) by extension 'ros'
[0.928s] [34mcolcon.colcon_core.package_identification[0m [1;30mDEBUG[0m [32mPackage 'rl_sar-main/src/rl_sar_zoo/gr1t2_description' with type 'ros.ament_cmake' and name 'gr1t2_description'[0m
[0.928s] [34mcolcon.colcon_core.package_identification[0m [1;30mLevel 1[0m _identify(rl_sar-main/src/rl_sar_zoo/l4w4_description) by extensions ['ignore', 'ignore_ament_install']
[0.928s] [34mcolcon.colcon_core.package_identification[0m [1;30mLevel 1[0m _identify(rl_sar-main/src/rl_sar_zoo/l4w4_description) by extension 'ignore'
[0.928s] [34mcolcon.colcon_core.package_identification[0m [1;30mLevel 1[0m _identify(rl_sar-main/src/rl_sar_zoo/l4w4_description) by extension 'ignore_ament_install'
[0.929s] [34mcolcon.colcon_core.package_identification[0m [1;30mLevel 1[0m _identify(rl_sar-main/src/rl_sar_zoo/l4w4_description) by extensions ['colcon_pkg']
[0.929s] [34mcolcon.colcon_core.package_identification[0m [1;30mLevel 1[0m _identify(rl_sar-main/src/rl_sar_zoo/l4w4_description) by extension 'colcon_pkg'
[0.929s] [34mcolcon.colcon_core.package_identification[0m [1;30mLevel 1[0m _identify(rl_sar-main/src/rl_sar_zoo/l4w4_description) by extensions ['colcon_meta']
[0.929s] [34mcolcon.colcon_core.package_identification[0m [1;30mLevel 1[0m _identify(rl_sar-main/src/rl_sar_zoo/l4w4_description) by extension 'colcon_meta'
[0.929s] [34mcolcon.colcon_core.package_identification[0m [1;30mLevel 1[0m _identify(rl_sar-main/src/rl_sar_zoo/l4w4_description) by extensions ['ros']
[0.929s] [34mcolcon.colcon_core.package_identification[0m [1;30mLevel 1[0m _identify(rl_sar-main/src/rl_sar_zoo/l4w4_description) by extension 'ros'
[0.931s] [34mcolcon.colcon_core.package_identification[0m [1;30mDEBUG[0m [32mPackage 'rl_sar-main/src/rl_sar_zoo/l4w4_description' with type 'ros.ament_cmake' and name 'l4w4_description'[0m
[0.931s] [34mcolcon.colcon_core.package_identification[0m [1;30mLevel 1[0m _identify(rl_sar-main/src/rl_sar_zoo/lite3_description) by extensions ['ignore', 'ignore_ament_install']
[0.931s] [34mcolcon.colcon_core.package_identification[0m [1;30mLevel 1[0m _identify(rl_sar-main/src/rl_sar_zoo/lite3_description) by extension 'ignore'
[0.931s] [34mcolcon.colcon_core.package_identification[0m [1;30mLevel 1[0m _identify(rl_sar-main/src/rl_sar_zoo/lite3_description) by extension 'ignore_ament_install'
[0.932s] [34mcolcon.colcon_core.package_identification[0m [1;30mLevel 1[0m _identify(rl_sar-main/src/rl_sar_zoo/lite3_description) by extensions ['colcon_pkg']
[0.932s] [34mcolcon.colcon_core.package_identification[0m [1;30mLevel 1[0m _identify(rl_sar-main/src/rl_sar_zoo/lite3_description) by extension 'colcon_pkg'
[0.932s] [34mcolcon.colcon_core.package_identification[0m [1;30mLevel 1[0m _identify(rl_sar-main/src/rl_sar_zoo/lite3_description) by extensions ['colcon_meta']
[0.932s] [34mcolcon.colcon_core.package_identification[0m [1;30mLevel 1[0m _identify(rl_sar-main/src/rl_sar_zoo/lite3_description) by extension 'colcon_meta'
[0.932s] [34mcolcon.colcon_core.package_identification[0m [1;30mLevel 1[0m _identify(rl_sar-main/src/rl_sar_zoo/lite3_description) by extensions ['ros']
[0.932s] [34mcolcon.colcon_core.package_identification[0m [1;30mLevel 1[0m _identify(rl_sar-main/src/rl_sar_zoo/lite3_description) by extension 'ros'
[0.934s] [34mcolcon.colcon_core.package_identification[0m [1;30mDEBUG[0m [32mPackage 'rl_sar-main/src/rl_sar_zoo/lite3_description' with type 'ros.ament_cmake' and name 'lite3_description'[0m
[0.934s] [34mcolcon.colcon_core.package_identification[0m [1;30mLevel 1[0m _identify(rl_sar-main/src/rl_sar_zoo/tita_description) by extensions ['ignore', 'ignore_ament_install']
[0.934s] [34mcolcon.colcon_core.package_identification[0m [1;30mLevel 1[0m _identify(rl_sar-main/src/rl_sar_zoo/tita_description) by extension 'ignore'
[0.934s] [34mcolcon.colcon_core.package_identification[0m [1;30mLevel 1[0m _identify(rl_sar-main/src/rl_sar_zoo/tita_description) by extension 'ignore_ament_install'
[0.934s] [34mcolcon.colcon_core.package_identification[0m [1;30mLevel 1[0m _identify(rl_sar-main/src/rl_sar_zoo/tita_description) by extensions ['colcon_pkg']
[0.934s] [34mcolcon.colcon_core.package_identification[0m [1;30mLevel 1[0m _identify(rl_sar-main/src/rl_sar_zoo/tita_description) by extension 'colcon_pkg'
[0.935s] [34mcolcon.colcon_core.package_identification[0m [1;30mLevel 1[0m _identify(rl_sar-main/src/rl_sar_zoo/tita_description) by extensions ['colcon_meta']
[0.935s] [34mcolcon.colcon_core.package_identification[0m [1;30mLevel 1[0m _identify(rl_sar-main/src/rl_sar_zoo/tita_description) by extension 'colcon_meta'
[0.935s] [34mcolcon.colcon_core.package_identification[0m [1;30mLevel 1[0m _identify(rl_sar-main/src/rl_sar_zoo/tita_description) by extensions ['ros']
[0.935s] [34mcolcon.colcon_core.package_identification[0m [1;30mLevel 1[0m _identify(rl_sar-main/src/rl_sar_zoo/tita_description) by extension 'ros'
[0.936s] [34mcolcon.colcon_core.package_identification[0m [1;30mDEBUG[0m [32mPackage 'rl_sar-main/src/rl_sar_zoo/tita_description' with type 'ros.ament_cmake' and name 'tita_description'[0m
[0.937s] [34mcolcon.colcon_core.package_identification[0m [1;30mLevel 1[0m _identify(rl_sar-main/src/robot_joint_controller) by extensions ['ignore', 'ignore_ament_install']
[0.937s] [34mcolcon.colcon_core.package_identification[0m [1;30mLevel 1[0m _identify(rl_sar-main/src/robot_joint_controller) by extension 'ignore'
[0.937s] [34mcolcon.colcon_core.package_identification[0m [1;30mLevel 1[0m _identify(rl_sar-main/src/robot_joint_controller) by extension 'ignore_ament_install'
[0.938s] [34mcolcon.colcon_core.package_identification[0m [1;30mLevel 1[0m _identify(rl_sar-main/src/robot_joint_controller) by extensions ['colcon_pkg']
[0.938s] [34mcolcon.colcon_core.package_identification[0m [1;30mLevel 1[0m _identify(rl_sar-main/src/robot_joint_controller) by extension 'colcon_pkg'
[0.938s] [34mcolcon.colcon_core.package_identification[0m [1;30mLevel 1[0m _identify(rl_sar-main/src/robot_joint_controller) by extensions ['colcon_meta']
[0.938s] [34mcolcon.colcon_core.package_identification[0m [1;30mLevel 1[0m _identify(rl_sar-main/src/robot_joint_controller) by extension 'colcon_meta'
[0.938s] [34mcolcon.colcon_core.package_identification[0m [1;30mLevel 1[0m _identify(rl_sar-main/src/robot_joint_controller) by extensions ['ros']
[0.938s] [34mcolcon.colcon_core.package_identification[0m [1;30mLevel 1[0m _identify(rl_sar-main/src/robot_joint_controller) by extension 'ros'
[0.941s] [34mcolcon.colcon_core.package_identification[0m [1;30mDEBUG[0m [32mPackage 'rl_sar-main/src/robot_joint_controller' with type 'ros.ament_cmake' and name 'robot_joint_controller'[0m
[0.941s] [34mcolcon.colcon_core.package_identification[0m [1;30mLevel 1[0m _identify(rl_sar-main/src/robot_msgs) by extensions ['ignore', 'ignore_ament_install']
[0.941s] [34mcolcon.colcon_core.package_identification[0m [1;30mLevel 1[0m _identify(rl_sar-main/src/robot_msgs) by extension 'ignore'
[0.941s] [34mcolcon.colcon_core.package_identification[0m [1;30mLevel 1[0m _identify(rl_sar-main/src/robot_msgs) by extension 'ignore_ament_install'
[0.941s] [34mcolcon.colcon_core.package_identification[0m [1;30mLevel 1[0m _identify(rl_sar-main/src/robot_msgs) by extensions ['colcon_pkg']
[0.941s] [34mcolcon.colcon_core.package_identification[0m [1;30mLevel 1[0m _identify(rl_sar-main/src/robot_msgs) by extension 'colcon_pkg'
[0.942s] [34mcolcon.colcon_core.package_identification[0m [1;30mLevel 1[0m _identify(rl_sar-main/src/robot_msgs) by extensions ['colcon_meta']
[0.942s] [34mcolcon.colcon_core.package_identification[0m [1;30mLevel 1[0m _identify(rl_sar-main/src/robot_msgs) by extension 'colcon_meta'
[0.942s] [34mcolcon.colcon_core.package_identification[0m [1;30mLevel 1[0m _identify(rl_sar-main/src/robot_msgs) by extensions ['ros']
[0.942s] [34mcolcon.colcon_core.package_identification[0m [1;30mLevel 1[0m _identify(rl_sar-main/src/robot_msgs) by extension 'ros'
[0.943s] [34mcolcon.colcon_core.package_identification[0m [1;30mDEBUG[0m [32mPackage 'rl_sar-main/src/robot_msgs' with type 'ros.ament_cmake' and name 'robot_msgs'[0m
[0.943s] [34mcolcon.colcon_core.package_discovery[0m [1;30mLevel 1[0m discover_packages(recursive) using defaults
[0.943s] [34mcolcon.colcon_core.package_discovery[0m [1;30mLevel 1[0m discover_packages(ignore) discover
[0.943s] [34mcolcon.colcon_core.package_discovery[0m [1;30mLevel 1[0m discover_packages(ignore) using defaults
[0.944s] [34mcolcon.colcon_core.package_discovery[0m [1;30mLevel 1[0m discover_packages(path) discover
[0.944s] [34mcolcon.colcon_core.package_discovery[0m [1;30mLevel 1[0m discover_packages(path) using defaults
[0.985s] [34mcolcon.colcon_core.package_discovery[0m [1;30mLevel 1[0m discover_packages(prefix_path) check parameters
[0.985s] [34mcolcon.colcon_core.package_discovery[0m [1;30mLevel 1[0m discover_packages(prefix_path) discover
[0.990s] [34mcolcon.colcon_installed_package_information.package_discovery[0m [1;30mDEBUG[0m [32mFound 271 installed packages in /opt/ros/humble[0m
[0.994s] [34mcolcon.colcon_core.package_discovery[0m [1;30mLevel 1[0m discover_packages(prefix_path) using defaults
[1.075s] [34mcolcon.colcon_core.verb[0m [1;30mLevel 5[0m set package 'a1_description' build argument 'cmake_args' from command line to 'None'
[1.075s] [34mcolcon.colcon_core.verb[0m [1;30mLevel 5[0m set package 'a1_description' build argument 'cmake_target' from command line to 'None'
[1.076s] [34mcolcon.colcon_core.verb[0m [1;30mLevel 5[0m set package 'a1_description' build argument 'cmake_target_skip_unavailable' from command line to 'False'
[1.076s] [34mcolcon.colcon_core.verb[0m [1;30mLevel 5[0m set package 'a1_description' build argument 'cmake_clean_cache' from command line to 'False'
[1.076s] [34mcolcon.colcon_core.verb[0m [1;30mLevel 5[0m set package 'a1_description' build argument 'cmake_clean_first' from command line to 'False'
[1.076s] [34mcolcon.colcon_core.verb[0m [1;30mLevel 5[0m set package 'a1_description' build argument 'cmake_force_configure' from command line to 'False'
[1.076s] [34mcolcon.colcon_core.verb[0m [1;30mLevel 5[0m set package 'a1_description' build argument 'ament_cmake_args' from command line to 'None'
[1.076s] [34mcolcon.colcon_core.verb[0m [1;30mLevel 5[0m set package 'a1_description' build argument 'catkin_cmake_args' from command line to 'None'
[1.076s] [34mcolcon.colcon_core.verb[0m [1;30mLevel 5[0m set package 'a1_description' build argument 'catkin_skip_building_tests' from command line to 'False'
[1.076s] [34mcolcon.colcon_core.verb[0m [1;30mDEBUG[0m [32mBuilding package 'a1_description' with the following arguments: {'ament_cmake_args': None, 'build_base': '/home/nvidia/UIKA/build/a1_description', 'catkin_cmake_args': None, 'catkin_skip_building_tests': False, 'cmake_args': None, 'cmake_clean_cache': False, 'cmake_clean_first': False, 'cmake_force_configure': False, 'cmake_target': None, 'cmake_target_skip_unavailable': False, 'install_base': '/home/nvidia/UIKA/install/a1_description', 'merge_install': False, 'path': '/home/nvidia/UIKA/rl_sar-main/src/rl_sar_zoo/a1_description', 'symlink_install': False, 'test_result_base': None}[0m
[1.077s] [34mcolcon.colcon_core.verb[0m [1;30mLevel 5[0m set package 'b2_description' build argument 'cmake_args' from command line to 'None'
[1.077s] [34mcolcon.colcon_core.verb[0m [1;30mLevel 5[0m set package 'b2_description' build argument 'cmake_target' from command line to 'None'
[1.077s] [34mcolcon.colcon_core.verb[0m [1;30mLevel 5[0m set package 'b2_description' build argument 'cmake_target_skip_unavailable' from command line to 'False'
[1.077s] [34mcolcon.colcon_core.verb[0m [1;30mLevel 5[0m set package 'b2_description' build argument 'cmake_clean_cache' from command line to 'False'
[1.077s] [34mcolcon.colcon_core.verb[0m [1;30mLevel 5[0m set package 'b2_description' build argument 'cmake_clean_first' from command line to 'False'
[1.077s] [34mcolcon.colcon_core.verb[0m [1;30mLevel 5[0m set package 'b2_description' build argument 'cmake_force_configure' from command line to 'False'
[1.077s] [34mcolcon.colcon_core.verb[0m [1;30mLevel 5[0m set package 'b2_description' build argument 'ament_cmake_args' from command line to 'None'
[1.077s] [34mcolcon.colcon_core.verb[0m [1;30mLevel 5[0m set package 'b2_description' build argument 'catkin_cmake_args' from command line to 'None'
[1.077s] [34mcolcon.colcon_core.verb[0m [1;30mLevel 5[0m set package 'b2_description' build argument 'catkin_skip_building_tests' from command line to 'False'
[1.078s] [34mcolcon.colcon_core.verb[0m [1;30mDEBUG[0m [32mBuilding package 'b2_description' with the following arguments: {'ament_cmake_args': None, 'build_base': '/home/nvidia/UIKA/build/b2_description', 'catkin_cmake_args': None, 'catkin_skip_building_tests': False, 'cmake_args': None, 'cmake_clean_cache': False, 'cmake_clean_first': False, 'cmake_force_configure': False, 'cmake_target': None, 'cmake_target_skip_unavailable': False, 'install_base': '/home/nvidia/UIKA/install/b2_description', 'merge_install': False, 'path': '/home/nvidia/UIKA/rl_sar-main/src/rl_sar_zoo/b2_description', 'symlink_install': False, 'test_result_base': None}[0m
[1.078s] [34mcolcon.colcon_core.verb[0m [1;30mLevel 5[0m set package 'b2w_description' build argument 'cmake_args' from command line to 'None'
[1.078s] [34mcolcon.colcon_core.verb[0m [1;30mLevel 5[0m set package 'b2w_description' build argument 'cmake_target' from command line to 'None'
[1.078s] [34mcolcon.colcon_core.verb[0m [1;30mLevel 5[0m set package 'b2w_description' build argument 'cmake_target_skip_unavailable' from command line to 'False'
[1.078s] [34mcolcon.colcon_core.verb[0m [1;30mLevel 5[0m set package 'b2w_description' build argument 'cmake_clean_cache' from command line to 'False'
[1.078s] [34mcolcon.colcon_core.verb[0m [1;30mLevel 5[0m set package 'b2w_description' build argument 'cmake_clean_first' from command line to 'False'
[1.079s] [34mcolcon.colcon_core.verb[0m [1;30mLevel 5[0m set package 'b2w_description' build argument 'cmake_force_configure' from command line to 'False'
[1.079s] [34mcolcon.colcon_core.verb[0m [1;30mLevel 5[0m set package 'b2w_description' build argument 'ament_cmake_args' from command line to 'None'
[1.079s] [34mcolcon.colcon_core.verb[0m [1;30mLevel 5[0m set package 'b2w_description' build argument 'catkin_cmake_args' from command line to 'None'
[1.079s] [34mcolcon.colcon_core.verb[0m [1;30mLevel 5[0m set package 'b2w_description' build argument 'catkin_skip_building_tests' from command line to 'False'
[1.079s] [34mcolcon.colcon_core.verb[0m [1;30mDEBUG[0m [32mBuilding package 'b2w_description' with the following arguments: {'ament_cmake_args': None, 'build_base': '/home/nvidia/UIKA/build/b2w_description', 'catkin_cmake_args': None, 'catkin_skip_building_tests': False, 'cmake_args': None, 'cmake_clean_cache': False, 'cmake_clean_first': False, 'cmake_force_configure': False, 'cmake_target': None, 'cmake_target_skip_unavailable': False, 'install_base': '/home/nvidia/UIKA/install/b2w_description', 'merge_install': False, 'path': '/home/nvidia/UIKA/rl_sar-main/src/rl_sar_zoo/b2w_description', 'symlink_install': False, 'test_result_base': None}[0m
[1.080s] [34mcolcon.colcon_core.verb[0m [1;30mLevel 5[0m set package 'd1_description' build argument 'cmake_args' from command line to 'None'
[1.080s] [34mcolcon.colcon_core.verb[0m [1;30mLevel 5[0m set package 'd1_description' build argument 'cmake_target' from command line to 'None'
[1.080s] [34mcolcon.colcon_core.verb[0m [1;30mLevel 5[0m set package 'd1_description' build argument 'cmake_target_skip_unavailable' from command line to 'False'
[1.080s] [34mcolcon.colcon_core.verb[0m [1;30mLevel 5[0m set package 'd1_description' build argument 'cmake_clean_cache' from command line to 'False'
[1.080s] [34mcolcon.colcon_core.verb[0m [1;30mLevel 5[0m set package 'd1_description' build argument 'cmake_clean_first' from command line to 'False'
[1.080s] [34mcolcon.colcon_core.verb[0m [1;30mLevel 5[0m set package 'd1_description' build argument 'cmake_force_configure' from command line to 'False'
[1.080s] [34mcolcon.colcon_core.verb[0m [1;30mLevel 5[0m set package 'd1_description' build argument 'ament_cmake_args' from command line to 'None'
[1.080s] [34mcolcon.colcon_core.verb[0m [1;30mLevel 5[0m set package 'd1_description' build argument 'catkin_cmake_args' from command line to 'None'
[1.080s] [34mcolcon.colcon_core.verb[0m [1;30mLevel 5[0m set package 'd1_description' build argument 'catkin_skip_building_tests' from command line to 'False'
[1.080s] [34mcolcon.colcon_core.verb[0m [1;30mDEBUG[0m [32mBuilding package 'd1_description' with the following arguments: {'ament_cmake_args': None, 'build_base': '/home/nvidia/UIKA/build/d1_description', 'catkin_cmake_args': None, 'catkin_skip_building_tests': False, 'cmake_args': None, 'cmake_clean_cache': False, 'cmake_clean_first': False, 'cmake_force_configure': False, 'cmake_target': None, 'cmake_target_skip_unavailable': False, 'install_base': '/home/nvidia/UIKA/install/d1_description', 'merge_install': False, 'path': '/home/nvidia/UIKA/rl_sar-main/src/rl_sar_zoo/d1_description', 'symlink_install': False, 'test_result_base': None}[0m
[1.081s] [34mcolcon.colcon_core.verb[0m [1;30mLevel 5[0m set package 'description' build argument 'cmake_args' from command line to 'None'
[1.081s] [34mcolcon.colcon_core.verb[0m [1;30mLevel 5[0m set package 'description' build argument 'cmake_target' from command line to 'None'
[1.081s] [34mcolcon.colcon_core.verb[0m [1;30mLevel 5[0m set package 'description' build argument 'cmake_target_skip_unavailable' from command line to 'False'
[1.081s] [34mcolcon.colcon_core.verb[0m [1;30mLevel 5[0m set package 'description' build argument 'cmake_clean_cache' from command line to 'False'
[1.081s] [34mcolcon.colcon_core.verb[0m [1;30mLevel 5[0m set package 'description' build argument 'cmake_clean_first' from command line to 'False'
[1.081s] [34mcolcon.colcon_core.verb[0m [1;30mLevel 5[0m set package 'description' build argument 'cmake_force_configure' from command line to 'False'
[1.081s] [34mcolcon.colcon_core.verb[0m [1;30mLevel 5[0m set package 'description' build argument 'ament_cmake_args' from command line to 'None'
[1.081s] [34mcolcon.colcon_core.verb[0m [1;30mLevel 5[0m set package 'description' build argument 'catkin_cmake_args' from command line to 'None'
[1.081s] [34mcolcon.colcon_core.verb[0m [1;30mLevel 5[0m set package 'description' build argument 'catkin_skip_building_tests' from command line to 'False'
[1.081s] [34mcolcon.colcon_core.verb[0m [1;30mDEBUG[0m [32mBuilding package 'description' with the following arguments: {'ament_cmake_args': None, 'build_base': '/home/nvidia/UIKA/build/description', 'catkin_cmake_args': None, 'catkin_skip_building_tests': False, 'cmake_args': None, 'cmake_clean_cache': False, 'cmake_clean_first': False, 'cmake_force_configure': False, 'cmake_target': None, 'cmake_target_skip_unavailable': False, 'install_base': '/home/nvidia/UIKA/install/description', 'merge_install': False, 'path': '/home/nvidia/UIKA/Quadruped_Uika/src/description', 'symlink_install': False, 'test_result_base': None}[0m
[1.082s] [34mcolcon.colcon_core.verb[0m [1;30mLevel 5[0m set package 'dm_imu' build argument 'cmake_args' from command line to 'None'
[1.082s] [34mcolcon.colcon_core.verb[0m [1;30mLevel 5[0m set package 'dm_imu' build argument 'cmake_target' from command line to 'None'
[1.082s] [34mcolcon.colcon_core.verb[0m [1;30mLevel 5[0m set package 'dm_imu' build argument 'cmake_target_skip_unavailable' from command line to 'False'
[1.082s] [34mcolcon.colcon_core.verb[0m [1;30mLevel 5[0m set package 'dm_imu' build argument 'cmake_clean_cache' from command line to 'False'
[1.082s] [34mcolcon.colcon_core.verb[0m [1;30mLevel 5[0m set package 'dm_imu' build argument 'cmake_clean_first' from command line to 'False'
[1.082s] [34mcolcon.colcon_core.verb[0m [1;30mLevel 5[0m set package 'dm_imu' build argument 'cmake_force_configure' from command line to 'False'
[1.082s] [34mcolcon.colcon_core.verb[0m [1;30mLevel 5[0m set package 'dm_imu' build argument 'ament_cmake_args' from command line to 'None'
[1.083s] [34mcolcon.colcon_core.verb[0m [1;30mLevel 5[0m set package 'dm_imu' build argument 'catkin_cmake_args' from command line to 'None'
[1.083s] [34mcolcon.colcon_core.verb[0m [1;30mLevel 5[0m set package 'dm_imu' build argument 'catkin_skip_building_tests' from command line to 'False'
[1.083s] [34mcolcon.colcon_core.verb[0m [1;30mDEBUG[0m [32mBuilding package 'dm_imu' with the following arguments: {'ament_cmake_args': None, 'build_base': '/home/nvidia/UIKA/build/dm_imu', 'catkin_cmake_args': None, 'catkin_skip_building_tests': False, 'cmake_args': None, 'cmake_clean_cache': False, 'cmake_clean_first': False, 'cmake_force_configure': False, 'cmake_target': None, 'cmake_target_skip_unavailable': False, 'install_base': '/home/nvidia/UIKA/install/dm_imu', 'merge_install': False, 'path': '/home/nvidia/UIKA/Quadruped_Uika/src/imu', 'symlink_install': False, 'test_result_base': None}[0m
[1.083s] [34mcolcon.colcon_core.verb[0m [1;30mLevel 5[0m set package 'g1_description' build argument 'cmake_args' from command line to 'None'
[1.083s] [34mcolcon.colcon_core.verb[0m [1;30mLevel 5[0m set package 'g1_description' build argument 'cmake_target' from command line to 'None'
[1.084s] [34mcolcon.colcon_core.verb[0m [1;30mLevel 5[0m set package 'g1_description' build argument 'cmake_target_skip_unavailable' from command line to 'False'
[1.084s] [34mcolcon.colcon_core.verb[0m [1;30mLevel 5[0m set package 'g1_description' build argument 'cmake_clean_cache' from command line to 'False'
[1.084s] [34mcolcon.colcon_core.verb[0m [1;30mLevel 5[0m set package 'g1_description' build argument 'cmake_clean_first' from command line to 'False'
[1.084s] [34mcolcon.colcon_core.verb[0m [1;30mLevel 5[0m set package 'g1_description' build argument 'cmake_force_configure' from command line to 'False'
[1.084s] [34mcolcon.colcon_core.verb[0m [1;30mLevel 5[0m set package 'g1_description' build argument 'ament_cmake_args' from command line to 'None'
[1.084s] [34mcolcon.colcon_core.verb[0m [1;30mLevel 5[0m set package 'g1_description' build argument 'catkin_cmake_args' from command line to 'None'
[1.084s] [34mcolcon.colcon_core.verb[0m [1;30mLevel 5[0m set package 'g1_description' build argument 'catkin_skip_building_tests' from command line to 'False'
[1.084s] [34mcolcon.colcon_core.verb[0m [1;30mDEBUG[0m [32mBuilding package 'g1_description' with the following arguments: {'ament_cmake_args': None, 'build_base': '/home/nvidia/UIKA/build/g1_description', 'catkin_cmake_args': None, 'catkin_skip_building_tests': False, 'cmake_args': None, 'cmake_clean_cache': False, 'cmake_clean_first': False, 'cmake_force_configure': False, 'cmake_target': None, 'cmake_target_skip_unavailable': False, 'install_base': '/home/nvidia/UIKA/install/g1_description', 'merge_install': False, 'path': '/home/nvidia/UIKA/rl_sar-main/src/rl_sar_zoo/g1_description', 'symlink_install': False, 'test_result_base': None}[0m
[1.085s] [34mcolcon.colcon_core.verb[0m [1;30mLevel 5[0m set package 'go2_description' build argument 'cmake_args' from command line to 'None'
[1.085s] [34mcolcon.colcon_core.verb[0m [1;30mLevel 5[0m set package 'go2_description' build argument 'cmake_target' from command line to 'None'
[1.085s] [34mcolcon.colcon_core.verb[0m [1;30mLevel 5[0m set package 'go2_description' build argument 'cmake_target_skip_unavailable' from command line to 'False'
[1.085s] [34mcolcon.colcon_core.verb[0m [1;30mLevel 5[0m set package 'go2_description' build argument 'cmake_clean_cache' from command line to 'False'
[1.085s] [34mcolcon.colcon_core.verb[0m [1;30mLevel 5[0m set package 'go2_description' build argument 'cmake_clean_first' from command line to 'False'
[1.085s] [34mcolcon.colcon_core.verb[0m [1;30mLevel 5[0m set package 'go2_description' build argument 'cmake_force_configure' from command line to 'False'
[1.085s] [34mcolcon.colcon_core.verb[0m [1;30mLevel 5[0m set package 'go2_description' build argument 'ament_cmake_args' from command line to 'None'
[1.085s] [34mcolcon.colcon_core.verb[0m [1;30mLevel 5[0m set package 'go2_description' build argument 'catkin_cmake_args' from command line to 'None'
[1.085s] [34mcolcon.colcon_core.verb[0m [1;30mLevel 5[0m set package 'go2_description' build argument 'catkin_skip_building_tests' from command line to 'False'
[1.085s] [34mcolcon.colcon_core.verb[0m [1;30mDEBUG[0m [32mBuilding package 'go2_description' with the following arguments: {'ament_cmake_args': None, 'build_base': '/home/nvidia/UIKA/build/go2_description', 'catkin_cmake_args': None, 'catkin_skip_building_tests': False, 'cmake_args': None, 'cmake_clean_cache': False, 'cmake_clean_first': False, 'cmake_force_configure': False, 'cmake_target': None, 'cmake_target_skip_unavailable': False, 'install_base': '/home/nvidia/UIKA/install/go2_description', 'merge_install': False, 'path': '/home/nvidia/UIKA/rl_sar-main/src/rl_sar_zoo/go2_description', 'symlink_install': False, 'test_result_base': None}[0m
[1.086s] [34mcolcon.colcon_core.verb[0m [1;30mLevel 5[0m set package 'go2w_description' build argument 'cmake_args' from command line to 'None'
[1.086s] [34mcolcon.colcon_core.verb[0m [1;30mLevel 5[0m set package 'go2w_description' build argument 'cmake_target' from command line to 'None'
[1.086s] [34mcolcon.colcon_core.verb[0m [1;30mLevel 5[0m set package 'go2w_description' build argument 'cmake_target_skip_unavailable' from command line to 'False'
[1.086s] [34mcolcon.colcon_core.verb[0m [1;30mLevel 5[0m set package 'go2w_description' build argument 'cmake_clean_cache' from command line to 'False'
[1.086s] [34mcolcon.colcon_core.verb[0m [1;30mLevel 5[0m set package 'go2w_description' build argument 'cmake_clean_first' from command line to 'False'
[1.086s] [34mcolcon.colcon_core.verb[0m [1;30mLevel 5[0m set package 'go2w_description' build argument 'cmake_force_configure' from command line to 'False'
[1.086s] [34mcolcon.colcon_core.verb[0m [1;30mLevel 5[0m set package 'go2w_description' build argument 'ament_cmake_args' from command line to 'None'
[1.086s] [34mcolcon.colcon_core.verb[0m [1;30mLevel 5[0m set package 'go2w_description' build argument 'catkin_cmake_args' from command line to 'None'
[1.086s] [34mcolcon.colcon_core.verb[0m [1;30mLevel 5[0m set package 'go2w_description' build argument 'catkin_skip_building_tests' from command line to 'False'
[1.087s] [34mcolcon.colcon_core.verb[0m [1;30mDEBUG[0m [32mBuilding package 'go2w_description' with the following arguments: {'ament_cmake_args': None, 'build_base': '/home/nvidia/UIKA/build/go2w_description', 'catkin_cmake_args': None, 'catkin_skip_building_tests': False, 'cmake_args': None, 'cmake_clean_cache': False, 'cmake_clean_first': False, 'cmake_force_configure': False, 'cmake_target': None, 'cmake_target_skip_unavailable': False, 'install_base': '/home/nvidia/UIKA/install/go2w_description', 'merge_install': False, 'path': '/home/nvidia/UIKA/rl_sar-main/src/rl_sar_zoo/go2w_description', 'symlink_install': False, 'test_result_base': None}[0m
[1.087s] [34mcolcon.colcon_core.verb[0m [1;30mLevel 5[0m set package 'gr1t1_description' build argument 'cmake_args' from command line to 'None'
[1.087s] [34mcolcon.colcon_core.verb[0m [1;30mLevel 5[0m set package 'gr1t1_description' build argument 'cmake_target' from command line to 'None'
[1.087s] [34mcolcon.colcon_core.verb[0m [1;30mLevel 5[0m set package 'gr1t1_description' build argument 'cmake_target_skip_unavailable' from command line to 'False'
[1.087s] [34mcolcon.colcon_core.verb[0m [1;30mLevel 5[0m set package 'gr1t1_description' build argument 'cmake_clean_cache' from command line to 'False'
[1.087s] [34mcolcon.colcon_core.verb[0m [1;30mLevel 5[0m set package 'gr1t1_description' build argument 'cmake_clean_first' from command line to 'False'
[1.088s] [34mcolcon.colcon_core.verb[0m [1;30mLevel 5[0m set package 'gr1t1_description' build argument 'cmake_force_configure' from command line to 'False'
[1.088s] [34mcolcon.colcon_core.verb[0m [1;30mLevel 5[0m set package 'gr1t1_description' build argument 'ament_cmake_args' from command line to 'None'
[1.088s] [34mcolcon.colcon_core.verb[0m [1;30mLevel 5[0m set package 'gr1t1_description' build argument 'catkin_cmake_args' from command line to 'None'
[1.088s] [34mcolcon.colcon_core.verb[0m [1;30mLevel 5[0m set package 'gr1t1_description' build argument 'catkin_skip_building_tests' from command line to 'False'
[1.088s] [34mcolcon.colcon_core.verb[0m [1;30mDEBUG[0m [32mBuilding package 'gr1t1_description' with the following arguments: {'ament_cmake_args': None, 'build_base': '/home/nvidia/UIKA/build/gr1t1_description', 'catkin_cmake_args': None, 'catkin_skip_building_tests': False, 'cmake_args': None, 'cmake_clean_cache': False, 'cmake_clean_first': False, 'cmake_force_configure': False, 'cmake_target': None, 'cmake_target_skip_unavailable': False, 'install_base': '/home/nvidia/UIKA/install/gr1t1_description', 'merge_install': False, 'path': '/home/nvidia/UIKA/rl_sar-main/src/rl_sar_zoo/gr1t1_description', 'symlink_install': False, 'test_result_base': None}[0m
[1.088s] [34mcolcon.colcon_core.verb[0m [1;30mLevel 5[0m set package 'gr1t2_description' build argument 'cmake_args' from command line to 'None'
[1.089s] [34mcolcon.colcon_core.verb[0m [1;30mLevel 5[0m set package 'gr1t2_description' build argument 'cmake_target' from command line to 'None'
[1.089s] [34mcolcon.colcon_core.verb[0m [1;30mLevel 5[0m set package 'gr1t2_description' build argument 'cmake_target_skip_unavailable' from command line to 'False'
[1.089s] [34mcolcon.colcon_core.verb[0m [1;30mLevel 5[0m set package 'gr1t2_description' build argument 'cmake_clean_cache' from command line to 'False'
[1.089s] [34mcolcon.colcon_core.verb[0m [1;30mLevel 5[0m set package 'gr1t2_description' build argument 'cmake_clean_first' from command line to 'False'
[1.089s] [34mcolcon.colcon_core.verb[0m [1;30mLevel 5[0m set package 'gr1t2_description' build argument 'cmake_force_configure' from command line to 'False'
[1.089s] [34mcolcon.colcon_core.verb[0m [1;30mLevel 5[0m set package 'gr1t2_description' build argument 'ament_cmake_args' from command line to 'None'
[1.089s] [34mcolcon.colcon_core.verb[0m [1;30mLevel 5[0m set package 'gr1t2_description' build argument 'catkin_cmake_args' from command line to 'None'
[1.089s] [34mcolcon.colcon_core.verb[0m [1;30mLevel 5[0m set package 'gr1t2_description' build argument 'catkin_skip_building_tests' from command line to 'False'
[1.089s] [34mcolcon.colcon_core.verb[0m [1;30mDEBUG[0m [32mBuilding package 'gr1t2_description' with the following arguments: {'ament_cmake_args': None, 'build_base': '/home/nvidia/UIKA/build/gr1t2_description', 'catkin_cmake_args': None, 'catkin_skip_building_tests': False, 'cmake_args': None, 'cmake_clean_cache': False, 'cmake_clean_first': False, 'cmake_force_configure': False, 'cmake_target': None, 'cmake_target_skip_unavailable': False, 'install_base': '/home/nvidia/UIKA/install/gr1t2_description', 'merge_install': False, 'path': '/home/nvidia/UIKA/rl_sar-main/src/rl_sar_zoo/gr1t2_description', 'symlink_install': False, 'test_result_base': None}[0m
[1.090s] [34mcolcon.colcon_core.verb[0m [1;30mLevel 5[0m set package 'interfaces' build argument 'cmake_args' from command line to 'None'
[1.090s] [34mcolcon.colcon_core.verb[0m [1;30mLevel 5[0m set package 'interfaces' build argument 'cmake_target' from command line to 'None'
[1.090s] [34mcolcon.colcon_core.verb[0m [1;30mLevel 5[0m set package 'interfaces' build argument 'cmake_target_skip_unavailable' from command line to 'False'
[1.090s] [34mcolcon.colcon_core.verb[0m [1;30mLevel 5[0m set package 'interfaces' build argument 'cmake_clean_cache' from command line to 'False'
[1.090s] [34mcolcon.colcon_core.verb[0m [1;30mLevel 5[0m set package 'interfaces' build argument 'cmake_clean_first' from command line to 'False'
[1.090s] [34mcolcon.colcon_core.verb[0m [1;30mLevel 5[0m set package 'interfaces' build argument 'cmake_force_configure' from command line to 'False'
[1.090s] [34mcolcon.colcon_core.verb[0m [1;30mLevel 5[0m set package 'interfaces' build argument 'ament_cmake_args' from command line to 'None'
[1.090s] [34mcolcon.colcon_core.verb[0m [1;30mLevel 5[0m set package 'interfaces' build argument 'catkin_cmake_args' from command line to 'None'
[1.090s] [34mcolcon.colcon_core.verb[0m [1;30mLevel 5[0m set package 'interfaces' build argument 'catkin_skip_building_tests' from command line to 'False'
[1.090s] [34mcolcon.colcon_core.verb[0m [1;30mDEBUG[0m [32mBuilding package 'interfaces' with the following arguments: {'ament_cmake_args': None, 'build_base': '/home/nvidia/UIKA/build/interfaces', 'catkin_cmake_args': None, 'catkin_skip_building_tests': False, 'cmake_args': None, 'cmake_clean_cache': False, 'cmake_clean_first': False, 'cmake_force_configure': False, 'cmake_target': None, 'cmake_target_skip_unavailable': False, 'install_base': '/home/nvidia/UIKA/install/interfaces', 'merge_install': False, 'path': '/home/nvidia/UIKA/Quadruped_Uika/src/interfaces', 'symlink_install': False, 'test_result_base': None}[0m
[1.091s] [34mcolcon.colcon_core.verb[0m [1;30mLevel 5[0m set package 'l4w4_description' build argument 'cmake_args' from command line to 'None'
[1.091s] [34mcolcon.colcon_core.verb[0m [1;30mLevel 5[0m set package 'l4w4_description' build argument 'cmake_target' from command line to 'None'
[1.091s] [34mcolcon.colcon_core.verb[0m [1;30mLevel 5[0m set package 'l4w4_description' build argument 'cmake_target_skip_unavailable' from command line to 'False'
[1.091s] [34mcolcon.colcon_core.verb[0m [1;30mLevel 5[0m set package 'l4w4_description' build argument 'cmake_clean_cache' from command line to 'False'
[1.091s] [34mcolcon.colcon_core.verb[0m [1;30mLevel 5[0m set package 'l4w4_description' build argument 'cmake_clean_first' from command line to 'False'
[1.091s] [34mcolcon.colcon_core.verb[0m [1;30mLevel 5[0m set package 'l4w4_description' build argument 'cmake_force_configure' from command line to 'False'
[1.091s] [34mcolcon.colcon_core.verb[0m [1;30mLevel 5[0m set package 'l4w4_description' build argument 'ament_cmake_args' from command line to 'None'
[1.091s] [34mcolcon.colcon_core.verb[0m [1;30mLevel 5[0m set package 'l4w4_description' build argument 'catkin_cmake_args' from command line to 'None'
[1.091s] [34mcolcon.colcon_core.verb[0m [1;30mLevel 5[0m set package 'l4w4_description' build argument 'catkin_skip_building_tests' from command line to 'False'
[1.092s] [34mcolcon.colcon_core.verb[0m [1;30mDEBUG[0m [32mBuilding package 'l4w4_description' with the following arguments: {'ament_cmake_args': None, 'build_base': '/home/nvidia/UIKA/build/l4w4_description', 'catkin_cmake_args': None, 'catkin_skip_building_tests': False, 'cmake_args': None, 'cmake_clean_cache': False, 'cmake_clean_first': False, 'cmake_force_configure': False, 'cmake_target': None, 'cmake_target_skip_unavailable': False, 'install_base': '/home/nvidia/UIKA/install/l4w4_description', 'merge_install': False, 'path': '/home/nvidia/UIKA/rl_sar-main/src/rl_sar_zoo/l4w4_description', 'symlink_install': False, 'test_result_base': None}[0m
[1.092s] [34mcolcon.colcon_core.verb[0m [1;30mLevel 5[0m set package 'lite3_description' build argument 'cmake_args' from command line to 'None'
[1.092s] [34mcolcon.colcon_core.verb[0m [1;30mLevel 5[0m set package 'lite3_description' build argument 'cmake_target' from command line to 'None'
[1.092s] [34mcolcon.colcon_core.verb[0m [1;30mLevel 5[0m set package 'lite3_description' build argument 'cmake_target_skip_unavailable' from command line to 'False'
[1.092s] [34mcolcon.colcon_core.verb[0m [1;30mLevel 5[0m set package 'lite3_description' build argument 'cmake_clean_cache' from command line to 'False'
[1.093s] [34mcolcon.colcon_core.verb[0m [1;30mLevel 5[0m set package 'lite3_description' build argument 'cmake_clean_first' from command line to 'False'
[1.093s] [34mcolcon.colcon_core.verb[0m [1;30mLevel 5[0m set package 'lite3_description' build argument 'cmake_force_configure' from command line to 'False'
[1.093s] [34mcolcon.colcon_core.verb[0m [1;30mLevel 5[0m set package 'lite3_description' build argument 'ament_cmake_args' from command line to 'None'
[1.093s] [34mcolcon.colcon_core.verb[0m [1;30mLevel 5[0m set package 'lite3_description' build argument 'catkin_cmake_args' from command line to 'None'
[1.093s] [34mcolcon.colcon_core.verb[0m [1;30mLevel 5[0m set package 'lite3_description' build argument 'catkin_skip_building_tests' from command line to 'False'
[1.093s] [34mcolcon.colcon_core.verb[0m [1;30mDEBUG[0m [32mBuilding package 'lite3_description' with the following arguments: {'ament_cmake_args': None, 'build_base': '/home/nvidia/UIKA/build/lite3_description', 'catkin_cmake_args': None, 'catkin_skip_building_tests': False, 'cmake_args': None, 'cmake_clean_cache': False, 'cmake_clean_first': False, 'cmake_force_configure': False, 'cmake_target': None, 'cmake_target_skip_unavailable': False, 'install_base': '/home/nvidia/UIKA/install/lite3_description', 'merge_install': False, 'path': '/home/nvidia/UIKA/rl_sar-main/src/rl_sar_zoo/lite3_description', 'symlink_install': False, 'test_result_base': None}[0m
[1.093s] [34mcolcon.colcon_core.verb[0m [1;30mLevel 5[0m set package 'main_control' build argument 'cmake_args' from command line to 'None'
[1.094s] [34mcolcon.colcon_core.verb[0m [1;30mLevel 5[0m set package 'main_control' build argument 'cmake_target' from command line to 'None'
[1.094s] [34mcolcon.colcon_core.verb[0m [1;30mLevel 5[0m set package 'main_control' build argument 'cmake_target_skip_unavailable' from command line to 'False'
[1.094s] [34mcolcon.colcon_core.verb[0m [1;30mLevel 5[0m set package 'main_control' build argument 'cmake_clean_cache' from command line to 'False'
[1.094s] [34mcolcon.colcon_core.verb[0m [1;30mLevel 5[0m set package 'main_control' build argument 'cmake_clean_first' from command line to 'False'
[1.094s] [34mcolcon.colcon_core.verb[0m [1;30mLevel 5[0m set package 'main_control' build argument 'cmake_force_configure' from command line to 'False'
[1.094s] [34mcolcon.colcon_core.verb[0m [1;30mLevel 5[0m set package 'main_control' build argument 'ament_cmake_args' from command line to 'None'
[1.094s] [34mcolcon.colcon_core.verb[0m [1;30mLevel 5[0m set package 'main_control' build argument 'catkin_cmake_args' from command line to 'None'
[1.094s] [34mcolcon.colcon_core.verb[0m [1;30mLevel 5[0m set package 'main_control' build argument 'catkin_skip_building_tests' from command line to 'False'
[1.094s] [34mcolcon.colcon_core.verb[0m [1;30mDEBUG[0m [32mBuilding package 'main_control' with the following arguments: {'ament_cmake_args': None, 'build_base': '/home/nvidia/UIKA/build/main_control', 'catkin_cmake_args': None, 'catkin_skip_building_tests': False, 'cmake_args': None, 'cmake_clean_cache': False, 'cmake_clean_first': False, 'cmake_force_configure': False, 'cmake_target': None, 'cmake_target_skip_unavailable': False, 'install_base': '/home/nvidia/UIKA/install/main_control', 'merge_install': False, 'path': '/home/nvidia/UIKA/Quadruped_Uika/src/main_control', 'symlink_install': False, 'test_result_base': None}[0m
[1.095s] [34mcolcon.colcon_core.verb[0m [1;30mLevel 5[0m set package 'robot_msgs' build argument 'cmake_args' from command line to 'None'
[1.095s] [34mcolcon.colcon_core.verb[0m [1;30mLevel 5[0m set package 'robot_msgs' build argument 'cmake_target' from command line to 'None'
[1.095s] [34mcolcon.colcon_core.verb[0m [1;30mLevel 5[0m set package 'robot_msgs' build argument 'cmake_target_skip_unavailable' from command line to 'False'
[1.095s] [34mcolcon.colcon_core.verb[0m [1;30mLevel 5[0m set package 'robot_msgs' build argument 'cmake_clean_cache' from command line to 'False'
[1.095s] [34mcolcon.colcon_core.verb[0m [1;30mLevel 5[0m set package 'robot_msgs' build argument 'cmake_clean_first' from command line to 'False'
[1.095s] [34mcolcon.colcon_core.verb[0m [1;30mLevel 5[0m set package 'robot_msgs' build argument 'cmake_force_configure' from command line to 'False'
[1.095s] [34mcolcon.colcon_core.verb[0m [1;30mLevel 5[0m set package 'robot_msgs' build argument 'ament_cmake_args' from command line to 'None'
[1.095s] [34mcolcon.colcon_core.verb[0m [1;30mLevel 5[0m set package 'robot_msgs' build argument 'catkin_cmake_args' from command line to 'None'
[1.095s] [34mcolcon.colcon_core.verb[0m [1;30mLevel 5[0m set package 'robot_msgs' build argument 'catkin_skip_building_tests' from command line to 'False'
[1.095s] [34mcolcon.colcon_core.verb[0m [1;30mDEBUG[0m [32mBuilding package 'robot_msgs' with the following arguments: {'ament_cmake_args': None, 'build_base': '/home/nvidia/UIKA/build/robot_msgs', 'catkin_cmake_args': None, 'catkin_skip_building_tests': False, 'cmake_args': None, 'cmake_clean_cache': False, 'cmake_clean_first': False, 'cmake_force_configure': False, 'cmake_target': None, 'cmake_target_skip_unavailable': False, 'install_base': '/home/nvidia/UIKA/install/robot_msgs', 'merge_install': False, 'path': '/home/nvidia/UIKA/rl_sar-main/src/robot_msgs', 'symlink_install': False, 'test_result_base': None}[0m
[1.096s] [34mcolcon.colcon_core.verb[0m [1;30mLevel 5[0m set package 'tita_description' build argument 'cmake_args' from command line to 'None'
[1.096s] [34mcolcon.colcon_core.verb[0m [1;30mLevel 5[0m set package 'tita_description' build argument 'cmake_target' from command line to 'None'
[1.096s] [34mcolcon.colcon_core.verb[0m [1;30mLevel 5[0m set package 'tita_description' build argument 'cmake_target_skip_unavailable' from command line to 'False'
[1.096s] [34mcolcon.colcon_core.verb[0m [1;30mLevel 5[0m set package 'tita_description' build argument 'cmake_clean_cache' from command line to 'False'
[1.096s] [34mcolcon.colcon_core.verb[0m [1;30mLevel 5[0m set package 'tita_description' build argument 'cmake_clean_first' from command line to 'False'
[1.096s] [34mcolcon.colcon_core.verb[0m [1;30mLevel 5[0m set package 'tita_description' build argument 'cmake_force_configure' from command line to 'False'
[1.096s] [34mcolcon.colcon_core.verb[0m [1;30mLevel 5[0m set package 'tita_description' build argument 'ament_cmake_args' from command line to 'None'
[1.096s] [34mcolcon.colcon_core.verb[0m [1;30mLevel 5[0m set package 'tita_description' build argument 'catkin_cmake_args' from command line to 'None'
[1.096s] [34mcolcon.colcon_core.verb[0m [1;30mLevel 5[0m set package 'tita_description' build argument 'catkin_skip_building_tests' from command line to 'False'
[1.097s] [34mcolcon.colcon_core.verb[0m [1;30mDEBUG[0m [32mBuilding package 'tita_description' with the following arguments: {'ament_cmake_args': None, 'build_base': '/home/nvidia/UIKA/build/tita_description', 'catkin_cmake_args': None, 'catkin_skip_building_tests': False, 'cmake_args': None, 'cmake_clean_cache': False, 'cmake_clean_first': False, 'cmake_force_configure': False, 'cmake_target': None, 'cmake_target_skip_unavailable': False, 'install_base': '/home/nvidia/UIKA/install/tita_description', 'merge_install': False, 'path': '/home/nvidia/UIKA/rl_sar-main/src/rl_sar_zoo/tita_description', 'symlink_install': False, 'test_result_base': None}[0m
[1.097s] [34mcolcon.colcon_core.verb[0m [1;30mLevel 5[0m set package 'xbox' build argument 'cmake_args' from command line to 'None'
[1.097s] [34mcolcon.colcon_core.verb[0m [1;30mLevel 5[0m set package 'xbox' build argument 'cmake_target' from command line to 'None'
[1.097s] [34mcolcon.colcon_core.verb[0m [1;30mLevel 5[0m set package 'xbox' build argument 'cmake_target_skip_unavailable' from command line to 'False'
[1.097s] [34mcolcon.colcon_core.verb[0m [1;30mLevel 5[0m set package 'xbox' build argument 'cmake_clean_cache' from command line to 'False'
[1.097s] [34mcolcon.colcon_core.verb[0m [1;30mLevel 5[0m set package 'xbox' build argument 'cmake_clean_first' from command line to 'False'
[1.098s] [34mcolcon.colcon_core.verb[0m [1;30mLevel 5[0m set package 'xbox' build argument 'cmake_force_configure' from command line to 'False'
[1.098s] [34mcolcon.colcon_core.verb[0m [1;30mLevel 5[0m set package 'xbox' build argument 'ament_cmake_args' from command line to 'None'
[1.098s] [34mcolcon.colcon_core.verb[0m [1;30mLevel 5[0m set package 'xbox' build argument 'catkin_cmake_args' from command line to 'None'
[1.098s] [34mcolcon.colcon_core.verb[0m [1;30mLevel 5[0m set package 'xbox' build argument 'catkin_skip_building_tests' from command line to 'False'
[1.098s] [34mcolcon.colcon_core.verb[0m [1;30mDEBUG[0m [32mBuilding package 'xbox' with the following arguments: {'ament_cmake_args': None, 'build_base': '/home/nvidia/UIKA/build/xbox', 'catkin_cmake_args': None, 'catkin_skip_building_tests': False, 'cmake_args': None, 'cmake_clean_cache': False, 'cmake_clean_first': False, 'cmake_force_configure': False, 'cmake_target': None, 'cmake_target_skip_unavailable': False, 'install_base': '/home/nvidia/UIKA/install/xbox', 'merge_install': False, 'path': '/home/nvidia/UIKA/Quadruped_Uika/src/xbox', 'symlink_install': False, 'test_result_base': None}[0m
[1.098s] [34mcolcon.colcon_core.verb[0m [1;30mLevel 5[0m set package 'estimation' build argument 'cmake_args' from command line to 'None'
[1.099s] [34mcolcon.colcon_core.verb[0m [1;30mLevel 5[0m set package 'estimation' build argument 'cmake_target' from command line to 'None'
[1.099s] [34mcolcon.colcon_core.verb[0m [1;30mLevel 5[0m set package 'estimation' build argument 'cmake_target_skip_unavailable' from command line to 'False'
[1.099s] [34mcolcon.colcon_core.verb[0m [1;30mLevel 5[0m set package 'estimation' build argument 'cmake_clean_cache' from command line to 'False'
[1.099s] [34mcolcon.colcon_core.verb[0m [1;30mLevel 5[0m set package 'estimation' build argument 'cmake_clean_first' from command line to 'False'
[1.099s] [34mcolcon.colcon_core.verb[0m [1;30mLevel 5[0m set package 'estimation' build argument 'cmake_force_configure' from command line to 'False'
[1.099s] [34mcolcon.colcon_core.verb[0m [1;30mLevel 5[0m set package 'estimation' build argument 'ament_cmake_args' from command line to 'None'
[1.099s] [34mcolcon.colcon_core.verb[0m [1;30mLevel 5[0m set package 'estimation' build argument 'catkin_cmake_args' from command line to 'None'
[1.099s] [34mcolcon.colcon_core.verb[0m [1;30mLevel 5[0m set package 'estimation' build argument 'catkin_skip_building_tests' from command line to 'False'
[1.099s] [34mcolcon.colcon_core.verb[0m [1;30mDEBUG[0m [32mBuilding package 'estimation' with the following arguments: {'ament_cmake_args': None, 'build_base': '/home/nvidia/UIKA/build/estimation', 'catkin_cmake_args': None, 'catkin_skip_building_tests': False, 'cmake_args': None, 'cmake_clean_cache': False, 'cmake_clean_first': False, 'cmake_force_configure': False, 'cmake_target': None, 'cmake_target_skip_unavailable': False, 'install_base': '/home/nvidia/UIKA/install/estimation', 'merge_install': False, 'path': '/home/nvidia/UIKA/Quadruped_Uika/src/estimation', 'symlink_install': False, 'test_result_base': None}[0m
[1.100s] [34mcolcon.colcon_core.verb[0m [1;30mLevel 5[0m set package 'robot_joint_controller' build argument 'cmake_args' from command line to 'None'
[1.100s] [34mcolcon.colcon_core.verb[0m [1;30mLevel 5[0m set package 'robot_joint_controller' build argument 'cmake_target' from command line to 'None'
[1.100s] [34mcolcon.colcon_core.verb[0m [1;30mLevel 5[0m set package 'robot_joint_controller' build argument 'cmake_target_skip_unavailable' from command line to 'False'
[1.100s] [34mcolcon.colcon_core.verb[0m [1;30mLevel 5[0m set package 'robot_joint_controller' build argument 'cmake_clean_cache' from command line to 'False'
[1.100s] [34mcolcon.colcon_core.verb[0m [1;30mLevel 5[0m set package 'robot_joint_controller' build argument 'cmake_clean_first' from command line to 'False'
[1.100s] [34mcolcon.colcon_core.verb[0m [1;30mLevel 5[0m set package 'robot_joint_controller' build argument 'cmake_force_configure' from command line to 'False'
[1.100s] [34mcolcon.colcon_core.verb[0m [1;30mLevel 5[0m set package 'robot_joint_controller' build argument 'ament_cmake_args' from command line to 'None'
[1.100s] [34mcolcon.colcon_core.verb[0m [1;30mLevel 5[0m set package 'robot_joint_controller' build argument 'catkin_cmake_args' from command line to 'None'
[1.100s] [34mcolcon.colcon_core.verb[0m [1;30mLevel 5[0m set package 'robot_joint_controller' build argument 'catkin_skip_building_tests' from command line to 'False'
[1.100s] [34mcolcon.colcon_core.verb[0m [1;30mDEBUG[0m [32mBuilding package 'robot_joint_controller' with the following arguments: {'ament_cmake_args': None, 'build_base': '/home/nvidia/UIKA/build/robot_joint_controller', 'catkin_cmake_args': None, 'catkin_skip_building_tests': False, 'cmake_args': None, 'cmake_clean_cache': False, 'cmake_clean_first': False, 'cmake_force_configure': False, 'cmake_target': None, 'cmake_target_skip_unavailable': False, 'install_base': '/home/nvidia/UIKA/install/robot_joint_controller', 'merge_install': False, 'path': '/home/nvidia/UIKA/rl_sar-main/src/robot_joint_controller', 'symlink_install': False, 'test_result_base': None}[0m
[1.101s] [34mcolcon.colcon_core.verb[0m [1;30mLevel 5[0m set package 'rs_motor_ros2' build argument 'cmake_args' from command line to 'None'
[1.101s] [34mcolcon.colcon_core.verb[0m [1;30mLevel 5[0m set package 'rs_motor_ros2' build argument 'cmake_target' from command line to 'None'
[1.101s] [34mcolcon.colcon_core.verb[0m [1;30mLevel 5[0m set package 'rs_motor_ros2' build argument 'cmake_target_skip_unavailable' from command line to 'False'
[1.101s] [34mcolcon.colcon_core.verb[0m [1;30mLevel 5[0m set package 'rs_motor_ros2' build argument 'cmake_clean_cache' from command line to 'False'
[1.101s] [34mcolcon.colcon_core.verb[0m [1;30mLevel 5[0m set package 'rs_motor_ros2' build argument 'cmake_clean_first' from command line to 'False'
[1.101s] [34mcolcon.colcon_core.verb[0m [1;30mLevel 5[0m set package 'rs_motor_ros2' build argument 'cmake_force_configure' from command line to 'False'
[1.102s] [34mcolcon.colcon_core.verb[0m [1;30mLevel 5[0m set package 'rs_motor_ros2' build argument 'ament_cmake_args' from command line to 'None'
[1.102s] [34mcolcon.colcon_core.verb[0m [1;30mLevel 5[0m set package 'rs_motor_ros2' build argument 'catkin_cmake_args' from command line to 'None'
[1.102s] [34mcolcon.colcon_core.verb[0m [1;30mLevel 5[0m set package 'rs_motor_ros2' build argument 'catkin_skip_building_tests' from command line to 'False'
[1.102s] [34mcolcon.colcon_core.verb[0m [1;30mDEBUG[0m [32mBuilding package 'rs_motor_ros2' with the following arguments: {'ament_cmake_args': None, 'build_base': '/home/nvidia/UIKA/build/rs_motor_ros2', 'catkin_cmake_args': None, 'catkin_skip_building_tests': False, 'cmake_args': None, 'cmake_clean_cache': False, 'cmake_clean_first': False, 'cmake_force_configure': False, 'cmake_target': None, 'cmake_target_skip_unavailable': False, 'install_base': '/home/nvidia/UIKA/install/rs_motor_ros2', 'merge_install': False, 'path': '/home/nvidia/UIKA/Quadruped_Uika/src/robstride_ros_sample', 'symlink_install': False, 'test_result_base': None}[0m
[1.102s] [34mcolcon.colcon_core.verb[0m [1;30mLevel 5[0m set package 'rl_sar' build argument 'cmake_args' from command line to 'None'
[1.103s] [34mcolcon.colcon_core.verb[0m [1;30mLevel 5[0m set package 'rl_sar' build argument 'cmake_target' from command line to 'None'
[1.103s] [34mcolcon.colcon_core.verb[0m [1;30mLevel 5[0m set package 'rl_sar' build argument 'cmake_target_skip_unavailable' from command line to 'False'
[1.103s] [34mcolcon.colcon_core.verb[0m [1;30mLevel 5[0m set package 'rl_sar' build argument 'cmake_clean_cache' from command line to 'False'
[1.103s] [34mcolcon.colcon_core.verb[0m [1;30mLevel 5[0m set package 'rl_sar' build argument 'cmake_clean_first' from command line to 'False'
[1.103s] [34mcolcon.colcon_core.verb[0m [1;30mLevel 5[0m set package 'rl_sar' build argument 'cmake_force_configure' from command line to 'False'
[1.103s] [34mcolcon.colcon_core.verb[0m [1;30mLevel 5[0m set package 'rl_sar' build argument 'ament_cmake_args' from command line to 'None'
[1.103s] [34mcolcon.colcon_core.verb[0m [1;30mLevel 5[0m set package 'rl_sar' build argument 'catkin_cmake_args' from command line to 'None'
[1.103s] [34mcolcon.colcon_core.verb[0m [1;30mLevel 5[0m set package 'rl_sar' build argument 'catkin_skip_building_tests' from command line to 'False'
[1.103s] [34mcolcon.colcon_core.verb[0m [1;30mDEBUG[0m [32mBuilding package 'rl_sar' with the following arguments: {'ament_cmake_args': None, 'build_base': '/home/nvidia/UIKA/build/rl_sar', 'catkin_cmake_args': None, 'catkin_skip_building_tests': False, 'cmake_args': None, 'cmake_clean_cache': False, 'cmake_clean_first': False, 'cmake_force_configure': False, 'cmake_target': None, 'cmake_target_skip_unavailable': False, 'install_base': '/home/nvidia/UIKA/install/rl_sar', 'merge_install': False, 'path': '/home/nvidia/UIKA/rl_sar-main/src/rl_sar', 'symlink_install': False, 'test_result_base': None}[0m
[1.103s] [34mcolcon.colcon_core.executor[0m [1;30mINFO[0m Executing jobs using 'parallel' executor
[1.106s] [34mcolcon.colcon_parallel_executor.executor.parallel[0m [1;30mDEBUG[0m [32mrun_until_complete[0m
[1.107s] [34mcolcon.colcon_ros.task.ament_cmake.build[0m [1;30mINFO[0m Building ROS package in '/home/nvidia/UIKA/Quadruped_Uika/src/interfaces' with build type 'ament_cmake'
[1.108s] [34mcolcon.colcon_cmake.task.cmake.build[0m [1;30mINFO[0m Building CMake package in '/home/nvidia/UIKA/Quadruped_Uika/src/interfaces'
[1.114s] [34mcolcon.colcon_core.plugin_system[0m [1;30mINFO[0m Skipping extension 'colcon_core.shell.bat': Not used on non-Windows systems
[1.115s] [34mcolcon.colcon_core.shell[0m [1;30mINFO[0m Skip shell extension 'powershell' for command environment: Not usable outside of PowerShell
[1.115s] [34mcolcon.colcon_core.shell[0m [1;30mDEBUG[0m [32mSkip shell extension 'dsv' for command environment[0m
[1.122s] [34mcolcon.colcon_ros.task.ament_cmake.build[0m [1;30mINFO[0m Building ROS package in '/home/nvidia/UIKA/rl_sar-main/src/robot_msgs' with build type 'ament_cmake'
[1.122s] [34mcolcon.colcon_cmake.task.cmake.build[0m [1;30mINFO[0m Building CMake package in '/home/nvidia/UIKA/rl_sar-main/src/robot_msgs'
[1.123s] [34mcolcon.colcon_core.shell[0m [1;30mINFO[0m Skip shell extension 'powershell' for command environment: Not usable outside of PowerShell
[1.123s] [34mcolcon.colcon_core.shell[0m [1;30mDEBUG[0m [32mSkip shell extension 'dsv' for command environment[0m
[1.129s] [34mcolcon.colcon_ros.task.ament_cmake.build[0m [1;30mINFO[0m Building ROS package in '/home/nvidia/UIKA/rl_sar-main/src/rl_sar_zoo/a1_description' with build type 'ament_cmake'
[1.130s] [34mcolcon.colcon_cmake.task.cmake.build[0m [1;30mINFO[0m Building CMake package in '/home/nvidia/UIKA/rl_sar-main/src/rl_sar_zoo/a1_description'
[1.131s] [34mcolcon.colcon_core.shell[0m [1;30mINFO[0m Skip shell extension 'powershell' for command environment: Not usable outside of PowerShell
[1.131s] [34mcolcon.colcon_core.shell[0m [1;30mDEBUG[0m [32mSkip shell extension 'dsv' for command environment[0m
[1.136s] [34mcolcon.colcon_ros.task.ament_cmake.build[0m [1;30mINFO[0m Building ROS package in '/home/nvidia/UIKA/rl_sar-main/src/rl_sar_zoo/b2_description' with build type 'ament_cmake'
[1.137s] [34mcolcon.colcon_cmake.task.cmake.build[0m [1;30mINFO[0m Building CMake package in '/home/nvidia/UIKA/rl_sar-main/src/rl_sar_zoo/b2_description'
[1.137s] [34mcolcon.colcon_core.shell[0m [1;30mINFO[0m Skip shell extension 'powershell' for command environment: Not usable outside of PowerShell
[1.138s] [34mcolcon.colcon_core.shell[0m [1;30mDEBUG[0m [32mSkip shell extension 'dsv' for command environment[0m
[1.144s] [34mcolcon.colcon_ros.task.ament_cmake.build[0m [1;30mINFO[0m Building ROS package in '/home/nvidia/UIKA/rl_sar-main/src/rl_sar_zoo/b2w_description' with build type 'ament_cmake'
[1.144s] [34mcolcon.colcon_cmake.task.cmake.build[0m [1;30mINFO[0m Building CMake package in '/home/nvidia/UIKA/rl_sar-main/src/rl_sar_zoo/b2w_description'
[1.145s] [34mcolcon.colcon_core.shell[0m [1;30mINFO[0m Skip shell extension 'powershell' for command environment: Not usable outside of PowerShell
[1.145s] [34mcolcon.colcon_core.shell[0m [1;30mDEBUG[0m [32mSkip shell extension 'dsv' for command environment[0m
[1.150s] [34mcolcon.colcon_ros.task.ament_cmake.build[0m [1;30mINFO[0m Building ROS package in '/home/nvidia/UIKA/rl_sar-main/src/rl_sar_zoo/d1_description' with build type 'ament_cmake'
[1.151s] [34mcolcon.colcon_cmake.task.cmake.build[0m [1;30mINFO[0m Building CMake package in '/home/nvidia/UIKA/rl_sar-main/src/rl_sar_zoo/d1_description'
[1.151s] [34mcolcon.colcon_core.shell[0m [1;30mINFO[0m Skip shell extension 'powershell' for command environment: Not usable outside of PowerShell
[1.151s] [34mcolcon.colcon_core.shell[0m [1;30mDEBUG[0m [32mSkip shell extension 'dsv' for command environment[0m
[1.166s] [34mcolcon.colcon_core.event_handler.log_command[0m [1;30mDEBUG[0m [32mInvoking command in '/home/nvidia/UIKA/build/interfaces': CMAKE_PREFIX_PATH=/opt/ros/humble /usr/bin/cmake /home/nvidia/UIKA/Quadruped_Uika/src/interfaces -DCMAKE_INSTALL_PREFIX=/home/nvidia/UIKA/install/interfaces[0m
[1.172s] [34mcolcon.colcon_core.event_handler.log_command[0m [1;30mDEBUG[0m [32mInvoking command in '/home/nvidia/UIKA/build/robot_msgs': CMAKE_PREFIX_PATH=/opt/ros/humble /usr/bin/cmake /home/nvidia/UIKA/rl_sar-main/src/robot_msgs -DCMAKE_INSTALL_PREFIX=/home/nvidia/UIKA/install/robot_msgs[0m
[1.176s] [34mcolcon.colcon_core.event_handler.log_command[0m [1;30mDEBUG[0m [32mInvoking command in '/home/nvidia/UIKA/build/a1_description': CMAKE_PREFIX_PATH=/opt/ros/humble /usr/bin/cmake /home/nvidia/UIKA/rl_sar-main/src/rl_sar_zoo/a1_description -DCMAKE_INSTALL_PREFIX=/home/nvidia/UIKA/install/a1_description[0m
[1.181s] [34mcolcon.colcon_core.event_handler.log_command[0m [1;30mDEBUG[0m [32mInvoking command in '/home/nvidia/UIKA/build/b2_description': CMAKE_PREFIX_PATH=/opt/ros/humble /usr/bin/cmake /home/nvidia/UIKA/rl_sar-main/src/rl_sar_zoo/b2_description -DCMAKE_INSTALL_PREFIX=/home/nvidia/UIKA/install/b2_description[0m
[1.190s] [34mcolcon.colcon_core.event_handler.log_command[0m [1;30mDEBUG[0m [32mInvoking command in '/home/nvidia/UIKA/build/b2w_description': CMAKE_PREFIX_PATH=/opt/ros/humble /usr/bin/cmake /home/nvidia/UIKA/rl_sar-main/src/rl_sar_zoo/b2w_description -DCMAKE_INSTALL_PREFIX=/home/nvidia/UIKA/install/b2w_description[0m
[1.211s] [34mcolcon.colcon_core.event_handler.log_command[0m [1;30mDEBUG[0m [32mInvoking command in '/home/nvidia/UIKA/build/d1_description': CMAKE_PREFIX_PATH=/opt/ros/humble /usr/bin/cmake /home/nvidia/UIKA/rl_sar-main/src/rl_sar_zoo/d1_description -DCMAKE_INSTALL_PREFIX=/home/nvidia/UIKA/install/d1_description[0m
[3.091s] [34mcolcon.colcon_core.event_handler.log_command[0m [1;30mDEBUG[0m [32mInvoked command in '/home/nvidia/UIKA/build/b2_description' returned '1': CMAKE_PREFIX_PATH=/opt/ros/humble /usr/bin/cmake /home/nvidia/UIKA/rl_sar-main/src/rl_sar_zoo/b2_description -DCMAKE_INSTALL_PREFIX=/home/nvidia/UIKA/install/b2_description[0m
[3.121s] [34mcolcon.colcon_core.event_handler.log_command[0m [1;30mDEBUG[0m [32mInvoked command in '/home/nvidia/UIKA/build/b2w_description' returned '1': CMAKE_PREFIX_PATH=/opt/ros/humble /usr/bin/cmake /home/nvidia/UIKA/rl_sar-main/src/rl_sar_zoo/b2w_description -DCMAKE_INSTALL_PREFIX=/home/nvidia/UIKA/install/b2w_description[0m
[3.126s] [34mcolcon.colcon_core.event_handler.log_command[0m [1;30mDEBUG[0m [32mInvoked command in '/home/nvidia/UIKA/build/a1_description' returned '1': CMAKE_PREFIX_PATH=/opt/ros/humble /usr/bin/cmake /home/nvidia/UIKA/rl_sar-main/src/rl_sar_zoo/a1_description -DCMAKE_INSTALL_PREFIX=/home/nvidia/UIKA/install/a1_description[0m
[3.130s] [34mcolcon.colcon_core.environment[0m [1;30mLevel 1[0m create_environment_scripts_only(b2_description)
[3.139s] [34mcolcon.colcon_core.environment[0m [1;30mLevel 1[0m checking '/home/nvidia/UIKA/install/b2_description' for CMake module files
[3.143s] [34mcolcon.colcon_core.environment[0m [1;30mLevel 1[0m checking '/home/nvidia/UIKA/install/b2_description' for CMake config files
[3.144s] [34mcolcon.colcon_core.environment[0m [1;30mLevel 1[0m checking '/home/nvidia/UIKA/install/b2_description/bin'
[3.144s] [34mcolcon.colcon_core.environment[0m [1;30mLevel 1[0m checking '/home/nvidia/UIKA/install/b2_description/lib/pkgconfig/b2_description.pc'
[3.145s] [34mcolcon.colcon_core.environment[0m [1;30mLevel 1[0m checking '/home/nvidia/UIKA/install/b2_description/lib/python3.10/site-packages'
[3.146s] [34mcolcon.colcon_core.environment[0m [1;30mLevel 1[0m checking '/home/nvidia/UIKA/install/b2_description/bin'
[3.146s] [34mcolcon.colcon_core.shell[0m [1;30mINFO[0m Creating package script '/home/nvidia/UIKA/install/b2_description/share/b2_description/package.ps1'
[3.149s] [34mcolcon.colcon_core.shell[0m [1;30mINFO[0m Creating package descriptor '/home/nvidia/UIKA/install/b2_description/share/b2_description/package.dsv'
[3.150s] [34mcolcon.colcon_core.shell[0m [1;30mINFO[0m Creating package script '/home/nvidia/UIKA/install/b2_description/share/b2_description/package.sh'
[3.151s] [34mcolcon.colcon_core.shell[0m [1;30mINFO[0m Creating package script '/home/nvidia/UIKA/install/b2_description/share/b2_description/package.bash'
[3.154s] [34mcolcon.colcon_core.shell[0m [1;30mINFO[0m Creating package script '/home/nvidia/UIKA/install/b2_description/share/b2_description/package.zsh'
[3.155s] [34mcolcon.colcon_core.environment[0m [1;30mLevel 1[0m create_file_with_runtime_dependencies(/home/nvidia/UIKA/install/b2_description/share/colcon-core/packages/b2_description)
[6.405s] [34mcolcon.colcon_parallel_executor.executor.parallel[0m [1;30mDEBUG[0m [32mclosing loop[0m
[6.405s] [34mcolcon.colcon_parallel_executor.executor.parallel[0m [1;30mDEBUG[0m [32mloop closed[0m
[6.405s] [34mcolcon.colcon_parallel_executor.executor.parallel[0m [1;30mDEBUG[0m [32mrun_until_complete finished with '1'[0m
[6.406s] [34mcolcon.colcon_core.event_reactor[0m [1;30mDEBUG[0m [32mjoining thread[0m
[6.420s] [34mcolcon.colcon_core.plugin_system[0m [1;30mINFO[0m Skipping extension 'colcon_notification.desktop_notification.terminal_notifier': Not used on non-Darwin systems
[6.421s] [34mcolcon.colcon_core.plugin_system[0m [1;30mINFO[0m Skipping extension 'colcon_notification.desktop_notification.win32': Not used on non-Windows systems
[6.421s] [34mcolcon.colcon_notification.desktop_notification[0m [1;30mINFO[0m Sending desktop notification using 'notify2'
[6.446s] [34mcolcon.colcon_core.event_reactor[0m [1;30mDEBUG[0m [32mjoined thread[0m
[6.448s] [34mcolcon.colcon_core.shell[0m [1;30mINFO[0m Creating prefix script '/home/nvidia/UIKA/install/local_setup.ps1'
[6.450s] [34mcolcon.colcon_core.shell[0m [1;30mINFO[0m Creating prefix util module '/home/nvidia/UIKA/install/_local_setup_util_ps1.py'
[6.453s] [34mcolcon.colcon_core.shell[0m [1;30mINFO[0m Creating prefix chain script '/home/nvidia/UIKA/install/setup.ps1'
[6.455s] [34mcolcon.colcon_core.shell[0m [1;30mINFO[0m Creating prefix script '/home/nvidia/UIKA/install/local_setup.sh'
[6.457s] [34mcolcon.colcon_core.shell[0m [1;30mINFO[0m Creating prefix util module '/home/nvidia/UIKA/install/_local_setup_util_sh.py'
[6.458s] [34mcolcon.colcon_core.shell[0m [1;30mINFO[0m Creating prefix chain script '/home/nvidia/UIKA/install/setup.sh'
[6.460s] [34mcolcon.colcon_core.shell[0m [1;30mINFO[0m Creating prefix script '/home/nvidia/UIKA/install/local_setup.bash'
[6.461s] [34mcolcon.colcon_core.shell[0m [1;30mINFO[0m Creating prefix chain script '/home/nvidia/UIKA/install/setup.bash'
[6.463s] [34mcolcon.colcon_core.shell[0m [1;30mINFO[0m Creating prefix script '/home/nvidia/UIKA/install/local_setup.zsh'
[6.465s] [34mcolcon.colcon_core.shell[0m [1;30mINFO[0m Creating prefix chain script '/home/nvidia/UIKA/install/setup.zsh'
